{"type":"Topology","objects":{"world_gaps_patched":{"type":"GeometryCollection","geometries":[{"type":"MultiPolygon","arcs":[[[0,1,2,3,4,5,6,7,8,9,10,11,12]],[[13]],[[14]]],"properties":{"adm0_a3":"GRL","admin":"Greenland","clusterArea":279016,"parts":1}},{"type":"MultiPolygon","arcs":[[[15,16,17,18,19,20]],[[21]]],"properties":{"adm0_a3":"SWE","admin":"Sweden","clusterArea":298459,"parts":1}},{"type":"Polygon","arcs":[[22,23,24,25,26,27,28,29,-11,30,-9,31,-7,32,-5,33,-3,34,-1,35]],"properties":{"adm0_a3":"GRL","admin":"Greenland","clusterArea":315234,"parts":1}},{"type":"MultiPolygon","arcs":[[[36,37,38,39,40,-12,-30]],[[41]],[[42]]],"properties":{"adm0_a3":"GRL","admin":"Greenland","clusterArea":289797,"parts":1}},{"type":"MultiPolygon","arcs":[[[43,44,45,46,47,48,49,50,51,52,-39,53,-37,-29,54,-27,55,-25,56,-23,57]],[[58]],[[59]]],"properties":{"adm0_a3":"GRL","admin":"Greenland","clusterArea":305677,"parts":1}},{"type":"Polygon","arcs":[[60,61,62,63,64]],"properties":{"adm0_a3":"RUS","admin":"Russia","clusterArea":227305,"parts":1}},{"type":"Polygon","arcs":[[65,66,67,68,69,70,71,-40,-53,72,-51]],"properties":{"adm0_a3":"GRL","admin":"Greenland","clusterArea":259918,"parts":1}},{"type":"MultiPolygon","arcs":[[[73,74,75,76,77,78,79,80,81,82,83,84,-49,85,-47,86,87,-44,88]],[[89]]],"properties":{"adm0_a3":"GRL","admin":"Greenland","clusterArea":224097,"parts":1}},{"type":"Polygon","arcs":[[90,91,-61,92]],"properties":{"adm0_a3":"RUS","admin":"Russia","clusterArea":243211,"parts":1}},{"type":"MultiPolygon","arcs":[[[93,94,95,96,-64,97]],[[98,99]],[[100,101]]],"properties":{"adm0_a3":"RUS","admin":"Russia","clusterArea":246322,"parts":1}},{"type":"Polygon","arcs":[[102,103,104,-98,-63]],"properties":{"adm0_a3":"RUS","admin":"Russia","clusterArea":269771,"parts":1}},{"type":"Polygon","arcs":[[105,106,107,108]],"properties":{"adm0_a3":"RUS","admin":"Russia","clusterArea":246803,"parts":1}},{"type":"Polygon","arcs":[[-85,109,-83,110,111,112,113,114,115,116,-71,117,118,-68,119,-66,-50]],"properties":{"adm0_a3":"GRL","admin":"Greenland","clusterArea":236261,"parts":1}},{"type":"MultiPolygon","arcs":[[[120,121]],[[122,123]],[[124,125,126,127,-91,128]]],"properties":{"adm0_a3":"RUS","admin":"Russia","clusterArea":286047,"parts":1}},{"type":"Polygon","arcs":[[129,130,131,-106,132,-101,133,-99,134,-96]],"properties":{"adm0_a3":"RUS","admin":"Russia","clusterArea":260567,"parts":1}},{"type":"Polygon","arcs":[[135,136,-103,-62,-92,-128]],"properties":{"adm0_a3":"RUS","admin":"Russia","clusterArea":285629,"parts":1}},{"type":"MultiPolygon","arcs":[[[137,138,139,140,-123,141,-121,142]],[[143,144]],[[145,-125,146]]],"properties":{"adm0_a3":"RUS","admin":"Russia","clusterArea":247073,"parts":1}},{"type":"Polygon","arcs":[[147,148,149,150]],"properties":{"adm0_a3":"USA","admin":"United States of America","clusterArea":238879,"parts":1}},{"type":"Polygon","arcs":[[151,152,153]],"properties":{"adm0_a3":"RUS","admin":"Russia","clusterArea":258569,"parts":1}},{"type":"MultiPolygon","arcs":[[[154,155]],[[156,157,158,159]],[[160,161]]],"properties":{"adm0_a3":"CAN","admin":"Canada","clusterArea":203405,"parts":1}},{"type":"Polygon","arcs":[[162,163,164,165,166,-150]],"properties":{"adm0_a3":"CAN","admin":"Canada","clusterArea":310063,"parts":1}},{"type":"Polygon","arcs":[[167]],"properties":{"adm0_a3":"ISL","admin":"Iceland","clusterArea":103370,"parts":1}},{"type":"Polygon","arcs":[[168,169,170,171,-152,172,-108]],"properties":{"adm0_a3":"RUS","admin":"Russia","clusterArea":314730,"parts":1}},{"type":"Polygon","arcs":[[-166,173,174,175,176]],"properties":{"adm0_a3":"CAN","admin":"Canada","clusterArea":271918,"parts":1}},{"type":"MultiPolygon","arcs":[[[177,178,179,180,181,-20]],[[182,183]],[[184,185]],[[186,187]]],"properties":{"adm0_a3":"RUS","admin":"Russia","clusterArea":198222,"parts":1}},{"type":"Polygon","arcs":[[188,189,190,-94,-105]],"properties":{"adm0_a3":"RUS","admin":"Russia","clusterArea":253128,"parts":1}},{"type":"Polygon","arcs":[[191,192,193,194,-138,195,-187]],"properties":{"adm0_a3":"RUS","admin":"Russia","clusterArea":267766,"parts":1}},{"type":"Polygon","arcs":[[196,197,198,-169,-107,-132]],"properties":{"adm0_a3":"RUS","admin":"Russia","clusterArea":260197,"parts":1}},{"type":"Polygon","arcs":[[199,200,201,-130,-95,-191]],"properties":{"adm0_a3":"RUS","admin":"Russia","clusterArea":264917,"parts":1}},{"type":"Polygon","arcs":[[202,203,204,205,206,-148,207]],"properties":{"adm0_a3":"USA","admin":"United States of America","clusterArea":275732,"parts":1}},{"type":"Polygon","arcs":[[208,209,210,211,-176]],"properties":{"adm0_a3":"CAN","admin":"Canada","clusterArea":272195,"parts":1}},{"type":"Polygon","arcs":[[212,213,214,215,-16,216]],"properties":{"adm0_a3":"SWE","admin":"Sweden","clusterArea":236231,"parts":1}},{"type":"Polygon","arcs":[[217,218,-163,-149,-207]],"properties":{"adm0_a3":"USA","admin":"United States of America","clusterArea":245624,"parts":1}},{"type":"MultiPolygon","arcs":[[[219,220,-161,221,-157,222,-155,223,-211]],[[224,-159]]],"properties":{"adm0_a3":"CAN","admin":"Canada","clusterArea":243663,"parts":1}},{"type":"Polygon","arcs":[[225,226,227,228,-174,-165]],"properties":{"adm0_a3":"CAN","admin":"Canada","clusterArea":304811,"parts":1}},{"type":"Polygon","arcs":[[229,230,231,232,-126,-146,233,-144,234,-140]],"properties":{"adm0_a3":"RUS","admin":"Russia","clusterArea":312644,"parts":1}},{"type":"Polygon","arcs":[[-116,235,-114,236,-112,237,-82,238,-80,239,-78,240,-76,241,-74,242]],"properties":{"adm0_a3":"GRL","admin":"Greenland","clusterArea":252344,"parts":1}},{"type":"Polygon","arcs":[[243,244,245,-136,-127,-233]],"properties":{"adm0_a3":"RUS","admin":"Russia","clusterArea":332470,"parts":1}},{"type":"Polygon","arcs":[[246,247,248,-189,-104,-137,-246]],"properties":{"adm0_a3":"RUS","admin":"Russia","clusterArea":345131,"parts":1}},{"type":"MultiPolygon","arcs":[[[249,-215]],[[250,251,-179,252,-18,253]]],"properties":{"adm0_a3":"FIN","admin":"Finland","clusterArea":225265,"parts":1}},{"type":"Polygon","arcs":[[254,255,256,-209,-175,-229]],"properties":{"adm0_a3":"CAN","admin":"Canada","clusterArea":293399,"parts":1}},{"type":"Polygon","arcs":[[257,258,259,-230,-139,-195]],"properties":{"adm0_a3":"RUS","admin":"Russia","clusterArea":288432,"parts":1}},{"type":"Polygon","arcs":[[260,261,-197,-131,-202]],"properties":{"adm0_a3":"RUS","admin":"Russia","clusterArea":243975,"parts":1}},{"type":"Polygon","arcs":[[262,263,-153,-172]],"properties":{"adm0_a3":"RUS","admin":"Russia","clusterArea":234524,"parts":1}},{"type":"Polygon","arcs":[[264,265,266,267,-193,268,-185,269,-183]],"properties":{"adm0_a3":"RUS","admin":"Russia","clusterArea":241555,"parts":1}},{"type":"MultiPolygon","arcs":[[[270,271,-205,272]],[[273,-203]],[[274]],[[275]],[[276]]],"properties":{"adm0_a3":"USA","admin":"United States of America","clusterArea":215588,"parts":1}},{"type":"Polygon","arcs":[[277,278,279,280,-263,-171]],"properties":{"adm0_a3":"RUS","admin":"Russia","clusterArea":253282,"parts":1}},{"type":"Polygon","arcs":[[281,282,-278,-170,-199]],"properties":{"adm0_a3":"RUS","admin":"Russia","clusterArea":269664,"parts":1}},{"type":"Polygon","arcs":[[283,284,285,-258,-194,-268]],"properties":{"adm0_a3":"RUS","admin":"Russia","clusterArea":234785,"parts":1}},{"type":"Polygon","arcs":[[286,287,288,289,290,-218,-206,-272]],"properties":{"adm0_a3":"USA","admin":"United States of America","clusterArea":249080,"parts":1}},{"type":"Polygon","arcs":[[291,292,293,294,-266,295,-181,296,-251]],"properties":{"adm0_a3":"RUS","admin":"Russia","clusterArea":245039,"parts":1}},{"type":"Polygon","arcs":[[297,298,299,300,-200,-190,-249]],"properties":{"adm0_a3":"RUS","admin":"Russia","clusterArea":327415,"parts":1}},{"type":"Polygon","arcs":[[301,302,303,-261,-201,-301]],"properties":{"adm0_a3":"RUS","admin":"Russia","clusterArea":271741,"parts":1}},{"type":"Polygon","arcs":[[-213,304]],"properties":{"adm0_a3":"SWE","admin":"Sweden","clusterArea":353474,"parts":1}},{"type":"Polygon","arcs":[[305,306,-226,-164,-219,-291]],"properties":{"adm0_a3":"CAN","admin":"Canada","clusterArea":307621,"parts":1}},{"type":"Polygon","arcs":[[-304,307,308,-282,-198,-262]],"properties":{"adm0_a3":"RUS","admin":"Russia","clusterArea":250364,"parts":1}},{"type":"Polygon","arcs":[[309,310,311,312,-231,-260]],"properties":{"adm0_a3":"RUS","admin":"Russia","clusterArea":310814,"parts":1}},{"type":"Polygon","arcs":[[313,314,315,-247,-245,316]],"properties":{"adm0_a3":"RUS","admin":"Russia","clusterArea":329434,"parts":1}},{"type":"MultiPolygon","arcs":[[[317,318]],[[319,320,321,322,323,324,325]]],"properties":{"adm0_a3":"BLR","admin":"Belarus","clusterArea":259354,"parts":1}},{"type":"Polygon","arcs":[[326,327,328,-317,-244,-232,-313]],"properties":{"adm0_a3":"RUS","admin":"Russia","clusterArea":345406,"parts":1}},{"type":"Polygon","arcs":[[329,330,331,-220,-210,-257]],"properties":{"adm0_a3":"CAN","admin":"Canada","clusterArea":283842,"parts":1}},{"type":"Polygon","arcs":[[332,333,-284,-267,-295]],"properties":{"adm0_a3":"RUS","admin":"Russia","clusterArea":201597,"parts":1}},{"type":"Polygon","arcs":[[334,335,336,-310,-259,-286]],"properties":{"adm0_a3":"RUS","admin":"Russia","clusterArea":268165,"parts":1}},{"type":"Polygon","arcs":[[337,338,339]],"properties":{"adm0_a3":"CAN","admin":"Canada","clusterArea":206649,"parts":1}},{"type":"Polygon","arcs":[[340,341,342,-330,-256]],"properties":{"adm0_a3":"CAN","admin":"Canada","clusterArea":284547,"parts":1}},{"type":"Polygon","arcs":[[343,344,345,-298,-248,-316]],"properties":{"adm0_a3":"RUS","admin":"Russia","clusterArea":314316,"parts":1}},{"type":"Polygon","arcs":[[346,347,348,349,-308,-303]],"properties":{"adm0_a3":"RUS","admin":"Russia","clusterArea":273423,"parts":1}},{"type":"Polygon","arcs":[[350,351,352,-293,353,-325]],"properties":{"adm0_a3":"RUS","admin":"Russia","clusterArea":235196,"parts":1}},{"type":"Polygon","arcs":[[354,355,356,357,-333,-294,-353]],"properties":{"adm0_a3":"RUS","admin":"Russia","clusterArea":262970,"parts":1}},{"type":"Polygon","arcs":[[358,359,360,-341,-255,-228,361]],"properties":{"adm0_a3":"CAN","admin":"Canada","clusterArea":317970,"parts":1}},{"type":"Polygon","arcs":[[362,363,364,-339]],"properties":{"adm0_a3":"CAN","admin":"Canada","clusterArea":156689,"parts":1}},{"type":"Polygon","arcs":[[365,366,-335,-285,-334,-358]],"properties":{"adm0_a3":"RUS","admin":"Russia","clusterArea":238095,"parts":1}},{"type":"Polygon","arcs":[[367,368,369,-299,-346]],"properties":{"adm0_a3":"RUS","admin":"Russia","clusterArea":313057,"parts":1}},{"type":"MultiPolygon","arcs":[[[370,371,372,373,-362,-227,-307]],[[374]],[[375]],[[376]],[[377]],[[378]],[[379]],[[380]],[[381]]],"properties":{"adm0_a3":"CAN","admin":"Canada","clusterArea":340121,"parts":1}},{"type":"MultiPolygon","arcs":[[[-287,-271,382]],[[-289,383]],[[384]],[[385]],[[386]],[[387]],[[388]]],"properties":{"adm0_a3":"USA","admin":"United States of America","clusterArea":173658,"parts":1}},{"type":"Polygon","arcs":[[389,390,391,392,393,-347,-302,-300,-370]],"properties":{"adm0_a3":"RUS","admin":"Russia","clusterArea":325294,"parts":1}},{"type":"Polygon","arcs":[[394,395,396,397,-331,-343]],"properties":{"adm0_a3":"CAN","admin":"Canada","clusterArea":303660,"parts":1}},{"type":"Polygon","arcs":[[398,399,400,401,-311,-337]],"properties":{"adm0_a3":"RUS","admin":"Russia","clusterArea":283090,"parts":1}},{"type":"Polygon","arcs":[[402,403,404,-363,-338,405]],"properties":{"adm0_a3":"CAN","admin":"Canada","clusterArea":222878,"parts":1}},{"type":"Polygon","arcs":[[-280,406]],"properties":{"adm0_a3":"RUS","admin":"Russia","clusterArea":240307,"parts":1}},{"type":"Polygon","arcs":[[407,408,409,-327,-312,-402]],"properties":{"adm0_a3":"RUS","admin":"Russia","clusterArea":334990,"parts":1}},{"type":"Polygon","arcs":[[410,411,412,-314,-329]],"properties":{"adm0_a3":"RUS","admin":"Russia","clusterArea":305658,"parts":1}},{"type":"MultiPolygon","arcs":[[[413]],[[414]]],"properties":{"adm0_a3":"GBR","admin":"United Kingdom","clusterArea":270252,"parts":1}},{"type":"Polygon","arcs":[[415,416,417,-364,-405]],"properties":{"adm0_a3":"CAN","admin":"Canada","clusterArea":179909,"parts":1}},{"type":"Polygon","arcs":[[418,419,420,-344,-315,-413]],"properties":{"adm0_a3":"RUS","admin":"Russia","clusterArea":327437,"parts":1}},{"type":"Polygon","arcs":[[421,422,423,-395,-342,-361]],"properties":{"adm0_a3":"CAN","admin":"Canada","clusterArea":295710,"parts":1}},{"type":"Polygon","arcs":[[424,425,426,427]],"properties":{"adm0_a3":"DEU","admin":"Germany","clusterArea":226785,"parts":1}},{"type":"Polygon","arcs":[[428,429,430,-399,-336,-367]],"properties":{"adm0_a3":"RUS","admin":"Russia","clusterArea":254129,"parts":1}},{"type":"MultiPolygon","arcs":[[[431,-372]],[[432,433,-359,-374,434]]],"properties":{"adm0_a3":"CAN","admin":"Canada","clusterArea":332713,"parts":1}},{"type":"MultiPolygon","arcs":[[[435,436,437,438,-349]],[[439,440]]],"properties":{"adm0_a3":"RUS","admin":"Russia","clusterArea":160850,"parts":1}},{"type":"Polygon","arcs":[[441,442,443,444,445,446,-355,-352,447,-323]],"properties":{"adm0_a3":"RUS","admin":"Russia","clusterArea":207099,"parts":1}},{"type":"Polygon","arcs":[[448,449,450,-411,-328,-410]],"properties":{"adm0_a3":"RUS","admin":"Russia","clusterArea":313209,"parts":1}},{"type":"Polygon","arcs":[[451,452,453,454,-397]],"properties":{"adm0_a3":"CAN","admin":"Canada","clusterArea":309092,"parts":1}},{"type":"Polygon","arcs":[[455,456,-422,-360,-434]],"properties":{"adm0_a3":"CAN","admin":"Canada","clusterArea":305575,"parts":1}},{"type":"Polygon","arcs":[[457,458,459,-368,-345,-421]],"properties":{"adm0_a3":"RUS","admin":"Russia","clusterArea":332172,"parts":1}},{"type":"Polygon","arcs":[[460,461,-417]],"properties":{"adm0_a3":"CAN","admin":"Canada","clusterArea":220315,"parts":1}},{"type":"Polygon","arcs":[[462,463,-429,-366,-357,464]],"properties":{"adm0_a3":"RUS","admin":"Russia","clusterArea":236698,"parts":1}},{"type":"Polygon","arcs":[[465,466,467,468,-403,469]],"properties":{"adm0_a3":"CAN","admin":"Canada","clusterArea":224659,"parts":1}},{"type":"Polygon","arcs":[[470,471,472,473,474,475,-436,-348,-394]],"properties":{"adm0_a3":"RUS","admin":"Russia","clusterArea":229005,"parts":1}},{"type":"Polygon","arcs":[[476,477,-461,-416,-404,-469]],"properties":{"adm0_a3":"CAN","admin":"Canada","clusterArea":232481,"parts":1}},{"type":"Polygon","arcs":[[478,479,480,481,482,-465,-356,-447]],"properties":{"adm0_a3":"RUS","admin":"Russia","clusterArea":269072,"parts":1}},{"type":"Polygon","arcs":[[483,484,485,-452,-396,-424]],"properties":{"adm0_a3":"CAN","admin":"Canada","clusterArea":313833,"parts":1}},{"type":"Polygon","arcs":[[486,487,488,-408,-401,489]],"properties":{"adm0_a3":"KAZ","admin":"Kazakhstan","clusterArea":284744,"parts":1}},{"type":"Polygon","arcs":[[490,491,492,-320,493,-318,494,-427]],"properties":{"adm0_a3":"POL","admin":"Poland","clusterArea":269929,"parts":1}},{"type":"Polygon","arcs":[[495,496,497,-466,498,-454]],"properties":{"adm0_a3":"CAN","admin":"Canada","clusterArea":332601,"parts":1}},{"type":"Polygon","arcs":[[499,500,501,502,-443,503,-321,-493]],"properties":{"adm0_a3":"UKR","admin":"Ukraine","clusterArea":295128,"parts":1}},{"type":"Polygon","arcs":[[504,505,-484,-423,-457,506]],"properties":{"adm0_a3":"CAN","admin":"Canada","clusterArea":325360,"parts":1}},{"type":"Polygon","arcs":[[507,508,509,-425,510]],"properties":{"adm0_a3":"FRA","admin":"France","clusterArea":234130,"parts":1}},{"type":"Polygon","arcs":[[511,512,-490,-400,-431]],"properties":{"adm0_a3":"KAZ","admin":"Kazakhstan","clusterArea":239034,"parts":1}},{"type":"Polygon","arcs":[[513,514,515,-496,-453,-486]],"properties":{"adm0_a3":"CAN","admin":"Canada","clusterArea":329912,"parts":1}},{"type":"MultiPolygon","arcs":[[[516,517,-440,518,-438]],[[519]]],"properties":{"adm0_a3":"RUS","admin":"Russia","clusterArea":249248,"parts":1}},{"type":"MultiPolygon","arcs":[[[520,521,522,523,524,525,-390,-369,-460]],[[526,527,528,529]]],"properties":{"adm0_a3":"RUS","admin":"Russia","clusterArea":302901,"parts":1}},{"type":"Polygon","arcs":[[530,531,532,533,534,535,-419,-412,-451]],"properties":{"adm0_a3":"MNG","admin":"Mongolia","clusterArea":365285,"parts":1}},{"type":"Polygon","arcs":[[536,537,538,539,540,541,-480,542,-445,543,-502]],"properties":{"adm0_a3":"UKR","admin":"Ukraine","clusterArea":285216,"parts":1}},{"type":"Polygon","arcs":[[544,545,546,-449,-409,-489]],"properties":{"adm0_a3":"KAZ","admin":"Kazakhstan","clusterArea":291838,"parts":1}},{"type":"Polygon","arcs":[[547,548,549,-500,-492]],"properties":{"adm0_a3":"UKR","admin":"Ukraine","clusterArea":234341,"parts":1}},{"type":"Polygon","arcs":[[550,551,552,-458,-420,-536]],"properties":{"adm0_a3":"MNG","admin":"Mongolia","clusterArea":336692,"parts":1}},{"type":"Polygon","arcs":[[553,554,555,556,557,-472,558,-392,559,-525]],"properties":{"adm0_a3":"CHN","admin":"China","clusterArea":243169,"parts":1}},{"type":"Polygon","arcs":[[560,561,-507,-456,-433,562]],"properties":{"adm0_a3":"USA","admin":"United States of America","clusterArea":343221,"parts":1}},{"type":"Polygon","arcs":[[563,564,565,-512,-430,-464,566]],"properties":{"adm0_a3":"KAZ","admin":"Kazakhstan","clusterArea":286185,"parts":1}},{"type":"Polygon","arcs":[[567,568,569,570,-548,-491,-426,-510]],"properties":{"adm0_a3":"FRA","admin":"France","clusterArea":287504,"parts":1}},{"type":"Polygon","arcs":[[571,572,573,-567,-463,-483]],"properties":{"adm0_a3":"RUS","admin":"Russia","clusterArea":238829,"parts":1}},{"type":"Polygon","arcs":[[574,575,-508,576]],"properties":{"adm0_a3":"FRA","admin":"France","clusterArea":241755,"parts":1}},{"type":"Polygon","arcs":[[577,578,579,580,581,-517,-437,-476]],"properties":{"adm0_a3":"RUS","admin":"Russia","clusterArea":214750,"parts":1}},{"type":"Polygon","arcs":[[582,583,584,-477,-468]],"properties":{"adm0_a3":"CAN","admin":"Canada","clusterArea":232022,"parts":1}},{"type":"Polygon","arcs":[[585,586,587,588,589,590,-531,-450,-547]],"properties":{"adm0_a3":"RUS","admin":"Russia","clusterArea":276743,"parts":1}},{"type":"Polygon","arcs":[[591,-529,592,593,594,595,596,597,-555,598,-523,599,600]],"properties":{"adm0_a3":"CHN","admin":"China","clusterArea":186718,"parts":1}},{"type":"Polygon","arcs":[[601,602,603,-487,-513,-566]],"properties":{"adm0_a3":"KAZ","admin":"Kazakhstan","clusterArea":292446,"parts":1}},{"type":"Polygon","arcs":[[604,605,606,607,-594,608,-527,609,-601,610,-521,-459,-553]],"properties":{"adm0_a3":"MNG","admin":"Mongolia","clusterArea":385593,"parts":1}},{"type":"Polygon","arcs":[[611,612,613,614,615,-579,616,-474,617,-557]],"properties":{"adm0_a3":"CHN","admin":"China","clusterArea":206377,"parts":1}},{"type":"Polygon","arcs":[[618,619,620,-583,-467,-498]],"properties":{"adm0_a3":"CAN","admin":"Canada","clusterArea":316178,"parts":1}},{"type":"Polygon","arcs":[[621,622,623,-572,-482,624,-541,625]],"properties":{"adm0_a3":"RUS","admin":"Russia","clusterArea":233216,"parts":1}},{"type":"Polygon","arcs":[[626,627,628,-514,-485,-506]],"properties":{"adm0_a3":"USA","admin":"United States of America","clusterArea":340338,"parts":1}},{"type":"Polygon","arcs":[[629,630,631,-568,-509,-576]],"properties":{"adm0_a3":"ITA","admin":"Italy","clusterArea":275611,"parts":1}},{"type":"Polygon","arcs":[[632,633,634,-612,-556,-598]],"properties":{"adm0_a3":"CHN","admin":"China","clusterArea":205273,"parts":1}},{"type":"Polygon","arcs":[[635,636,637,-545,-488,-604]],"properties":{"adm0_a3":"KAZ","admin":"Kazakhstan","clusterArea":335854,"parts":1}},{"type":"Polygon","arcs":[[638,639,640,641,642,-537,-501,-550]],"properties":{"adm0_a3":"UKR","admin":"Ukraine","clusterArea":272160,"parts":1}},{"type":"Polygon","arcs":[[643,644,645,646,-639,-549,-571]],"properties":{"adm0_a3":"HUN","admin":"Hungary","clusterArea":257706,"parts":1}},{"type":"Polygon","arcs":[[647,648,649,-619,-497,-516]],"properties":{"adm0_a3":"USA","admin":"United States of America","clusterArea":309063,"parts":1}},{"type":"Polygon","arcs":[[650,651]],"properties":{"adm0_a3":"USA","admin":"United States of America","clusterArea":191067,"parts":1}},{"type":"Polygon","arcs":[[652,653,654,655,656,657,-551,-535,658,659]],"properties":{"adm0_a3":"MNG","admin":"Mongolia","clusterArea":345123,"parts":1}},{"type":"Polygon","arcs":[[660,-581,661,-615,662,663]],"properties":{"adm0_a3":"RUS","admin":"Russia","clusterArea":126981,"parts":1}},{"type":"Polygon","arcs":[[664,665,666,667,668,-602,-565,669,670,671,672]],"properties":{"adm0_a3":"UZB","admin":"Uzbekistan","clusterArea":296510,"parts":1}},{"type":"MultiPolygon","arcs":[[[673,674,675,676,677,-573,-624]],[[-673,678]],[[-671,679]]],"properties":{"adm0_a3":"RUS","admin":"Russia","clusterArea":153021,"parts":1}},{"type":"Polygon","arcs":[[680,681,682,-627,-505,-562]],"properties":{"adm0_a3":"USA","admin":"United States of America","clusterArea":339288,"parts":1}},{"type":"Polygon","arcs":[[683,684,685,-630,-575,686]],"properties":{"adm0_a3":"ESP","admin":"Spain","clusterArea":225171,"parts":1}},{"type":"Polygon","arcs":[[687,688,-681,-561,689]],"properties":{"adm0_a3":"USA","admin":"United States of America","clusterArea":353434,"parts":1}},{"type":"Polygon","arcs":[[690,691,692,693,-660,694,-533,695,-590,696]],"properties":{"adm0_a3":"CHN","admin":"China","clusterArea":275942,"parts":1}},{"type":"MultiPolygon","arcs":[[[697,698,699,-651,700,-584,-621]],[[701]]],"properties":{"adm0_a3":"USA","admin":"United States of America","clusterArea":275152,"parts":1}},{"type":"Polygon","arcs":[[702,703,704,705,-648,-515,-629]],"properties":{"adm0_a3":"USA","admin":"United States of America","clusterArea":358857,"parts":1}},{"type":"Polygon","arcs":[[706,707,-664,708,-613,-635]],"properties":{"adm0_a3":"CHN","admin":"China","clusterArea":171629,"parts":1}},{"type":"Polygon","arcs":[[709,710,711,-633,-597,712]],"properties":{"adm0_a3":"CHN","admin":"China","clusterArea":224112,"parts":1}},{"type":"Polygon","arcs":[[713,714,715,716,-698,-620,-650]],"properties":{"adm0_a3":"USA","admin":"United States of America","clusterArea":306517,"parts":1}},{"type":"MultiPolygon","arcs":[[[717,718,-569,-632,719]],[[720,-645]]],"properties":{"adm0_a3":"ITA","admin":"Italy","clusterArea":124618,"parts":1}},{"type":"Polygon","arcs":[[721,722,723,724,725,726,727,728,-605,-552,-658]],"properties":{"adm0_a3":"MNG","admin":"Mongolia","clusterArea":363502,"parts":1}},{"type":"Polygon","arcs":[[729,730,731,732,733,734,-586,-546,-638]],"properties":{"adm0_a3":"KAZ","admin":"Kazakhstan","clusterArea":325917,"parts":1}},{"type":"Polygon","arcs":[[735,736,737,-703,-628,-683]],"properties":{"adm0_a3":"USA","admin":"United States of America","clusterArea":334409,"parts":1}},{"type":"Polygon","arcs":[[738,739,-714,-649,-706]],"properties":{"adm0_a3":"USA","admin":"United States of America","clusterArea":274857,"parts":1}},{"type":"Polygon","arcs":[[740,741,742,-713,-596,743,-607,744,745]],"properties":{"adm0_a3":"CHN","admin":"China","clusterArea":266525,"parts":1}},{"type":"Polygon","arcs":[[746,747,748,749,-654,750,-693]],"properties":{"adm0_a3":"CHN","admin":"China","clusterArea":269397,"parts":1}},{"type":"Polygon","arcs":[[751,752,753,754,-699,-717]],"properties":{"adm0_a3":"USA","admin":"United States of America","clusterArea":245719,"parts":1}},{"type":"MultiPolygon","arcs":[[[755,-718]],[[756,757,758,-640,-647]]],"properties":{"adm0_a3":"GRC","admin":"Greece","clusterArea":238906,"parts":1}},{"type":"Polygon","arcs":[[759,760,761,-636,-603,-669]],"properties":{"adm0_a3":"UZB","admin":"Uzbekistan","clusterArea":284878,"parts":1}},{"type":"Polygon","arcs":[[762,763,764,-736,-682,-689,765]],"properties":{"adm0_a3":"USA","admin":"United States of America","clusterArea":338627,"parts":1}},{"type":"Polygon","arcs":[[766,767,768,-675,769,-622,770]],"properties":{"adm0_a3":"AZE","admin":"Azerbaijan","clusterArea":189128,"parts":1}},{"type":"Polygon","arcs":[[771,-684,772]],"properties":{"adm0_a3":"ESP","admin":"Spain","clusterArea":220325,"parts":1}},{"type":"Polygon","arcs":[[773,774,775,-691,776,-588,777,-734,778]],"properties":{"adm0_a3":"CHN","admin":"China","clusterArea":271699,"parts":1}},{"type":"MultiPolygon","arcs":[[[779,780,781,782,-707,-634,-712,783]],[[784,785,786]],[[787,788]]],"properties":{"adm0_a3":"CHN","admin":"China","clusterArea":190333,"parts":1}},{"type":"MultiPolygon","arcs":[[[789,790,791,792]],[[793,794,795]],[[-539,796]]],"properties":{"adm0_a3":"TUR","admin":"Turkey","clusterArea":280690,"parts":1}},{"type":"Polygon","arcs":[[797,798,799,800,-723,801,-656,802,-749]],"properties":{"adm0_a3":"CHN","admin":"China","clusterArea":265611,"parts":1}},{"type":"Polygon","arcs":[[803,-766,-688,804]],"properties":{"adm0_a3":"USA","admin":"United States of America","clusterArea":291331,"parts":1}},{"type":"MultiPolygon","arcs":[[[805,-666]],[[806,807,808,-760,-668,809]]],"properties":{"adm0_a3":"TKM","admin":"Turkmenistan","clusterArea":293794,"parts":1}},{"type":"Polygon","arcs":[[810,811,812,813,814,-730,-637,-762]],"properties":{"adm0_a3":"UZB","admin":"Uzbekistan","clusterArea":346279,"parts":1}},{"type":"Polygon","arcs":[[815,816,817,-741,818,-727,819]],"properties":{"adm0_a3":"CHN","admin":"China","clusterArea":235513,"parts":1}},{"type":"Polygon","arcs":[[820,821,-816,822,-725,823,-800]],"properties":{"adm0_a3":"CHN","admin":"China","clusterArea":251823,"parts":1}},{"type":"MultiPolygon","arcs":[[[-793,824]],[[825,-642,826,-758]]],"properties":{"adm0_a3":"TUR","admin":"Turkey","clusterArea":225053,"parts":1}},{"type":"Polygon","arcs":[[827,828,829,830,-704,-738]],"properties":{"adm0_a3":"USA","admin":"United States of America","clusterArea":319711,"parts":1}},{"type":"Polygon","arcs":[[831,832,833,834,-715,-740,835]],"properties":{"adm0_a3":"USA","admin":"United States of America","clusterArea":298573,"parts":1}},{"type":"Polygon","arcs":[[-831,836,837,-836,-739,-705]],"properties":{"adm0_a3":"USA","admin":"United States of America","clusterArea":322303,"parts":1}},{"type":"Polygon","arcs":[[838,-685,-772]],"properties":{"adm0_a3":"ESP","admin":"Spain","clusterArea":226412,"parts":1}},{"type":"Polygon","arcs":[[839,840,841,-747,-692,-776]],"properties":{"adm0_a3":"CHN","admin":"China","clusterArea":273499,"parts":1}},{"type":"MultiPolygon","arcs":[[[842,843,-752,-716,-835]],[[-754,844]]],"properties":{"adm0_a3":"USA","admin":"United States of America","clusterArea":293412,"parts":1}},{"type":"Polygon","arcs":[[845,846,847,-828,-737,-765]],"properties":{"adm0_a3":"USA","admin":"United States of America","clusterArea":336523,"parts":1}},{"type":"Polygon","arcs":[[848,849,850,851,-774,852,-732,853,-814]],"properties":{"adm0_a3":"CHN","admin":"China","clusterArea":257604,"parts":1}},{"type":"Polygon","arcs":[[854,855,-763,-804]],"properties":{"adm0_a3":"USA","admin":"United States of America","clusterArea":266988,"parts":1}},{"type":"Polygon","arcs":[[856,857,858,859,860,861,862,-811,-761,-809]],"properties":{"adm0_a3":"TKM","admin":"Turkmenistan","clusterArea":269566,"parts":1}},{"type":"Polygon","arcs":[[863,864,865,-677,866,-768,867]],"properties":{"adm0_a3":"IRN","admin":"Iran","clusterArea":236916,"parts":1}},{"type":"MultiPolygon","arcs":[[[868,869,870,871,-785,872,-710,-743]],[[-780,873]]],"properties":{"adm0_a3":"CHN","admin":"China","clusterArea":233368,"parts":1}},{"type":"MultiPolygon","arcs":[[[874]],[[875]],[[876]]],"properties":{"adm0_a3":"JPN","admin":"Japan","clusterArea":324675,"parts":1}},{"type":"Polygon","arcs":[[877,878,-869,-742,-818,879]],"properties":{"adm0_a3":"CHN","admin":"China","clusterArea":248864,"parts":1}},{"type":"Polygon","arcs":[[880,881,-868,-767,882,-791,883,-795]],"properties":{"adm0_a3":"TUR","admin":"Turkey","clusterArea":268094,"parts":1}},{"type":"Polygon","arcs":[[884,885,886,-798,-748,-842]],"properties":{"adm0_a3":"CHN","admin":"China","clusterArea":271945,"parts":1}},{"type":"Polygon","arcs":[[887,888,889,890,891,-840,-775,-852]],"properties":{"adm0_a3":"CHN","admin":"China","clusterArea":267977,"parts":1}},{"type":"MultiPolygon","arcs":[[[892,-786,-872]],[[-782,893,-788,894]],[[895]]],"properties":{"adm0_a3":"PRK","admin":"North Korea","clusterArea":148906,"parts":1}},{"type":"Polygon","arcs":[[896,897,898,899,900,-846,-764,-856]],"properties":{"adm0_a3":"USA","admin":"United States of America","clusterArea":318322,"parts":1}},{"type":"Polygon","arcs":[[901,902,903,904,905,-843,-834]],"properties":{"adm0_a3":"USA","admin":"United States of America","clusterArea":235433,"parts":1}},{"type":"Polygon","arcs":[[906,907,908,909,910,-849,-813,911,-862,912]],"properties":{"adm0_a3":"AFG","admin":"Afghanistan","clusterArea":159902,"parts":1}},{"type":"Polygon","arcs":[[913,914,915,-880,-817,-822]],"properties":{"adm0_a3":"CHN","admin":"China","clusterArea":247412,"parts":1}},{"type":"Polygon","arcs":[[916,917,918,-914,-821,-799,-887]],"properties":{"adm0_a3":"CHN","admin":"China","clusterArea":310501,"parts":1}},{"type":"Polygon","arcs":[[919,920,921,922,-829,-848]],"properties":{"adm0_a3":"USA","admin":"United States of America","clusterArea":299691,"parts":1}},{"type":"Polygon","arcs":[[923,924,925,926]],"properties":{"adm0_a3":"DZA","admin":"Algeria","clusterArea":251880,"parts":1}},{"type":"MultiPolygon","arcs":[[[927,928,-902,-833,929]],[[930,931]]],"properties":{"adm0_a3":"USA","admin":"United States of America","clusterArea":228309,"parts":1}},{"type":"Polygon","arcs":[[932,933,934,935,936,-858,937,-807,938]],"properties":{"adm0_a3":"IRN","admin":"Iran","clusterArea":242293,"parts":1}},{"type":"Polygon","arcs":[[939,940,941,942,-864,-882]],"properties":{"adm0_a3":"IRQ","admin":"Iraq","clusterArea":258603,"parts":1}},{"type":"Polygon","arcs":[[943,944,945,946,947,948,-889,949,-850,-911,950]],"properties":{"adm0_a3":"IND","admin":"India","clusterArea":351533,"parts":1}},{"type":"Polygon","arcs":[[951,952,953,-933,954,-865,-943]],"properties":{"adm0_a3":"IRN","admin":"Iran","clusterArea":244212,"parts":1}},{"type":"Polygon","arcs":[[955,956,957,958,-907,959,-860,960,-936]],"properties":{"adm0_a3":"AFG","admin":"Afghanistan","clusterArea":198844,"parts":1}},{"type":"Polygon","arcs":[[961,-931,962,-930,-832,-838,963]],"properties":{"adm0_a3":"USA","admin":"United States of America","clusterArea":273412,"parts":1}},{"type":"Polygon","arcs":[[964,965,-964,-837,-830,-923]],"properties":{"adm0_a3":"USA","admin":"United States of America","clusterArea":295408,"parts":1}},{"type":"Polygon","arcs":[[966,967,968,-885,-841,-892]],"properties":{"adm0_a3":"CHN","admin":"China","clusterArea":259292,"parts":1}},{"type":"Polygon","arcs":[[969,970,971,-924,972]],"properties":{"adm0_a3":"DZA","admin":"Algeria","clusterArea":292508,"parts":1}},{"type":"Polygon","arcs":[[973,974,-920,-847,-901]],"properties":{"adm0_a3":"MEX","admin":"Mexico","clusterArea":285554,"parts":1}},{"type":"MultiPolygon","arcs":[[[975,-903,-929]],[[976,-905]]],"properties":{"adm0_a3":"USA","admin":"United States of America","clusterArea":107741,"parts":1}},{"type":"Polygon","arcs":[[977,978,979,980,-870,-879]],"properties":{"adm0_a3":"CHN","admin":"China","clusterArea":243974,"parts":1}},{"type":"Polygon","arcs":[[981,982,983,-944,984,-909,985,-958,986,987,988]],"properties":{"adm0_a3":"PAK","admin":"Pakistan","clusterArea":301590,"parts":1}},{"type":"Polygon","arcs":[[989,990,-940,-881,-794,991]],"properties":{"adm0_a3":"SYR","admin":"Syria","clusterArea":268175,"parts":1}},{"type":"Polygon","arcs":[[992,993,994,-978,-878,-916]],"properties":{"adm0_a3":"CHN","admin":"China","clusterArea":243811,"parts":1}},{"type":"Polygon","arcs":[[995,996,997,998,-934,-954]],"properties":{"adm0_a3":"IRN","admin":"Iran","clusterArea":203976,"parts":1}},{"type":"Polygon","arcs":[[999,1000,1001,1002,-988,1003,-956,-935,-999]],"properties":{"adm0_a3":"AFG","admin":"Afghanistan","clusterArea":234542,"parts":1}},{"type":"Polygon","arcs":[[1004,1005,-970,1006]],"properties":{"adm0_a3":"MAR","admin":"Morocco","clusterArea":280490,"parts":1}},{"type":"Polygon","arcs":[[1007,1008,1009,1010,-967,-891,1011,-948,1012,1013]],"properties":{"adm0_a3":"CHN","admin":"China","clusterArea":247994,"parts":1}},{"type":"Polygon","arcs":[[1014,1015,1016,-965,-922]],"properties":{"adm0_a3":"MEX","admin":"Mexico","clusterArea":273544,"parts":1}},{"type":"Polygon","arcs":[[1017,1018,1019,1020,1021,-926]],"properties":{"adm0_a3":"LBY","admin":"Libya","clusterArea":255664,"parts":1}},{"type":"Polygon","arcs":[[1022,1023,1024,1025,-1014,1026,-946]],"properties":{"adm0_a3":"IND","admin":"India","clusterArea":268399,"parts":1}},{"type":"MultiPolygon","arcs":[[[-898,1027]],[[1028,1029,-974,-900]]],"properties":{"adm0_a3":"MEX","admin":"Mexico","clusterArea":205673,"parts":1}},{"type":"Polygon","arcs":[[1030,1031,1032,-993,-915,-919]],"properties":{"adm0_a3":"CHN","admin":"China","clusterArea":254654,"parts":1}},{"type":"Polygon","arcs":[[1033,1034,1035,1036,1037,1038,1039,-917,-886,-969]],"properties":{"adm0_a3":"CHN","admin":"China","clusterArea":316245,"parts":1}},{"type":"Polygon","arcs":[[1040,1041,1042,-980]],"properties":{"adm0_a3":"CHN","admin":"China","clusterArea":230170,"parts":1}},{"type":"Polygon","arcs":[[1043,1044,1045,-1018,-925,-972]],"properties":{"adm0_a3":"DZA","admin":"Algeria","clusterArea":258689,"parts":1}},{"type":"Polygon","arcs":[[1046,1047,1048,-1023,-945,-984]],"properties":{"adm0_a3":"IND","admin":"India","clusterArea":278421,"parts":1}},{"type":"Polygon","arcs":[[1049,1050,1051,1052,-952,-942]],"properties":{"adm0_a3":"IRQ","admin":"Iraq","clusterArea":222636,"parts":1}},{"type":"Polygon","arcs":[[1053,1054,1055,1056,1057,-1034,-968,-1011]],"properties":{"adm0_a3":"CHN","admin":"China","clusterArea":273288,"parts":1}},{"type":"Polygon","arcs":[[1058,1059,1060,1061,1062,-1031,-918,-1040]],"properties":{"adm0_a3":"CHN","admin":"China","clusterArea":251048,"parts":1}},{"type":"Polygon","arcs":[[1063,1064,1065,-1015,-921,-975,-1030]],"properties":{"adm0_a3":"MEX","admin":"Mexico","clusterArea":297094,"parts":1}},{"type":"Polygon","arcs":[[1066,1067,1068,1069,1070]],"properties":{"adm0_a3":"LBY","admin":"Libya","clusterArea":305946,"parts":1}},{"type":"Polygon","arcs":[[1071,1072,1073,1074,1075,1076,1077,-1070]],"properties":{"adm0_a3":"EGY","admin":"Egypt","clusterArea":307116,"parts":1}},{"type":"Polygon","arcs":[[1078,1079,1080,-1016,-1066]],"properties":{"adm0_a3":"MEX","admin":"Mexico","clusterArea":225173,"parts":1}},{"type":"Polygon","arcs":[[1081,1082,1083,-1005,1084]],"properties":{"adm0_a3":"DZA","admin":"Algeria","clusterArea":293536,"parts":1}},{"type":"Polygon","arcs":[[1085,1086,1087,-1044,-971,-1006,-1084],[1088]],"properties":{"adm0_a3":"DZA","admin":"Algeria","clusterArea":312022,"parts":1}},{"type":"Polygon","arcs":[[1089,1090,-996,-953,-1053]],"properties":{"adm0_a3":"IRN","admin":"Iran","clusterArea":188818,"parts":1}},{"type":"Polygon","arcs":[[1091,1092,1093,1094,-982,1095,-1002]],"properties":{"adm0_a3":"PAK","admin":"Pakistan","clusterArea":237290,"parts":1}},{"type":"Polygon","arcs":[[1096,1097,1098,-1050,-941,-991]],"properties":{"adm0_a3":"SAU","admin":"Saudi Arabia","clusterArea":260364,"parts":1}},{"type":"Polygon","arcs":[[-1077,1099,1100,-1097,-990,1101]],"properties":{"adm0_a3":"SAU","admin":"Saudi Arabia","clusterArea":250661,"parts":1}},{"type":"Polygon","arcs":[[1102,1103,1104,-1067,1105,-1021]],"properties":{"adm0_a3":"LBY","admin":"Libya","clusterArea":244360,"parts":1}},{"type":"MultiPolygon","arcs":[[[1106,1107,-997,-1091]],[[1108,1109]]],"properties":{"adm0_a3":"IRN","admin":"Iran","clusterArea":195710,"parts":1}},{"type":"Polygon","arcs":[[1110,1111,1112,1113,1114,1115,-1060,1116,-1038,1117]],"properties":{"adm0_a3":"IND","admin":"India","clusterArea":298173,"parts":1}},{"type":"Polygon","arcs":[[1118,1119,1120,-1041,-979,-995]],"properties":{"adm0_a3":"CHN","admin":"China","clusterArea":235215,"parts":1}},{"type":"Polygon","arcs":[[1121,1122,-1047,-983,-1095]],"properties":{"adm0_a3":"IND","admin":"India","clusterArea":248872,"parts":1}},{"type":"Polygon","arcs":[[1123,-1079,-1065,1124]],"properties":{"adm0_a3":"MEX","admin":"Mexico","clusterArea":227336,"parts":1}},{"type":"Polygon","arcs":[[1125,1126,1127,-1119,-994,-1033]],"properties":{"adm0_a3":"CHN","admin":"China","clusterArea":244891,"parts":1}},{"type":"Polygon","arcs":[[1128,1129,1130,1131,-1019,-1046]],"properties":{"adm0_a3":"DZA","admin":"Algeria","clusterArea":236279,"parts":1}},{"type":"Polygon","arcs":[[1132,1133,1134,1135,1136,-1126,-1032,-1063]],"properties":{"adm0_a3":"CHN","admin":"China","clusterArea":223741,"parts":1}},{"type":"MultiPolygon","arcs":[[[1137,1138,-1042,-1121]],[[1139]]],"properties":{"adm0_a3":"CHN","admin":"China","clusterArea":265113,"parts":1}},{"type":"Polygon","arcs":[[1140,1141,-1103,-1020,-1132]],"properties":{"adm0_a3":"LBY","admin":"Libya","clusterArea":207137,"parts":1}},{"type":"Polygon","arcs":[[1142,1143,1144,1145,-1055,1146,-1009,1147,-1025]],"properties":{"adm0_a3":"IND","admin":"India","clusterArea":326518,"parts":1}},{"type":"MultiPolygon","arcs":[[[1148]],[[1149]],[[1150]],[[1151]]],"properties":{"adm0_a3":"USA","admin":"United States of America","clusterArea":15435,"parts":1}},{"type":"Polygon","arcs":[[1152,1153,1154,-1111,1155,-1036,1156,-1057,1157,-1145]],"properties":{"adm0_a3":"IND","admin":"India","clusterArea":377666,"parts":1}},{"type":"Polygon","arcs":[[-1093,1158,-1000,-998,-1108,1159]],"properties":{"adm0_a3":"IRN","admin":"Iran","clusterArea":229984,"parts":1}},{"type":"Polygon","arcs":[[1160,1161,-1138,-1120,-1128]],"properties":{"adm0_a3":"CHN","admin":"China","clusterArea":243488,"parts":1}},{"type":"Polygon","arcs":[[1162,1163,-1129,-1045,-1088]],"properties":{"adm0_a3":"DZA","admin":"Algeria","clusterArea":241385,"parts":1}},{"type":"Polygon","arcs":[[1164,1165,1166,-1082,1167]],"properties":{"adm0_a3":"MAR","admin":"Morocco","clusterArea":296907,"parts":1}},{"type":"Polygon","arcs":[[1168,1169,1170,1171,-1072,-1069]],"properties":{"adm0_a3":"EGY","admin":"Egypt","clusterArea":289114,"parts":1}},{"type":"Polygon","arcs":[[1172,1173,1174,1175,1176,1177,1178,-1133,-1062,1179,-1115,1180,1181]],"properties":{"adm0_a3":"CHN","admin":"China","clusterArea":256350,"parts":1}},{"type":"Polygon","arcs":[[1182,1183,1184,1185,-1051,-1099]],"properties":{"adm0_a3":"SAU","admin":"Saudi Arabia","clusterArea":309455,"parts":1}},{"type":"MultiPolygon","arcs":[[[1186,1187,1188,-1073,-1172]],[[1189,-1075]]],"properties":{"adm0_a3":"EGY","admin":"Egypt","clusterArea":275882,"parts":1}},{"type":"Polygon","arcs":[[1190,1191,1192,-1169,-1068,-1105]],"properties":{"adm0_a3":"LBY","admin":"Libya","clusterArea":276512,"parts":1}},{"type":"Polygon","arcs":[[1193,1194,1195,-1086,-1083,-1167]],"properties":{"adm0_a3":"DZA","admin":"Algeria","clusterArea":307175,"parts":1}},{"type":"Polygon","arcs":[[1196,1197,1198,-1191,-1104,-1142]],"properties":{"adm0_a3":"LBY","admin":"Libya","clusterArea":267679,"parts":1}},{"type":"Polygon","arcs":[[1199,1200,-1183,-1098,-1101]],"properties":{"adm0_a3":"SAU","admin":"Saudi Arabia","clusterArea":299584,"parts":1}},{"type":"Polygon","arcs":[[1201,1202,1203,-1143,-1024,-1049]],"properties":{"adm0_a3":"IND","admin":"India","clusterArea":316579,"parts":1}},{"type":"Polygon","arcs":[[1204,-1202,-1048,-1123,1205]],"properties":{"adm0_a3":"IND","admin":"India","clusterArea":276792,"parts":1}},{"type":"Polygon","arcs":[[1206,1207,1208,-1163,-1087,-1196]],"properties":{"adm0_a3":"DZA","admin":"Algeria","clusterArea":282340,"parts":1}},{"type":"Polygon","arcs":[[1209,1210,1211,-1161,-1127,-1137]],"properties":{"adm0_a3":"CHN","admin":"China","clusterArea":243576,"parts":1}},{"type":"Polygon","arcs":[[1212,1213,1214,-1197,-1141,-1131]],"properties":{"adm0_a3":"NER","admin":"Niger","clusterArea":246362,"parts":1}},{"type":"Polygon","arcs":[[1215,1216,1217,-1112,-1155]],"properties":{"adm0_a3":"MMR","admin":"Myanmar","clusterArea":253359,"parts":1}},{"type":"Polygon","arcs":[[1218,1219,1220,1221]],"properties":{"adm0_a3":"MEX","admin":"Mexico","clusterArea":128493,"parts":1}},{"type":"Polygon","arcs":[[1222,1223,-1213,-1130,-1164,-1209]],"properties":{"adm0_a3":"DZA","admin":"Algeria","clusterArea":258365,"parts":1}},{"type":"Polygon","arcs":[[1224,1225,1226,1227,1228,-1185]],"properties":{"adm0_a3":"SAU","admin":"Saudi Arabia","clusterArea":311985,"parts":1}},{"type":"MultiPolygon","arcs":[[[1229,1230,1231,-1211,1232,-1135,1233,-1178,1234,1235,1236,-1174,1237,1238]],[[1239]]],"properties":{"adm0_a3":"VNM","admin":"Vietnam","clusterArea":352172,"parts":1}},{"type":"MultiPolygon","arcs":[[[1240,1241,-1239,1242,-1182,1243,-1113,-1218]],[[1244,-1236,1245,-1176]]],"properties":{"adm0_a3":"MMR","admin":"Myanmar","clusterArea":226928,"parts":1}},{"type":"Polygon","arcs":[[1246,1247,-1165,1248]],"properties":{"adm0_a3":"MRT","admin":"Mauritania","clusterArea":262631,"parts":1}},{"type":"Polygon","arcs":[[1249,1250,1251,-1194,-1166,-1248],[1252]],"properties":{"adm0_a3":"MRT","admin":"Mauritania","clusterArea":278365,"parts":1}},{"type":"Polygon","arcs":[[1253,1254,1255,-1153,-1144,-1204]],"properties":{"adm0_a3":"IND","admin":"India","clusterArea":380081,"parts":1}},{"type":"Polygon","arcs":[[1256,1257,-1109,1258,-1228]],"properties":{"adm0_a3":"OMN","admin":"Oman","clusterArea":274494,"parts":1}},{"type":"Polygon","arcs":[[1259,-1254,-1203,-1205,1260]],"properties":{"adm0_a3":"IND","admin":"India","clusterArea":297559,"parts":1}},{"type":"Polygon","arcs":[[1261,1262,1263,-1187,-1171,1264]],"properties":{"adm0_a3":"SDN","admin":"Sudan","clusterArea":287255,"parts":1}},{"type":"Polygon","arcs":[[1265,1266,1267,-1265,-1170,-1193]],"properties":{"adm0_a3":"LBY","admin":"Libya","clusterArea":286037,"parts":1}},{"type":"Polygon","arcs":[[1268,1269,1270,-1225,-1184,-1201]],"properties":{"adm0_a3":"SAU","admin":"Saudi Arabia","clusterArea":339109,"parts":1}},{"type":"MultiPolygon","arcs":[[[1271]],[[1272]]],"properties":{"adm0_a3":"CUB","admin":"Cuba","clusterArea":179902,"parts":1}},{"type":"Polygon","arcs":[[1273,1274,1275,-1188,-1264]],"properties":{"adm0_a3":"SDN","admin":"Sudan","clusterArea":276696,"parts":1}},{"type":"Polygon","arcs":[[1276,1277,-1266,-1192,-1199,1278]],"properties":{"adm0_a3":"TCD","admin":"Chad","clusterArea":282681,"parts":1}},{"type":"Polygon","arcs":[[1279,1280,-1257,-1227]],"properties":{"adm0_a3":"OMN","admin":"Oman","clusterArea":241645,"parts":1}},{"type":"Polygon","arcs":[[1281,1282,-1279,-1198,-1215]],"properties":{"adm0_a3":"NER","admin":"Niger","clusterArea":271714,"parts":1}},{"type":"Polygon","arcs":[[1283,1284,1285,-1223,-1208,1286]],"properties":{"adm0_a3":"MLI","admin":"Mali","clusterArea":292187,"parts":1}},{"type":"Polygon","arcs":[[1287,1288,1289,-1287,-1207,-1195,-1252]],"properties":{"adm0_a3":"MLI","admin":"Mali","clusterArea":303062,"parts":1}},{"type":"Polygon","arcs":[[1290,-1241,-1217,1291]],"properties":{"adm0_a3":"MMR","admin":"Myanmar","clusterArea":213311,"parts":1}},{"type":"Polygon","arcs":[[1292,1293,1294,-1080,-1124]],"properties":{"adm0_a3":"MEX","admin":"Mexico","clusterArea":245393,"parts":1}},{"type":"Polygon","arcs":[[1295,1296,1297,-1255,-1260]],"properties":{"adm0_a3":"IND","admin":"India","clusterArea":323997,"parts":1}},{"type":"Polygon","arcs":[[1298,1299,1300,-1219,1301,-1294]],"properties":{"adm0_a3":"MEX","admin":"Mexico","clusterArea":165412,"parts":1}},{"type":"Polygon","arcs":[[1302,1303,-1250,-1247,1304]],"properties":{"adm0_a3":"MRT","admin":"Mauritania","clusterArea":259517,"parts":1}},{"type":"Polygon","arcs":[[1305,1306,1307,-1282,-1214,-1224,-1286]],"properties":{"adm0_a3":"NER","admin":"Niger","clusterArea":292741,"parts":1}},{"type":"Polygon","arcs":[[1308,1309,1310,1311,-1230,-1242,-1291]],"properties":{"adm0_a3":"KHM","admin":"Cambodia","clusterArea":370281,"parts":1}},{"type":"Polygon","arcs":[[1312,1313,1314,1315,-1274,-1263]],"properties":{"adm0_a3":"SDN","admin":"Sudan","clusterArea":270997,"parts":1}},{"type":"MultiPolygon","arcs":[[[1316,1317,1318,-1275,-1316]],[[1319,1320]]],"properties":{"adm0_a3":"ERI","admin":"Eritrea","clusterArea":275552,"parts":1}},{"type":"Polygon","arcs":[[1321,-1231,-1312]],"properties":{"adm0_a3":"VNM","admin":"Vietnam","clusterArea":417905,"parts":1}},{"type":"Polygon","arcs":[[1322,1323,1324,-1313,-1262,-1268]],"properties":{"adm0_a3":"SDN","admin":"Sudan","clusterArea":303596,"parts":1}},{"type":"Polygon","arcs":[[1325,1326,1327,-1284,-1290]],"properties":{"adm0_a3":"MLI","admin":"Mali","clusterArea":262410,"parts":1}},{"type":"Polygon","arcs":[[1328,1329,1330,1331,-1288,-1251,-1304]],"properties":{"adm0_a3":"MLI","admin":"Mali","clusterArea":324898,"parts":1}},{"type":"Polygon","arcs":[[1332,1333,-1280,-1226,-1271]],"properties":{"adm0_a3":"YEM","admin":"Yemen","clusterArea":275978,"parts":1}},{"type":"Polygon","arcs":[[1334,1335,1336,-1323,-1267,-1278]],"properties":{"adm0_a3":"TCD","admin":"Chad","clusterArea":274707,"parts":1}},{"type":"MultiPolygon","arcs":[[[1337,-1297]],[[1338]]],"properties":{"adm0_a3":"IND","admin":"India","clusterArea":314018,"parts":1}},{"type":"Polygon","arcs":[[1339,-1333,-1270]],"properties":{"adm0_a3":"YEM","admin":"Yemen","clusterArea":273698,"parts":1}},{"type":"Polygon","arcs":[[1340,1341,-1310,1342]],"properties":{"adm0_a3":"THA","admin":"Thailand","clusterArea":85361,"parts":1}},{"type":"Polygon","arcs":[[1343,1344,1345,-1221,1346,-1300]],"properties":{"adm0_a3":"HND","admin":"Honduras","clusterArea":335320,"parts":1}},{"type":"Polygon","arcs":[[1347,1348,1349,-1335,-1277,-1283,-1308]],"properties":{"adm0_a3":"TCD","admin":"Chad","clusterArea":286092,"parts":1}},{"type":"Polygon","arcs":[[1350,-1329,-1303,1351]],"properties":{"adm0_a3":"SEN","admin":"Senegal","clusterArea":239770,"parts":1}},{"type":"Polygon","arcs":[[1352,1353,1354,1355,-1306,-1285,-1328]],"properties":{"adm0_a3":"NGA","admin":"Nigeria","clusterArea":307754,"parts":1}},{"type":"Polygon","arcs":[[1356,1357,-1348,-1307,-1356]],"properties":{"adm0_a3":"NGA","admin":"Nigeria","clusterArea":280634,"parts":1}},{"type":"Polygon","arcs":[[1358,1359,1360,1361,-1320,1362,-1318]],"properties":{"adm0_a3":"ETH","admin":"Ethiopia","clusterArea":282402,"parts":1}},{"type":"MultiPolygon","arcs":[[[1363,1364,1365]],[[1366]],[[1367]],[[1368]],[[1369]]],"properties":{"adm0_a3":"MYS","admin":"Malaysia","clusterArea":483914,"parts":1}},{"type":"Polygon","arcs":[[1370,1371,1372,1373,1374,-1314,-1325]],"properties":{"adm0_a3":"SDS","admin":"S. Sudan","clusterArea":279899,"parts":1}},{"type":"Polygon","arcs":[[1375,1376,1377,1378,-1326,-1289,-1332]],"properties":{"adm0_a3":"MLI","admin":"Mali","clusterArea":291047,"parts":1}},{"type":"Polygon","arcs":[[1379,1380,-1359,-1317,-1315,-1375]],"properties":{"adm0_a3":"ETH","admin":"Ethiopia","clusterArea":252200,"parts":1}},{"type":"Polygon","arcs":[[1381,1382,1383,-1371,-1324,-1337]],"properties":{"adm0_a3":"SDN","admin":"Sudan","clusterArea":271169,"parts":1}},{"type":"Polygon","arcs":[[1384,1385,-1353,-1327,-1379]],"properties":{"adm0_a3":"NGA","admin":"Nigeria","clusterArea":237937,"parts":1}},{"type":"Polygon","arcs":[[1386,-1330,-1351,1387]],"properties":{"adm0_a3":"GIN","admin":"Guinea","clusterArea":205224,"parts":1}},{"type":"Polygon","arcs":[[1388,1389,1390,-1382,-1336,-1350]],"properties":{"adm0_a3":"TCD","admin":"Chad","clusterArea":280370,"parts":1}},{"type":"Polygon","arcs":[[1391,1392,1393]],"properties":{"adm0_a3":"SOM","admin":"Somalia","clusterArea":192804,"parts":1}},{"type":"Polygon","arcs":[[1394,-1376,-1331,-1387,1395]],"properties":{"adm0_a3":"GIN","admin":"Guinea","clusterArea":252868,"parts":1}},{"type":"Polygon","arcs":[[1396,1397,1398,-1345]],"properties":{"adm0_a3":"NIC","admin":"Nicaragua","clusterArea":182063,"parts":1}},{"type":"Polygon","arcs":[[1399,1400,1401,1402,-1392,1403,-1361]],"properties":{"adm0_a3":"ETH","admin":"Ethiopia","clusterArea":270558,"parts":1}},{"type":"MultiPolygon","arcs":[[[1404,-1341]],[[1405]],[[1406]]],"properties":{"adm0_a3":"THA","admin":"Thailand","clusterArea":151694,"parts":1}},{"type":"Polygon","arcs":[[1407,1408,1409,-1372,-1384]],"properties":{"adm0_a3":"SDS","admin":"S. Sudan","clusterArea":239518,"parts":1}},{"type":"Polygon","arcs":[[1410,1411,1412,-1389,-1349,-1358]],"properties":{"adm0_a3":"CMR","admin":"Cameroon","clusterArea":288975,"parts":1}},{"type":"Polygon","arcs":[[1413,1414,-1354,-1386,1415]],"properties":{"adm0_a3":"NGA","admin":"Nigeria","clusterArea":251830,"parts":1}},{"type":"MultiPolygon","arcs":[[[1416,1417,1418]],[[1419,1420]]],"properties":{"adm0_a3":"VEN","admin":"Venezuela","clusterArea":188583,"parts":1}},{"type":"Polygon","arcs":[[1421,1422,1423,1424,1425,-1420,1426,-1418]],"properties":{"adm0_a3":"VEN","admin":"Venezuela","clusterArea":253061,"parts":1}},{"type":"MultiPolygon","arcs":[[[1427,1428]],[[1429]],[[1430]],[[1431]]],"properties":{"adm0_a3":"IDN","admin":"Indonesia","clusterArea":183381,"parts":1}},{"type":"Polygon","arcs":[[1432,1433,1434,1435,1436,-1425]],"properties":{"adm0_a3":"VEN","admin":"Venezuela","clusterArea":223052,"parts":1}},{"type":"Polygon","arcs":[[1437,1438,1439,-1400,-1360,-1381]],"properties":{"adm0_a3":"ETH","admin":"Ethiopia","clusterArea":269643,"parts":1}},{"type":"Polygon","arcs":[[1440,1441,1442,-1373,-1410]],"properties":{"adm0_a3":"SDS","admin":"S. Sudan","clusterArea":198808,"parts":1}},{"type":"Polygon","arcs":[[1443,1444,-1438,-1380,-1374,-1443]],"properties":{"adm0_a3":"SDS","admin":"S. Sudan","clusterArea":232678,"parts":1}},{"type":"Polygon","arcs":[[1445,-1416,-1385,-1378,1446]],"properties":{"adm0_a3":"GHA","admin":"Ghana","clusterArea":288683,"parts":1}},{"type":"Polygon","arcs":[[1447,1448,-1411,-1357,-1355,-1415]],"properties":{"adm0_a3":"NGA","admin":"Nigeria","clusterArea":316195,"parts":1}},{"type":"Polygon","arcs":[[1449,1450,1451,-1408,-1383,-1391]],"properties":{"adm0_a3":"CAF","admin":"Central African Republic","clusterArea":268890,"parts":1}},{"type":"Polygon","arcs":[[1452,1453,-1393,-1403]],"properties":{"adm0_a3":"SOM","admin":"Somalia","clusterArea":192812,"parts":1}},{"type":"Polygon","arcs":[[1454,-1447,-1377,-1395]],"properties":{"adm0_a3":"CIV","admin":"Ivory Coast","clusterArea":241774,"parts":1}},{"type":"Polygon","arcs":[[1455,1456,-1450,-1390,-1413]],"properties":{"adm0_a3":"CMR","admin":"Cameroon","clusterArea":252238,"parts":1}},{"type":"Polygon","arcs":[[1457,1458,1459,1460,-1401,-1440]],"properties":{"adm0_a3":"ETH","admin":"Ethiopia","clusterArea":247825,"parts":1}},{"type":"MultiPolygon","arcs":[[[1461,1462,1463,1464,-1434]],[[1465,-1436]]],"properties":{"adm0_a3":"VEN","admin":"Venezuela","clusterArea":233668,"parts":1}},{"type":"Polygon","arcs":[[1466,1467,-1453,-1402,-1461]],"properties":{"adm0_a3":"SOM","admin":"Somalia","clusterArea":222304,"parts":1}},{"type":"Polygon","arcs":[[1468,1469,1470,1471,-1441,-1409,-1452]],"properties":{"adm0_a3":"COD","admin":"Democratic Republic of the Congo","clusterArea":273781,"parts":1}},{"type":"Polygon","arcs":[[1472,1473,1474,-1422,-1417,1475,-1398]],"properties":{"adm0_a3":"COL","admin":"Colombia","clusterArea":264532,"parts":1}},{"type":"Polygon","arcs":[[1476,1477,1478,1479]],"properties":{"adm0_a3":"FRA","admin":"France","clusterArea":83805,"parts":1}},{"type":"Polygon","arcs":[[1480,1481,1482,-1462,-1433,-1424]],"properties":{"adm0_a3":"VEN","admin":"Venezuela","clusterArea":248999,"parts":1}},{"type":"Polygon","arcs":[[1483,1484,1485,1486,-1478,1487,-1464]],"properties":{"adm0_a3":"SUR","admin":"Suriname","clusterArea":242081,"parts":1}},{"type":"MultiPolygon","arcs":[[[1488,-1364,1489]],[[1490]],[[1491]]],"properties":{"adm0_a3":"IDN","admin":"Indonesia","clusterArea":252482,"parts":1}},{"type":"Polygon","arcs":[[1492,1493,1494,-1458,-1439,-1445]],"properties":{"adm0_a3":"UGA","admin":"Uganda","clusterArea":275584,"parts":1}},{"type":"Polygon","arcs":[[1495,1496,1497,-1481,-1423,-1475]],"properties":{"adm0_a3":"COL","admin":"Colombia","clusterArea":287338,"parts":1}},{"type":"Polygon","arcs":[[1498,1499,1500,-1484,-1463,-1483]],"properties":{"adm0_a3":"BRA","admin":"Brazil","clusterArea":234652,"parts":1}},{"type":"Polygon","arcs":[[1501,1502,-1493,-1444,-1442,-1472]],"properties":{"adm0_a3":"COD","admin":"Democratic Republic of the Congo","clusterArea":292559,"parts":1}},{"type":"Polygon","arcs":[[1503,1504,1505,-1496,-1474,1506]],"properties":{"adm0_a3":"COL","admin":"Colombia","clusterArea":240305,"parts":1}},{"type":"MultiPolygon","arcs":[[[1507,1508,1509,-1456,-1412,-1449]],[[1510]]],"properties":{"adm0_a3":"GAB","admin":"Gabon","clusterArea":300494,"parts":1}},{"type":"MultiPolygon","arcs":[[[1511,-1365,-1489]],[[1512]]],"properties":{"adm0_a3":"IDN","admin":"Indonesia","clusterArea":231007,"parts":1}},{"type":"Polygon","arcs":[[1513,1514,1515,-1469,-1451,-1457,-1510]],"properties":{"adm0_a3":"COG","admin":"Republic of the Congo","clusterArea":267724,"parts":1}},{"type":"Polygon","arcs":[[1516,1517,-1467,-1460,1518]],"properties":{"adm0_a3":"SOM","admin":"Somalia","clusterArea":202526,"parts":1}},{"type":"Polygon","arcs":[[1519,1520,-1519,-1459,-1495]],"properties":{"adm0_a3":"KEN","admin":"Kenya","clusterArea":226598,"parts":1}},{"type":"Polygon","arcs":[[1521,1522,1523,-1470,-1516]],"properties":{"adm0_a3":"COD","admin":"Democratic Republic of the Congo","clusterArea":236534,"parts":1}},{"type":"Polygon","arcs":[[1524,1525,1526,1527,-1520,-1494,-1503]],"properties":{"adm0_a3":"TZA","admin":"United Republic of Tanzania","clusterArea":300449,"parts":1}},{"type":"MultiPolygon","arcs":[[[1528,-1428]],[[1529]],[[1530]],[[1531]]],"properties":{"adm0_a3":"IDN","admin":"Indonesia","clusterArea":276316,"parts":1}},{"type":"MultiPolygon","arcs":[[[1532]],[[1533]],[[1534]],[[1535]],[[1536]],[[1537]],[[1538]],[[1539]],[[1540]],[[1541]],[[1542]],[[1543]],[[1544]],[[1545]],[[1546]],[[1547]],[[1548]],[[1549]],[[1550]]],"properties":{"adm0_a3":"IDN","admin":"Indonesia","clusterArea":284161,"parts":1}},{"type":"Polygon","arcs":[[1551,1552,1553,1554,-1480,1555,-1486]],"properties":{"adm0_a3":"SUR","admin":"Suriname","clusterArea":224748,"parts":1}},{"type":"Polygon","arcs":[[1556,1557,1558,1559,-1499,-1482,-1498]],"properties":{"adm0_a3":"BRA","admin":"Brazil","clusterArea":278075,"parts":1}},{"type":"Polygon","arcs":[[1560,1561,1562,-1525,-1502,-1471,-1524]],"properties":{"adm0_a3":"COD","admin":"Democratic Republic of the Congo","clusterArea":302670,"parts":1}},{"type":"Polygon","arcs":[[1563,1564,1565,-1552,-1485,-1501]],"properties":{"adm0_a3":"BRA","admin":"Brazil","clusterArea":243594,"parts":1}},{"type":"Polygon","arcs":[[1566,1567,-1514,-1509,1568]],"properties":{"adm0_a3":"GAB","admin":"Gabon","clusterArea":289083,"parts":1}},{"type":"Polygon","arcs":[[1569,1570,-1504,1571]],"properties":{"adm0_a3":"ECU","admin":"Ecuador","clusterArea":230806,"parts":1}},{"type":"Polygon","arcs":[[1572,1573,1574,-1557,-1497,-1506]],"properties":{"adm0_a3":"COL","admin":"Colombia","clusterArea":258602,"parts":1}},{"type":"MultiPolygon","arcs":[[[1575,1576]],[[1577]],[[1578]],[[1579]],[[1580]],[[1581]],[[1582]],[[1583]],[[1584]],[[1585]],[[1586]]],"properties":{"adm0_a3":"IDN","admin":"Indonesia","clusterArea":441946,"parts":1}},{"type":"Polygon","arcs":[[1587,1588,-1564,-1500,-1560]],"properties":{"adm0_a3":"BRA","admin":"Brazil","clusterArea":224929,"parts":1}},{"type":"Polygon","arcs":[[1589,1590,1591,-1522,-1515,-1568]],"properties":{"adm0_a3":"COD","admin":"Democratic Republic of the Congo","clusterArea":261936,"parts":1}},{"type":"Polygon","arcs":[[1592,1593,1594,1595]],"properties":{"adm0_a3":"BRA","admin":"Brazil","clusterArea":200999,"parts":1}},{"type":"MultiPolygon","arcs":[[[1596,1597,1598,-1517,-1521,-1528]],[[1599]]],"properties":{"adm0_a3":"TZA","admin":"United Republic of Tanzania","clusterArea":252944,"parts":1}},{"type":"Polygon","arcs":[[1600,1601,1602,-1573,-1505,-1571]],"properties":{"adm0_a3":"PER","admin":"Peru","clusterArea":251123,"parts":1}},{"type":"MultiPolygon","arcs":[[[1603]],[[1604]],[[1605]]],"properties":{"adm0_a3":"IDN","admin":"Indonesia","clusterArea":142565,"parts":1}},{"type":"Polygon","arcs":[[1606,1607,-1561,-1523,-1592]],"properties":{"adm0_a3":"COD","admin":"Democratic Republic of the Congo","clusterArea":240829,"parts":1}},{"type":"Polygon","arcs":[[1608,1609,-1597,-1527,1610]],"properties":{"adm0_a3":"TZA","admin":"United Republic of Tanzania","clusterArea":235692,"parts":1}},{"type":"Polygon","arcs":[[1611,1612,1613,-1553,-1566]],"properties":{"adm0_a3":"BRA","admin":"Brazil","clusterArea":228652,"parts":1}},{"type":"Polygon","arcs":[[1614,1615,-1593,1616,-1554,-1614]],"properties":{"adm0_a3":"BRA","admin":"Brazil","clusterArea":214933,"parts":1}},{"type":"Polygon","arcs":[[1617,1618,1619,-1558,-1575]],"properties":{"adm0_a3":"BRA","admin":"Brazil","clusterArea":229495,"parts":1}},{"type":"Polygon","arcs":[[1620,1621,1622,-1611,-1526,-1563]],"properties":{"adm0_a3":"COD","admin":"Democratic Republic of the Congo","clusterArea":254366,"parts":1}},{"type":"MultiPolygon","arcs":[[[1623,1624,1625,1626,1627,-1576]],[[1628]]],"properties":{"adm0_a3":"PNG","admin":"Papua New Guinea","clusterArea":274479,"parts":1}},{"type":"MultiPolygon","arcs":[[[1629,-1625]],[[1626,-1627,1630]],[[1631]],[[1632]],[[1633]],[[1634]],[[1635]]],"properties":{"adm0_a3":"PNG","admin":"Papua New Guinea","clusterArea":182432,"parts":1}},{"type":"Polygon","arcs":[[1636,1637,1638,-1588,-1559,-1620]],"properties":{"adm0_a3":"BRA","admin":"Brazil","clusterArea":238506,"parts":1}},{"type":"Polygon","arcs":[[1639,1640,1641,1642,1643,-1595]],"properties":{"adm0_a3":"BRA","admin":"Brazil","clusterArea":210434,"parts":1}},{"type":"Polygon","arcs":[[1644,-1601,-1570,1645]],"properties":{"adm0_a3":"PER","admin":"Peru","clusterArea":233153,"parts":1}},{"type":"Polygon","arcs":[[1646,1647,1648,-1643]],"properties":{"adm0_a3":"BRA","admin":"Brazil","clusterArea":201561,"parts":1}},{"type":"Polygon","arcs":[[1649,1650,1651,-1590,-1567]],"properties":{"adm0_a3":"COD","admin":"Democratic Republic of the Congo","clusterArea":245960,"parts":1}},{"type":"Polygon","arcs":[[1652,1653,1654,-1621,-1562,-1608]],"properties":{"adm0_a3":"COD","admin":"Democratic Republic of the Congo","clusterArea":247393,"parts":1}},{"type":"Polygon","arcs":[[1655,1656,1657,-1612,-1565,-1589,-1639]],"properties":{"adm0_a3":"BRA","admin":"Brazil","clusterArea":277067,"parts":1}},{"type":"Polygon","arcs":[[1658,1659,1660,1661,-1618,-1574,-1603]],"properties":{"adm0_a3":"BRA","admin":"Brazil","clusterArea":261427,"parts":1}},{"type":"Polygon","arcs":[[1662,1663,1664,-1653,-1607,-1591,-1652]],"properties":{"adm0_a3":"AGO","admin":"Angola","clusterArea":271843,"parts":1}},{"type":"Polygon","arcs":[[1665,1666,1667,-1648]],"properties":{"adm0_a3":"BRA","admin":"Brazil","clusterArea":202245,"parts":1}},{"type":"Polygon","arcs":[[1668,1669,1670,-1598,-1610]],"properties":{"adm0_a3":"TZA","admin":"United Republic of Tanzania","clusterArea":262827,"parts":1}},{"type":"Polygon","arcs":[[1671,1672,1673,1674,-1640,-1594,-1616]],"properties":{"adm0_a3":"BRA","admin":"Brazil","clusterArea":239361,"parts":1}},{"type":"Polygon","arcs":[[1675,1676,1677,-1669,-1609,-1623]],"properties":{"adm0_a3":"ZMB","admin":"Zambia","clusterArea":245691,"parts":1}},{"type":"Polygon","arcs":[[1678,1679,-1672,-1615,-1613,-1658]],"properties":{"adm0_a3":"BRA","admin":"Brazil","clusterArea":259914,"parts":1}},{"type":"Polygon","arcs":[[1680,1681,1682,-1676,-1622,-1655]],"properties":{"adm0_a3":"COD","admin":"Democratic Republic of the Congo","clusterArea":273260,"parts":1}},{"type":"Polygon","arcs":[[1683,1684,1685,-1637,-1619,-1662]],"properties":{"adm0_a3":"BRA","admin":"Brazil","clusterArea":242179,"parts":1}},{"type":"Polygon","arcs":[[1686,1687,-1666,-1647,-1642,1688]],"properties":{"adm0_a3":"BRA","admin":"Brazil","clusterArea":192754,"parts":1}},{"type":"Polygon","arcs":[[1689,1690,-1659,-1602,-1645]],"properties":{"adm0_a3":"PER","admin":"Peru","clusterArea":273711,"parts":1}},{"type":"Polygon","arcs":[[1691,1692,1693,-1681,-1654,-1665]],"properties":{"adm0_a3":"COD","admin":"Democratic Republic of the Congo","clusterArea":242792,"parts":1}},{"type":"Polygon","arcs":[[1694,1695,-1689,-1641,-1675]],"properties":{"adm0_a3":"BRA","admin":"Brazil","clusterArea":192456,"parts":1}},{"type":"Polygon","arcs":[[1696,1697,-1663,-1651,1698]],"properties":{"adm0_a3":"AGO","admin":"Angola","clusterArea":236171,"parts":1}},{"type":"Polygon","arcs":[[1699,1700,1701,-1656,-1638,-1686]],"properties":{"adm0_a3":"BRA","admin":"Brazil","clusterArea":260029,"parts":1}},{"type":"Polygon","arcs":[[1702,1703,1704,-1692,-1664,-1698]],"properties":{"adm0_a3":"AGO","admin":"Angola","clusterArea":270306,"parts":1}},{"type":"Polygon","arcs":[[1705,1706,1707,-1667,-1688]],"properties":{"adm0_a3":"BRA","admin":"Brazil","clusterArea":154328,"parts":1}},{"type":"Polygon","arcs":[[1708,1709,1710,-1679,-1657,-1702]],"properties":{"adm0_a3":"BRA","admin":"Brazil","clusterArea":267301,"parts":1}},{"type":"Polygon","arcs":[[1711,1712,1713,-1684,-1661]],"properties":{"adm0_a3":"PER","admin":"Peru","clusterArea":247407,"parts":1}},{"type":"Polygon","arcs":[[1714,1715,1716,-1670,-1678]],"properties":{"adm0_a3":"MOZ","admin":"Mozambique","clusterArea":313790,"parts":1}},{"type":"MultiPolygon","arcs":[[[1717,1718,1719]],[[1720]],[[1721]],[[1722]]],"properties":{"adm0_a3":"AUS","admin":"Australia","clusterArea":261260,"parts":1}},{"type":"Polygon","arcs":[[1723,1724,-1695,-1674,1725]],"properties":{"adm0_a3":"BRA","admin":"Brazil","clusterArea":219306,"parts":1}},{"type":"Polygon","arcs":[[1726,1727]],"properties":{"adm0_a3":"AUS","admin":"Australia","clusterArea":150722,"parts":1}},{"type":"Polygon","arcs":[[1728,1729,-1715,-1677,-1683]],"properties":{"adm0_a3":"MOZ","admin":"Mozambique","clusterArea":217570,"parts":1}},{"type":"Polygon","arcs":[[1730,1731,1732,1733,-1693,-1705]],"properties":{"adm0_a3":"ZMB","admin":"Zambia","clusterArea":252677,"parts":1}},{"type":"Polygon","arcs":[[1734,1735,-1712,-1660,-1691]],"properties":{"adm0_a3":"PER","admin":"Peru","clusterArea":276473,"parts":1}},{"type":"Polygon","arcs":[[1736,1737,1738,-1726,-1673,-1680,-1711]],"properties":{"adm0_a3":"BRA","admin":"Brazil","clusterArea":275077,"parts":1}},{"type":"Polygon","arcs":[[1739,1740,1741,-1729,-1682,-1694,-1734]],"properties":{"adm0_a3":"ZMB","admin":"Zambia","clusterArea":246959,"parts":1}},{"type":"MultiPolygon","arcs":[[[1742,1743]],[[1744]]],"properties":{"adm0_a3":"MDG","admin":"Madagascar","clusterArea":312879,"parts":1}},{"type":"Polygon","arcs":[[1745,1746,1747,-1706,-1687,-1696,-1725]],"properties":{"adm0_a3":"BRA","admin":"Brazil","clusterArea":226696,"parts":1}},{"type":"Polygon","arcs":[[1748,1749,1750,1751]],"properties":{"adm0_a3":"AUS","admin":"Australia","clusterArea":251878,"parts":1}},{"type":"Polygon","arcs":[[1752,1753,1754,-1700,-1685,-1714]],"properties":{"adm0_a3":"BOL","admin":"Bolivia","clusterArea":266370,"parts":1}},{"type":"Polygon","arcs":[[1755,1756,-1703,-1697,1757]],"properties":{"adm0_a3":"NAM","admin":"Namibia","clusterArea":299411,"parts":1}},{"type":"Polygon","arcs":[[1758,1759,-1707,-1748]],"properties":{"adm0_a3":"BRA","admin":"Brazil","clusterArea":181089,"parts":1}},{"type":"Polygon","arcs":[[1760,1761,1762,-1716,-1730,-1742]],"properties":{"adm0_a3":"MOZ","admin":"Mozambique","clusterArea":251234,"parts":1}},{"type":"Polygon","arcs":[[1763,1764,1765,-1718,1766,-1751]],"properties":{"adm0_a3":"AUS","admin":"Australia","clusterArea":255875,"parts":1}},{"type":"MultiPolygon","arcs":[[[1767,1768,1769,1770,-1719,-1766]],[[1771]]],"properties":{"adm0_a3":"AUS","admin":"Australia","clusterArea":282676,"parts":1}},{"type":"Polygon","arcs":[[1772,1773,-1731,-1704,-1757]],"properties":{"adm0_a3":"NAM","admin":"Namibia","clusterArea":243987,"parts":1}},{"type":"MultiPolygon","arcs":[[[1774,1775,1776,-1727,1777,-1770]],[[1778,1779]]],"properties":{"adm0_a3":"AUS","admin":"Australia","clusterArea":242305,"parts":1}},{"type":"Polygon","arcs":[[1780,1781,1782,-1737,-1710]],"properties":{"adm0_a3":"BRA","admin":"Brazil","clusterArea":247902,"parts":1}},{"type":"Polygon","arcs":[[1783,1784,-1781,-1709,-1701,-1755]],"properties":{"adm0_a3":"BOL","admin":"Bolivia","clusterArea":266181,"parts":1}},{"type":"Polygon","arcs":[[1785,1786,1787,-1753,-1713,-1736]],"properties":{"adm0_a3":"BOL","admin":"Bolivia","clusterArea":295747,"parts":1}},{"type":"Polygon","arcs":[[1788,1789,1790,-1740,-1733]],"properties":{"adm0_a3":"BWA","admin":"Botswana","clusterArea":216671,"parts":1}},{"type":"Polygon","arcs":[[1791,1792,1793,-1761,-1741,-1791]],"properties":{"adm0_a3":"ZWE","admin":"Zimbabwe","clusterArea":246332,"parts":1}},{"type":"Polygon","arcs":[[1794,1795,1796,1797,-1746,-1724,-1739]],"properties":{"adm0_a3":"BRA","admin":"Brazil","clusterArea":268569,"parts":1}},{"type":"Polygon","arcs":[[1798,1799,1800,-1789,-1732,-1774]],"properties":{"adm0_a3":"BWA","admin":"Botswana","clusterArea":222514,"parts":1}},{"type":"Polygon","arcs":[[1801,1802,1803,-1799,-1773,-1756]],"properties":{"adm0_a3":"NAM","admin":"Namibia","clusterArea":264589,"parts":1}},{"type":"Polygon","arcs":[[1804,1805,1806,-1749,1807]],"properties":{"adm0_a3":"AUS","admin":"Australia","clusterArea":238009,"parts":1}},{"type":"Polygon","arcs":[[1808,1809,1810,1811,-1779,1812,-1776]],"properties":{"adm0_a3":"AUS","admin":"Australia","clusterArea":240201,"parts":1}},{"type":"Polygon","arcs":[[1813,1814,-1762,-1794]],"properties":{"adm0_a3":"MOZ","admin":"Mozambique","clusterArea":229211,"parts":1}},{"type":"Polygon","arcs":[[1815,1816,1817,1818,-1768,-1765]],"properties":{"adm0_a3":"AUS","admin":"Australia","clusterArea":270006,"parts":1}},{"type":"Polygon","arcs":[[1819,1820,-1759,-1747,-1798]],"properties":{"adm0_a3":"BRA","admin":"Brazil","clusterArea":219505,"parts":1}},{"type":"Polygon","arcs":[[1821,1822,1823,-1795,-1738,-1783]],"properties":{"adm0_a3":"BRA","admin":"Brazil","clusterArea":278790,"parts":1}},{"type":"Polygon","arcs":[[1824,1825,1826,-1784,-1754,-1788]],"properties":{"adm0_a3":"BOL","admin":"Bolivia","clusterArea":305912,"parts":1}},{"type":"Polygon","arcs":[[1827,1828,-1816,-1764,-1750,-1807]],"properties":{"adm0_a3":"AUS","admin":"Australia","clusterArea":258132,"parts":1}},{"type":"Polygon","arcs":[[1829,1830,1831,-1805,1832]],"properties":{"adm0_a3":"AUS","admin":"Australia","clusterArea":244096,"parts":1}},{"type":"Polygon","arcs":[[1833,1834,1835,-1809,-1775,-1769,-1819]],"properties":{"adm0_a3":"AUS","admin":"Australia","clusterArea":285285,"parts":1}},{"type":"Polygon","arcs":[[1836,1837,1838,-1811]],"properties":{"adm0_a3":"AUS","admin":"Australia","clusterArea":219238,"parts":1}},{"type":"Polygon","arcs":[[1839,1840,1841,-1792,-1790,-1801]],"properties":{"adm0_a3":"ZAF","admin":"South Africa","clusterArea":233755,"parts":1}},{"type":"Polygon","arcs":[[1842,-1830,1843]],"properties":{"adm0_a3":"AUS","admin":"Australia","clusterArea":215821,"parts":1}},{"type":"Polygon","arcs":[[1844,1845,-1822,-1782,-1785,-1827]],"properties":{"adm0_a3":"PRY","admin":"Paraguay","clusterArea":296418,"parts":1}},{"type":"Polygon","arcs":[[1846,1847,-1840,-1800,-1804]],"properties":{"adm0_a3":"BWA","admin":"Botswana","clusterArea":201819,"parts":1}},{"type":"MultiPolygon","arcs":[[[-1743,1848]],[[1849]]],"properties":{"adm0_a3":"MDG","admin":"Madagascar","clusterArea":293093,"parts":1}},{"type":"Polygon","arcs":[[1850,1851,-1834,-1818,1852]],"properties":{"adm0_a3":"AUS","admin":"Australia","clusterArea":252215,"parts":1}},{"type":"Polygon","arcs":[[1853,1854,-1820,-1797]],"properties":{"adm0_a3":"BRA","admin":"Brazil","clusterArea":226557,"parts":1}},{"type":"Polygon","arcs":[[1855,1856,1857,-1814,-1793,-1842]],"properties":{"adm0_a3":"ZAF","admin":"South Africa","clusterArea":263813,"parts":1}},{"type":"Polygon","arcs":[[1858,1859,-1853,-1817,-1829,1860]],"properties":{"adm0_a3":"AUS","admin":"Australia","clusterArea":273539,"parts":1}},{"type":"Polygon","arcs":[[1861,1862,1863,-1861,-1828,-1806,-1832]],"properties":{"adm0_a3":"AUS","admin":"Australia","clusterArea":295811,"parts":1}},{"type":"Polygon","arcs":[[1864,1865,1866,-1854,-1796,-1824]],"properties":{"adm0_a3":"BRA","admin":"Brazil","clusterArea":284544,"parts":1}},{"type":"Polygon","arcs":[[1867,1868,1869,-1837,-1810,-1836]],"properties":{"adm0_a3":"AUS","admin":"Australia","clusterArea":288538,"parts":1}},{"type":"Polygon","arcs":[[1870,1871,1872,-1847,-1803]],"properties":{"adm0_a3":"NAM","admin":"Namibia","clusterArea":256081,"parts":1}},{"type":"Polygon","arcs":[[1873,1874,-1865,-1823,-1846,1875]],"properties":{"adm0_a3":"BRA","admin":"Brazil","clusterArea":283857,"parts":1}},{"type":"MultiPolygon","arcs":[[[1876,1877,1878,-1838,-1870]],[[1879]]],"properties":{"adm0_a3":"AUS","admin":"Australia","clusterArea":266994,"parts":1}},{"type":"Polygon","arcs":[[1880,1881,-1876,-1845,-1826,1882]],"properties":{"adm0_a3":"ARG","admin":"Argentina","clusterArea":326933,"parts":1}},{"type":"Polygon","arcs":[[1883,1884,-1856,-1841,-1848,-1873]],"properties":{"adm0_a3":"ZAF","admin":"South Africa","clusterArea":197090,"parts":1}},{"type":"Polygon","arcs":[[1885,1886,1887,-1868,-1835,-1852]],"properties":{"adm0_a3":"AUS","admin":"Australia","clusterArea":273751,"parts":1}},{"type":"Polygon","arcs":[[1888,1889,-1862,-1831,-1843,1890]],"properties":{"adm0_a3":"AUS","admin":"Australia","clusterArea":266011,"parts":1}},{"type":"Polygon","arcs":[[1891,1892,1893,-1859,-1864]],"properties":{"adm0_a3":"AUS","admin":"Australia","clusterArea":254899,"parts":1}},{"type":"Polygon","arcs":[[1894,1895,-1883,-1825,-1787,1896]],"properties":{"adm0_a3":"CHL","admin":"Chile","clusterArea":372870,"parts":1}},{"type":"Polygon","arcs":[[1897,1898,-1886,-1851,-1860,-1894]],"properties":{"adm0_a3":"AUS","admin":"Australia","clusterArea":280085,"parts":1}},{"type":"Polygon","arcs":[[1899,1900,1901,1902,-1877,-1869,-1888]],"properties":{"adm0_a3":"AUS","admin":"Australia","clusterArea":286298,"parts":1}},{"type":"Polygon","arcs":[[1903,1904,1905,-1874,-1882]],"properties":{"adm0_a3":"ARG","admin":"Argentina","clusterArea":280808,"parts":1}},{"type":"Polygon","arcs":[[1906,1907,-1857,-1885]],"properties":{"adm0_a3":"ZAF","admin":"South Africa","clusterArea":233677,"parts":1}},{"type":"Polygon","arcs":[[1908,1909,-1892,-1863,-1890]],"properties":{"adm0_a3":"AUS","admin":"Australia","clusterArea":257520,"parts":1}},{"type":"Polygon","arcs":[[-1906,1910,1911,1912,1913,-1866,-1875]],"properties":{"adm0_a3":"BRA","admin":"Brazil","clusterArea":299697,"parts":1}},{"type":"Polygon","arcs":[[1914,-1907,-1884,-1872]],"properties":{"adm0_a3":"ZAF","admin":"South Africa","clusterArea":265367,"parts":1}},{"type":"Polygon","arcs":[[1915,1916,-1878,-1903]],"properties":{"adm0_a3":"AUS","admin":"Australia","clusterArea":251203,"parts":1}},{"type":"Polygon","arcs":[[-1909,-1889,1917]],"properties":{"adm0_a3":"AUS","admin":"Australia","clusterArea":221488,"parts":1}},{"type":"MultiPolygon","arcs":[[[1918,-1900,-1887,-1899,1919]],[[1920]]],"properties":{"adm0_a3":"AUS","admin":"Australia","clusterArea":258949,"parts":1}},{"type":"Polygon","arcs":[[1921,1922,1923,-1904,-1881,-1896,1924]],"properties":{"adm0_a3":"ARG","admin":"Argentina","clusterArea":361821,"parts":1}},{"type":"Polygon","arcs":[[1925,1926,-1925,-1895,1927]],"properties":{"adm0_a3":"ARG","admin":"Argentina","clusterArea":360956,"parts":1}},{"type":"MultiPolygon","arcs":[[[1928,1929,-1901,-1919]],[[1930]]],"properties":{"adm0_a3":"AUS","admin":"Australia","clusterArea":250297,"parts":1}},{"type":"MultiPolygon","arcs":[[[1931,1932,1933,1934,-1911,-1905,-1924]],[[-1913,1935]]],"properties":{"adm0_a3":"URY","admin":"Uruguay","clusterArea":310846,"parts":1}},{"type":"MultiPolygon","arcs":[[[1936,1937,-1932,-1923]],[[-1934,1938]]],"properties":{"adm0_a3":"ARG","admin":"Argentina","clusterArea":329746,"parts":1}},{"type":"MultiPolygon","arcs":[[[-1930,1939,-1916,-1902]],[[1940]],[[1941]]],"properties":{"adm0_a3":"AUS","admin":"Australia","clusterArea":316485,"parts":1}},{"type":"Polygon","arcs":[[1942,1943,-1926,1944]],"properties":{"adm0_a3":"ARG","admin":"Argentina","clusterArea":328820,"parts":1}},{"type":"MultiPolygon","arcs":[[[1945]],[[1946]]],"properties":{"adm0_a3":"NZL","admin":"New Zealand","clusterArea":256982,"parts":1}},{"type":"MultiPolygon","arcs":[[[1947,1948,-1937,-1922,-1927,-1944]],[[1949,1950]]],"properties":{"adm0_a3":"ARG","admin":"Argentina","clusterArea":334046,"parts":1}},{"type":"Polygon","arcs":[[1951,1952,-1950,1953,-1948,-1943,1954]],"properties":{"adm0_a3":"ARG","admin":"Argentina","clusterArea":411295,"parts":1}},{"type":"Polygon","arcs":[[-1952,1955]],"properties":{"adm0_a3":"ARG","admin":"Argentina","clusterArea":388230,"parts":1}}]}},"arcs":[[[96607,296418],[166,-59],[309,-113],[306,-114],[301,-114],[298,-115],[293,-116],[290,-116],[287,-117],[282,-117],[279,-118],[276,-119],[272,-119],[268,-120],[265,-120],[262,-121],[258,-121],[255,-122],[252,-122]],[[101526,294355],[495,-246]],[[102021,294109],[242,-124],[240,-124],[237,-125],[233,-125],[231,-125],[228,-126],[225,-126],[223,-127],[219,-127],[217,-128],[215,-128],[212,-128],[209,-129],[207,-129],[204,-129],[202,-130],[199,-130],[197,-131],[195,-130],[193,-132],[190,-131],[188,-132],[186,-132],[184,-132],[181,-133],[180,-133],[177,-133],[176,-134]],[[107811,290496],[345,-268]],[[108156,290228],[169,-134]],[[108325,290094],[334,-269]],[[108659,289825],[164,-136],[162,-135],[160,-136]],[[109145,289418],[316,-272]],[[109461,289146],[155,-136],[153,-137],[152,-137]],[[109921,288736],[299,-274]],[[110220,288462],[147,-137],[145,-138],[144,-138],[142,-138],[141,-138],[140,-139]],[[111079,287634],[282,47],[283,46],[284,46],[285,44],[286,44],[287,43],[288,42],[289,41],[289,41],[291,39],[291,39],[293,37],[293,37],[294,36],[295,35],[295,35],[297,33],[297,32],[298,32],[298,30],[300,30],[300,29],[300,28],[302,27],[302,26],[302,25],[303,24],[304,24],[304,22],[305,22],[305,20],[306,20],[307,18],[306,18],[307,17],[308,16],[308,15],[308,14],[309,13],[309,12],[309,11],[309,10],[310,9],[310,8],[310,8],[310,6],[311,5],[310,5],[311,3],[311,3],[311,1],[311,1],[310,-1],[311,-1],[311,-2],[311,-3],[311,-5],[310,-5],[106,-2]],[[128682,288884],[-42,253],[657,98],[11,-8],[229,44],[4,103],[2,101],[6,103],[3,103],[207,-15],[208,-8],[203,121],[98,88],[96,101],[18,245],[-133,82],[-131,116],[-273,73],[304,701],[-886,245],[-16,18],[-134,24],[810,918],[1162,-186],[29,-23],[175,-8],[303,0],[303,47],[306,-29],[154,29],[149,82],[561,402],[-274,114],[-79,54],[-119,41],[-118,70],[-114,90],[-244,18],[-247,8],[-249,28],[-248,-46],[-122,-75],[-117,-113],[-119,51],[-56,67],[-28,60],[71,-3],[328,-10],[159,113],[32,29],[456,67],[997,-21],[53,-54],[353,46],[85,140],[871,152],[50,126],[20,75],[9,85],[189,-54],[92,-67],[83,-132],[185,111],[192,-10],[87,90],[93,57],[185,85],[74,150],[86,103],[81,121],[76,139],[198,39],[193,90],[91,106],[41,65],[242,139],[-29,106],[-41,77],[-93,98],[-80,150],[-88,113],[-586,139],[-32,29],[-94,121],[-45,70],[-40,90],[-408,-28],[-409,-42],[-274,78],[-275,-18],[-137,-54],[-412,2],[-1087,-142],[28,-240],[-595,-492],[-229,56],[-28,-12],[-359,61],[-50,70],[-224,121],[-108,-111],[-21,-10],[-528,88],[-14,13],[-228,28],[-119,178],[-1039,-585],[-16,-6],[-211,-113],[-215,-70],[-81,-106],[-124,-69],[-196,18],[-121,-62],[-457,-62],[128,116],[104,16],[237,2],[48,101],[56,62],[118,75],[40,118],[46,96],[46,103],[42,108],[55,126],[19,78],[124,351],[-37,95],[-28,111],[-89,137],[-38,93],[-29,111],[-90,134],[-544,-49],[-183,38],[-242,-74],[-570,-52],[-50,-261],[-31,-100],[-15,-137],[-1042,-320],[-239,47],[-122,23],[-32,39],[72,64],[170,124],[74,446],[-175,36],[-84,70],[-78,100],[-347,-5],[-80,-90],[-58,-62],[-1248,78],[-272,51],[-340,-15],[-2592,-426],[-191,-15],[-184,134],[-184,-122],[-189,-61],[-77,273],[1560,271],[79,116],[3672,219],[108,-67],[165,70],[13,15],[1127,67],[1236,134],[13,8],[246,-28],[115,124],[125,15],[109,150],[116,90],[50,95],[37,36],[143,88],[-55,85],[-48,98],[-119,106],[-246,80],[-244,-18],[-245,23],[-106,41],[-936,88],[-933,351],[-276,260],[-17,29],[-101,80],[-1845,-232],[-859,49],[-62,36],[-87,85],[-80,67],[2201,82],[186,49],[69,91],[109,62],[-274,129],[-232,-52],[-69,10],[-110,104],[-60,92],[-57,104],[-275,121],[-137,-54],[-128,-137],[-108,-93],[-268,41],[-18,21],[-119,124],[-127,62],[-120,118],[-254,98],[-113,-152],[-122,-100],[-59,-26],[-1610,250],[-1571,70],[-928,-83],[-183,44],[-174,129],[-185,8],[-89,62],[-85,95],[-83,-103],[-84,-98],[-79,-132],[-87,-77],[-371,-54],[-322,33],[-38,-33],[-916,0],[-1663,-248],[-145,-369],[260,-106],[264,0],[4,0],[-58,-74],[-203,-8],[-196,-49],[-194,-67],[-92,-103],[-92,-85],[-187,-145],[-521,26],[-12,2],[-267,19],[-267,5],[-621,312],[-43,54],[-233,85],[-1106,41],[-228,114],[-230,-21],[-233,-72],[-59,-67],[-1053,-65],[-1081,-216],[5,-49],[6,-150],[17,-139],[6,-39],[1466,-80],[58,-67],[67,-80],[20,-38],[-10,-3],[-388,5],[-299,-33],[-300,-60],[1374,-578],[64,-67],[211,-49],[-213,44],[-102,-80],[-102,-93],[-205,-95],[-206,-103],[127,-165],[1,-3],[128,-165],[-414,-276],[351,-253],[19,-20],[126,-83],[-726,-54],[-83,129],[-90,88],[-190,69],[-95,44],[-84,121],[-188,88],[-171,52],[-133,82],[-131,121],[-63,70],[-58,98],[-135,80],[-275,88],[-276,-101],[-270,49],[-271,29],[-268,100],[-273,34],[-237,211],[-109,93],[-100,144],[-225,111],[-456,-33],[-225,41],[-223,-100],[-221,-132],[-226,-10],[15,-80],[18,-78],[42,-147],[64,-82],[49,-132],[134,-103],[127,-147],[111,-144],[123,-49],[157,5],[227,-109],[93,-69],[241,-91],[-311,-165],[-637,13],[-42,16],[-227,-11],[-53,67],[-48,86],[-113,77],[-109,62],[34,2],[-61,78],[-58,90],[-128,124],[-132,77],[-134,65],[-271,-111],[-270,85],[-173,0],[-2,3],[-259,59],[-255,-126],[171,-96],[99,-8],[646,-250],[-13,-8],[-193,-72],[-140,23],[-124,39],[-230,16],[-71,98],[-78,54],[-110,18],[-953,627],[-137,64],[-137,77],[-280,-2],[-281,-124],[-277,124],[-61,-98],[-66,-75],[-141,-72],[-132,-132],[-47,-49],[-647,-118],[-1294,-174]],[[105892,297497],[37,-77],[36,-83],[37,-75],[95,-51],[88,-109],[186,-100],[189,-36],[513,-98],[257,-98],[89,31],[681,-132],[458,415],[-1528,575],[-1,0],[-305,6],[-28,-26],[-838,-54],[34,-88]],[[130022,291544],[101,-57],[89,-90],[85,-134],[43,-65],[34,-90],[196,75],[196,-44],[279,-31],[69,57],[39,59],[165,39],[133,61],[54,104],[59,77],[55,101],[63,59],[54,101],[57,85],[-391,170],[-554,-165],[-102,39],[-114,-24],[-105,-105],[-505,-222]],[[159379,265326],[123,-103],[152,-132],[148,-130],[145,-128],[139,-121],[133,-113],[128,-106],[120,-97],[112,-91],[104,-85],[99,-82],[94,-80],[91,-79],[90,-80],[90,-82],[91,-84],[93,-87],[96,-90],[100,-92],[104,-95],[108,-97],[107,-91],[104,-85],[101,-80],[101,-78],[102,-77],[102,-79],[99,-82],[97,-87],[94,-94],[91,-100],[90,-108],[90,-112],[93,-117],[94,-120],[94,-122],[95,-123],[96,-123],[97,-122],[95,-122],[95,-119],[91,-118],[91,-114],[89,-110],[89,-107],[87,-104],[87,-102],[86,-104],[89,-105],[91,-105],[95,-103],[98,-102],[104,-101],[85,-79]],[[164858,259877],[-13,108],[397,46],[185,299],[169,454],[404,101],[212,-180],[250,208],[487,-77],[175,77],[306,-49],[131,-332],[357,-119],[155,-157]],[[168073,260256],[113,27],[157,36],[158,37],[158,36],[159,36],[159,34],[160,33],[159,32],[159,31],[158,28],[157,27],[156,24],[154,22],[154,19],[153,17],[152,15],[151,13],[151,11],[149,9],[149,7],[147,7],[146,6],[145,6],[142,8],[137,10],[129,13],[122,15],[69,11]],[[172176,260826],[-9,62]],[[172167,260888],[-16,112],[-18,110],[-23,110],[-27,109],[-30,108],[-32,108],[-31,106],[-33,105],[-39,102],[-44,99],[-50,98],[-52,96],[-52,96],[-157,420],[-46,93],[-50,91],[-49,91],[-47,93],[-44,94],[13,338],[19,112],[27,108],[39,101],[53,95],[65,88],[72,84],[76,83],[45,108],[55,100],[69,90],[83,81],[89,75],[80,389],[-303,299],[-57,90],[-57,89],[-53,92],[-49,94],[-44,96],[-42,97],[-110,54],[-109,55],[-108,56],[-109,56],[-109,55],[-22,114],[-20,116],[-22,114],[-30,113],[-41,110],[-48,108],[64,91],[60,93],[51,97],[43,99],[34,103],[29,105],[26,106],[-298,142],[427,286],[245,181],[76,348],[485,188],[94,58],[90,61],[86,66],[83,68],[83,70],[83,69],[297,-23],[-10,101],[-6,100],[-2,101],[2,101],[2,100],[0,101]],[[172823,269601],[-336,15],[-235,145],[-334,-91],[-78,292],[-395,330],[773,-103],[355,374],[326,21],[115,237],[-525,428],[-200,266],[-711,188],[-136,191],[-360,28],[-482,-549],[-87,263],[348,521],[-823,263],[-276,-162],[114,-320],[-344,-759],[-403,-221],[200,861],[-112,274],[-458,-514],[-57,-185],[-484,-630],[67,-126],[-230,-382],[-225,266],[186,167],[33,490],[500,650],[-412,276],[-413,-59],[-515,-691],[-634,-539],[-131,-537],[-333,186],[-310,36],[-520,227],[-655,-219],[240,-274],[283,6],[61,-594],[-567,390],[-71,-287],[-557,-229],[-169,428],[-257,-428],[-193,72],[-586,-139],[-207,-400],[-474,-150],[-254,-443],[71,-232],[-349,-176],[-379,-738],[-509,-252],[-47,-235],[-36,-209],[-305,-276],[-69,-333],[-325,-170],[65,-281],[-613,-233]],[[155657,290863],[117,-415],[369,-591],[493,-529],[-183,-235],[618,-570],[420,-276],[43,-240],[810,-74],[362,185],[86,439],[355,307],[344,23],[203,-418],[475,44],[795,-276],[-965,-28],[-649,-490],[-1003,-57],[-231,-78],[112,-632],[626,-12],[1897,221],[161,-108],[-1496,-237],[-295,-330],[-732,-42],[397,-717],[566,-144],[1110,-1138],[398,-100],[323,273],[-211,181],[326,438],[138,725],[276,397],[325,-8],[218,578],[-100,325],[503,601],[64,632],[586,101],[447,265],[703,11],[404,229],[9,232],[-1366,351],[-109,315],[-717,-13],[-54,617],[-1126,1000],[-799,196],[-279,171],[-547,-467],[256,-1166],[-385,33],[-207,627],[-604,431],[-572,-596],[-70,735],[-880,-229],[-806,147],[-949,-614]],[[97450,280874],[31,13],[200,82],[202,82],[202,82],[204,81]],[[98289,281214],[410,160]],[[98699,281374],[206,79],[208,79]],[[99113,281532],[417,156]],[[99530,281688],[211,77],[211,76],[212,76],[213,76],[215,75],[215,74],[216,73],[217,74],[219,72],[219,72],[220,71],[221,71],[222,70],[223,70],[224,69],[225,68],[226,68],[227,67],[228,66],[229,66],[230,65],[230,65],[232,63],[233,64],[233,62],[235,62],[235,61],[237,61],[237,60],[238,59],[239,59],[240,58]],[[106742,283858],[483,113]],[[107225,283971],[243,56],[243,55],[245,55],[245,54],[247,53],[247,52],[248,52]],[[108943,284348],[83,143],[84,144],[84,144],[86,143],[86,144],[87,143],[88,144],[89,143],[90,143],[91,143],[92,143],[92,143],[94,143],[94,143],[95,142],[97,143],[97,142],[99,143],[99,142],[101,142],[101,142],[103,142],[104,142]],[[110220,288462],[-149,137],[-150,137]],[[109461,289146],[-157,136],[-159,136]],[[108659,289825],[-166,134],[-168,135]],[[108156,290228],[-172,135],[-173,133]],[[102021,294109],[-246,123],[-249,123]],[[96607,296418],[-53,-7],[-149,-5],[-68,-57],[-164,-44],[-58,8],[-142,101],[-291,43],[-142,83],[-146,41],[-134,-144],[-142,-90],[-290,-98],[-59,-111],[-67,-78],[-140,-116],[-139,-113],[-145,-52],[-75,-77],[-74,-75],[568,-516],[-217,-132],[-46,-49],[-170,-118],[76,-114],[15,-7],[216,-289],[-391,20],[-191,-113],[-196,-29],[-200,-74],[-102,33],[-88,132],[-570,131],[-207,-36],[-202,-129],[-31,-38],[-373,-171],[-704,-136],[-80,-114],[-79,-121],[-5,-10],[-153,-227],[-175,-47],[-174,-49],[-177,-28],[-173,-60],[-173,-100],[-81,-54],[-438,-155],[-12,-96],[-12,-98],[-572,-263],[-4,-345],[242,-186],[18,-26],[90,-57],[1485,75],[326,-51],[-70,-191],[-22,-39],[-38,-134],[-44,-121],[19,-111],[30,-90],[35,-68],[39,-128],[18,-73],[15,-36],[73,-237],[-135,-80],[-57,-106],[-59,-100],[-818,-596],[-113,142],[-122,54],[-120,-83],[-125,-26],[-143,88],[-147,31],[-293,-18],[-147,-23],[-142,-106],[-142,-95],[-149,-24],[-213,13],[-213,-54],[-213,-26],[-102,-93],[-106,-51],[-92,-59],[-78,-132],[-92,-62],[-81,-121],[-227,-23],[-56,-34],[-341,-67],[-52,13],[-105,-44],[-466,-93],[-106,11],[-230,15],[-109,-85],[-113,-52],[-195,-18],[-194,-100],[-2,-114],[0,-307],[-7,-155],[11,-152],[44,-286],[11,-152],[16,-150],[-4,-82],[4,-83],[130,-108],[60,-5],[118,-70],[14,-21],[64,-64],[134,-39],[66,-75],[60,-100],[139,-88],[144,-41],[137,111],[91,-83],[76,-149],[189,-39],[223,-83],[105,-116],[107,-82],[226,-75],[114,26],[108,105],[253,-33],[119,113],[127,42],[222,-67],[224,-34],[104,121],[344,13],[102,29],[90,126],[14,21],[175,147],[115,-47],[112,-93],[108,116],[118,24],[118,-101],[120,-90],[56,-72],[54,-86],[126,-41],[-159,-15],[-57,-91],[-160,-77],[-85,5],[-152,-121],[-1361,46],[-151,-18],[-151,3],[-146,-108],[-73,-47],[-68,-93],[-1571,-139],[-95,-103],[-56,-72],[-50,-57],[-90,-62],[-89,-144],[145,-127],[76,-51],[66,-106],[147,-109],[154,-25],[1089,-217],[23,-21],[188,-64],[190,5],[126,-31],[119,-108],[118,108],[124,54],[301,-165],[-635,-28],[-150,-83],[-147,-106],[-474,-257],[56,-65],[45,-111],[120,-57],[239,16],[568,-444],[1397,-242],[44,-29],[216,-15],[-579,392],[-26,70],[-54,38],[77,52],[40,80],[65,64],[174,-126],[26,-44],[65,-75],[138,-75],[137,-72],[225,-67],[114,13],[109,88],[455,-163],[63,52],[15,23],[166,165],[152,3],[74,59],[37,59],[324,147],[135,-108],[141,-57],[141,-62],[142,57],[55,103],[5,21],[151,299],[115,-44],[104,-136],[228,41],[189,-59],[47,-31],[238,-57],[741,-108],[66,-88],[164,-80],[164,85],[166,3],[12,-140],[19,-136],[340,0],[112,-67],[152,67],[109,-49],[74,-91],[82,-121],[83,-124],[190,-23],[189,75],[112,-222],[29,-93],[57,-77],[207,-54],[205,-47],[88,-93],[27,-98],[36,-77],[183,-70],[-421,-263],[285,-376],[46,-96],[118,-121],[489,-280]],[[108943,284348],[161,-123],[159,-123],[158,-123],[157,-124],[463,-372],[152,-125],[150,-125],[150,-125],[148,-125],[147,-126],[146,-126],[145,-126],[143,-127],[143,-127],[141,-127],[140,-127],[139,-127],[138,-128],[137,-128],[136,-128],[135,-129],[134,-128],[132,-129],[132,-129],[131,-130],[129,-129],[129,-130],[128,-130],[127,-130],[125,-131],[125,-130],[247,-262],[122,-131],[121,-132],[120,-131],[120,-132],[118,-132],[117,-132],[117,-133],[116,-132],[115,-133],[114,-133]],[[115050,278578],[113,-133],[113,-133]],[[115276,278312],[111,-133],[111,-134]],[[115498,278045],[216,21],[215,20],[217,20],[216,19],[216,18],[217,18],[217,16],[217,17],[217,15],[218,15],[218,15],[218,13],[218,13],[218,13],[218,11],[219,11],[218,11],[219,9],[219,9],[219,9],[219,7],[219,7],[219,7],[219,5],[220,5],[219,5],[220,3],[219,3],[220,2],[219,2],[220,1],[219,0],[220,0],[220,-1],[219,-2],[220,-2],[219,-3],[220,-4],[219,-4],[220,-5],[219,-6],[219,-7],[220,-7],[219,-7],[219,-9],[219,-9],[218,-10],[219,-10],[219,-11],[218,-12],[219,-12],[218,-14],[218,-13],[218,-15],[217,-15],[218,-16],[217,-16],[434,-35],[217,-18],[216,-19],[217,-20],[28,-3]],[[129063,278080],[1,51],[0,88],[-176,276],[-94,82],[-90,106],[-90,113],[-101,34],[-199,-16],[-196,55],[-172,-47],[-167,-82],[-206,221],[153,480],[236,258],[161,3],[-98,-65],[-119,-131],[-52,-134],[-13,-91],[-16,-85],[776,-245],[185,-46],[187,-3],[88,70],[89,80],[185,56],[-73,137],[-89,44],[-41,93],[-31,113],[-61,91],[35,38],[94,88],[33,-93],[5,-8],[97,-257],[704,-29],[90,127],[95,43],[33,98],[32,78],[92,129],[-937,392],[-385,41],[-48,96],[-23,18],[-69,111],[-9,20],[-52,78],[20,118],[15,124],[8,126],[-1,129],[12,127],[-1,64],[25,315],[424,106],[61,-109],[11,-15],[99,-165],[12,-29],[64,-98],[386,163],[8,85],[9,85],[0,88],[1,88],[7,87],[-1,11],[9,152],[1,7],[4,88],[-18,114],[-12,41],[-54,273],[-50,106],[-56,88],[-121,134],[-109,72],[-113,54],[-83,29],[-140,72],[131,21],[127,80],[129,77],[123,116],[-49,106],[-63,49],[-116,131],[-236,49],[-116,-75],[-118,-51],[-82,80],[-88,46],[-176,57],[-174,0],[-57,-39],[-457,-72],[117,281],[-34,85],[-41,65],[-45,49],[-194,322],[-172,80],[-172,8],[-172,64],[-173,11],[675,165],[388,-170],[219,62],[222,-26],[100,121],[102,113],[44,83],[46,85],[104,106],[204,-67],[207,31],[115,-11],[432,-206],[189,-108],[110,38],[459,-105],[59,67],[52,87],[42,122],[49,100],[1,83],[9,80],[-2,82],[-10,78],[-9,80],[-3,82],[-35,140],[-646,239],[-697,86],[-38,20],[-244,13],[-467,529],[643,165],[60,-88],[57,-106],[128,-131],[275,-3],[192,-20],[93,64],[85,119],[-324,253],[-514,129],[-76,118],[-80,101],[-173,126],[-176,88],[-179,-41],[-522,-423],[-102,-42],[-403,-175],[52,113],[7,34],[137,328],[93,224],[131,75],[130,93],[8,183],[1,28],[4,106],[5,106],[44,80],[45,82],[104,93],[43,90],[49,65],[31,121],[33,111],[-32,193]],[[128951,280893],[-20,-85],[-13,-90],[-5,-62],[-19,-124],[51,-87],[57,-57],[119,-34],[117,-67],[119,-20],[280,417],[-326,331],[-360,-122]],[[130499,281652],[-41,-235],[-19,-75],[-13,-85],[0,-21],[-36,-216],[408,-127],[297,109],[134,-31],[54,-103],[64,-57],[130,57],[129,46],[155,304],[-422,-103],[-73,101],[-81,46],[-71,114],[-30,72],[-27,83],[-142,25],[-173,178],[-123,-7],[-120,-75]],[[102815,271818],[148,-6],[186,-9],[187,-9],[186,-9],[186,-10],[186,-11],[185,-11]],[[104079,271753],[372,-24]],[[104451,271729],[370,-26]],[[104821,271703],[186,-14],[185,-14],[185,-15],[185,-16],[184,-16],[185,-17],[184,-17],[185,-18],[184,-19],[184,-18],[183,-20],[184,-20],[184,-21],[183,-21],[183,-22],[183,-22]],[[107768,271413],[365,-46]],[[108133,271367],[182,-24],[182,-25],[182,-25],[182,-25],[182,-27]],[[109043,271241],[155,76],[157,76],[157,75],[157,75],[158,74],[159,74],[159,73],[159,73],[160,73],[161,72],[161,72],[162,71],[162,71],[163,71],[163,70],[164,70],[164,69],[165,69],[166,68],[166,68],[166,67],[167,67],[168,67],[168,66]],[[112930,272948],[65,147],[65,147],[65,147],[66,146],[67,147],[67,147],[67,146],[68,147],[69,146],[68,146],[70,146],[70,147],[70,146],[71,146],[72,145],[72,146],[72,146],[73,146],[74,145],[74,146],[75,145],[75,146],[76,145],[76,145],[77,145],[78,145]],[[114772,276744],[157,290]],[[114929,277034],[79,145],[80,144],[81,145],[81,144],[82,145],[83,144],[83,144]],[[115276,278312],[-226,266]],[[107225,283971],[-242,-56],[-241,-57]],[[99530,281688],[-209,-78],[-208,-78]],[[98699,281374],[-206,-80],[-204,-80]],[[97450,280874],[610,-360],[-14,-108],[-14,-108],[543,-470],[-318,-106],[-16,-108],[1,-116],[19,-103],[3,-116],[148,-29],[149,11],[-17,-109],[-30,-85],[-9,-113],[-8,-114],[329,-400],[19,-100],[14,-111],[25,-96],[31,-85],[60,-80],[39,-123],[45,-109],[60,-44],[51,-95],[59,-54],[48,-101],[123,-36],[-159,-281],[-7,-405],[103,-77],[57,15],[255,-101],[282,-335],[-37,-85],[-41,-70],[-35,-90],[-46,-54],[-21,-116],[-30,-101],[-27,-105],[-35,-93],[-463,-6],[-63,-49],[-56,-87],[33,-78],[29,-85],[79,-108],[77,-106],[89,-33],[175,10],[174,-31],[-150,-54],[-75,-47],[-67,-92],[-68,-86],[-71,-59],[-74,-41],[-67,-90],[120,-122],[122,-118],[-88,-222],[-104,-57],[-1,-2],[-299,-163],[28,-95],[33,-86],[33,-85],[25,-100],[89,-80],[35,-83],[38,-69],[135,-8],[91,-93],[116,21],[115,51],[303,-180],[572,185],[169,483],[7,7],[17,57],[41,116],[109,-18],[105,-90],[108,-57],[110,26],[111,-5],[108,-62],[110,-5],[107,75],[-36,-333],[-246,-227],[624,-124],[38,-93],[46,-64],[96,-101],[146,47],[76,-16],[108,70],[109,41],[-87,-137],[-40,-82],[-43,-72],[-40,-83],[-47,-57],[-32,-106],[-37,-98],[78,-64],[68,-106],[157,-69],[159,-37],[157,-15],[-49,-90],[-16,-53]],[[100574,272381],[95,-43],[58,23],[227,-31],[31,98],[19,113],[-187,369],[-293,-335],[50,-194]],[[101234,272670],[91,-116],[101,-10],[101,10],[99,16],[152,211],[63,194],[-119,41],[-121,26],[-52,-21],[-187,28],[-45,-61],[-31,-101],[-30,-103],[-22,-114]],[[226191,282760],[145,-146],[176,-155],[178,-141],[174,-132],[164,-137],[138,-155],[95,-176],[57,-184],[40,-181],[47,-167],[70,-140],[104,-105],[106,-86],[101,-85],[99,-92],[102,-102],[105,-112],[108,-117],[106,-117],[89,-123],[72,-128],[65,-134],[66,-138],[59,-146],[62,-150],[80,-147],[97,-143],[109,-141],[113,-142],[107,-145],[86,-156],[65,-153],[52,-145],[47,-143],[54,-143],[73,-145],[107,-149],[144,-156],[164,-157],[152,-151],[114,-146],[66,-138],[31,-131],[19,-127],[31,-125],[52,-126],[67,-129],[66,-132],[43,-136],[5,-138],[-22,-139],[-26,-144],[-16,-158],[5,-173],[32,-185],[58,-185],[91,-176],[126,-166],[144,-153],[151,-140],[150,-130],[141,-123],[122,-116],[130,-92],[134,-84],[134,-92]],[[232017,273611],[135,-11],[133,-13]],[[232285,273587],[179,84],[179,84],[180,83],[181,82],[181,81],[181,81],[182,79],[181,78],[182,76],[182,75],[182,74],[182,73],[182,73],[183,72],[182,72],[182,71],[182,70],[182,70],[183,68],[183,69],[183,67],[183,67],[184,66],[184,65],[185,65],[186,64],[186,63],[187,62],[187,62],[188,61],[189,59],[190,58],[191,57],[192,56],[193,55],[194,53],[195,52],[196,51],[196,49],[198,49],[197,48],[196,45],[196,45],[196,43],[196,42],[196,40],[197,40],[197,38],[198,37],[200,36],[200,35],[201,34],[202,34],[204,33],[204,32],[205,32],[206,32],[207,31],[207,31],[208,32],[208,31],[208,33],[208,32],[207,34],[206,35],[205,36],[205,37],[203,37],[202,39]],[[245568,277337],[141,104],[136,113],[126,123],[114,134],[109,145],[9,14]],[[246203,277970],[-242,68],[-13,3],[-1017,74],[-633,-260],[-477,15],[-166,-136],[-668,-194],[218,519],[-234,443],[-254,-307],[-381,-90],[-480,80],[-438,281],[-353,-222],[24,-172],[-530,-276],[-487,-248],[-1121,-294],[-580,-320],[-1155,41],[-162,-211],[63,-271],[-652,-431],[639,1202],[350,-33],[414,490],[16,188],[536,0],[609,346],[42,41],[386,472],[415,142],[351,266],[91,381],[816,377],[435,338],[239,-83],[342,472],[623,240],[620,635],[85,394],[-317,155],[478,694],[-317,162],[-58,491],[-171,250],[-498,209],[-945,704],[-1026,162],[-247,-144],[-632,144],[-544,-100],[-632,41],[32,-222],[-337,-273],[-35,0],[-797,124],[397,544],[330,193],[-188,235],[-638,41],[-592,189],[-293,281],[445,433],[-94,279],[-458,-60],[-562,367],[-553,49],[-1592,-717],[-1059,-926],[-43,-315],[311,-145],[-165,-523],[-533,-62],[-772,-70],[-542,132],[167,-387],[419,-152],[272,-395],[-529,70],[-71,183],[-505,41],[-666,-294],[37,-235],[-549,0],[-317,-180],[-619,449],[-609,103],[-561,-93],[-887,31],[81,-206],[-205,-408],[-94,-19]],[[112930,272948],[150,-96],[150,-97],[149,-97],[148,-98],[148,-97],[146,-99],[147,-98],[145,-99],[145,-99],[144,-100],[144,-100],[143,-100],[142,-100],[141,-101],[141,-101],[141,-102],[139,-102],[139,-102],[139,-102],[137,-103],[137,-103],[137,-104],[135,-103],[136,-104],[134,-105],[134,-104],[133,-105],[133,-106],[132,-105],[132,-106],[130,-106],[131,-107],[129,-106],[129,-107],[129,-108],[128,-107],[127,-108],[126,-108],[127,-108],[125,-109],[125,-109],[124,-109],[124,-110]],[[118805,268508],[123,-110],[123,-110]],[[119051,268288],[122,-110],[121,-110],[121,-111],[121,-111],[119,-111],[120,-112],[118,-112],[119,-112],[117,-112]],[[120129,267287],[117,-113],[117,-113]],[[120363,267061],[116,-113],[115,-113]],[[120594,266835],[115,-113],[115,-114],[114,-114],[13,-14]],[[120951,266480],[4,10],[411,-340],[430,270],[416,111],[92,26],[90,36],[90,26],[92,13],[70,98],[79,54],[128,18],[128,-54],[127,49],[128,34],[113,162],[653,106],[158,294],[123,-23],[120,74],[124,3],[55,77],[61,37],[68,61],[68,75],[20,34],[193,206],[54,23],[40,78],[90,98],[14,198],[224,80],[38,-13],[88,57],[115,114],[117,100],[56,72],[44,114],[29,49],[80,101],[240,-47],[170,235],[-32,119],[-43,98],[128,-68],[128,55],[131,0],[62,51],[61,72],[-122,186],[80,57],[29,26],[206,152],[109,0],[105,-77],[108,30],[105,65],[17,152],[-9,80],[0,80],[-127,57],[-125,39],[-127,72],[-128,-29],[-126,-46],[-120,-96],[-261,-2],[-101,46],[-93,111],[-100,54],[-91,127],[-100,-62],[-103,31],[-100,-31],[-103,18],[-81,101],[-87,67],[-90,25],[-83,86],[-93,15],[-56,-41],[-209,108],[-112,-46],[-111,-39],[-113,-10],[-112,33],[-110,-82],[-51,-73],[-42,-103],[-112,-49],[-107,-98],[-444,134],[-146,-90],[-24,-26],[-121,-82],[-81,-387],[-264,152],[71,67],[66,98],[60,116],[57,129],[275,176],[116,-68],[117,-20],[167,36],[77,82],[77,80],[-90,62],[-16,3],[-130,82],[-31,39],[-93,36],[-1267,-240],[-50,305],[0,7],[-17,104],[483,838],[-145,369],[-775,-253],[-615,0],[37,18],[175,47],[78,103],[83,77],[76,116],[75,114],[70,139],[67,142],[81,90],[84,67],[85,57],[76,103],[86,-33],[85,-52],[76,-114],[84,-61],[72,-135],[83,-77],[82,-72],[87,-39],[55,-72],[-26,-10],[-82,-31],[-74,-78],[222,-428],[147,-5],[142,-93],[137,90],[153,-2],[304,72],[-14,-23],[-46,-70],[-103,-67],[-346,-5],[-136,-96],[-136,-100],[-137,-106],[-54,-119],[-60,-100],[-106,-3],[-106,-33],[-119,-452],[1274,199],[132,-8],[59,75],[61,70],[142,25],[74,-30],[60,56],[558,106],[-7,95],[-7,98],[-14,106],[-15,103],[-18,104],[-32,80],[-47,141],[-65,96],[-68,64],[-70,49],[-188,-95],[-17,-8],[-99,39],[5,10],[248,152],[52,16],[87,67],[48,80],[46,88],[33,118],[35,114],[-237,229],[127,21],[125,-47],[42,-136],[61,-80],[129,-75],[277,-64],[10,-11],[99,-15],[84,-114],[81,-126],[90,-78],[88,-98],[2,-80],[9,-77],[-2,-82],[0,-80],[27,-147],[33,-135],[149,-286],[9,-33],[58,-98],[57,-83],[57,-88],[128,-74],[129,-70],[128,-65],[586,-5],[137,-13],[113,75],[293,72],[247,176],[32,77],[20,98],[5,31],[42,150],[-121,271],[157,193],[-181,286],[106,222],[12,116],[-2,116],[-3,119],[-14,111],[-111,100],[-114,88],[-509,-46],[194,503],[-282,-54],[-20,0],[-152,-6],[-149,-56],[-42,152],[122,59],[125,47],[55,80],[61,49],[56,80],[46,110],[-109,127],[-118,28],[-108,127],[-51,74],[-53,60],[-121,10],[-111,-39],[-236,134],[-156,212],[-160,62],[-27,28],[-56,80],[-125,-5],[-126,26],[-152,180],[-28,104],[-38,77],[-84,126],[-21,114],[-35,90],[-21,36],[-52,124],[-71,54],[-69,67],[-148,8],[-69,65],[-71,51],[-148,8],[279,245],[70,18],[53,77],[57,62],[-59,129],[-169,36],[-42,60],[-14,10],[44,0],[75,-16],[557,-165],[372,36],[28,-33],[-89,23],[-165,-13],[-80,-51],[-76,-85],[6,-199],[474,-21],[35,-20],[-118,-18],[-118,-39],[-119,-28],[-118,-39],[117,-508],[378,-274],[718,-338],[115,-103],[52,-87],[51,-93],[123,-24],[120,-72],[116,-31],[117,-2],[173,327],[-536,196],[156,-41],[158,5],[153,101],[153,82],[-2,129],[-83,47],[-76,90],[-167,31],[-31,5],[-297,145],[-38,92],[-40,80],[-96,106],[-92,109],[-102,59],[-85,46],[-7,11],[78,25],[148,-85],[145,-44],[25,-98],[36,-69],[80,-96],[622,88],[-74,88],[-78,49],[-32,-8],[-14,15],[219,248],[-1140,346],[-266,-75],[72,88],[19,18],[397,38],[-136,196],[-20,55],[-58,59],[-131,80],[-133,59],[-130,93],[-59,75],[-61,72],[-131,-116],[-80,0],[-325,119],[-185,-11],[-70,29],[-79,80],[-169,-18],[-83,-52],[-81,-59],[-51,-65],[-45,-82],[-41,-101],[-44,-88],[-107,-82],[-108,-72],[80,-55],[-90,-51],[14,291],[349,439],[181,15],[65,-26],[47,37],[198,15],[152,13],[75,34],[66,100],[-28,369],[1104,-813],[680,-229],[883,451],[75,-75],[78,-43],[160,18],[159,23],[156,59],[12,85],[3,88],[35,155],[3,87],[-1,88],[0,37]],[[114929,277034],[-79,-145],[-78,-145]],[[101955,259405],[55,19],[138,49],[138,49],[139,48],[138,48],[139,47]],[[102702,259665],[279,93]],[[102981,259758],[139,46],[140,46],[140,45],[141,45],[140,45],[141,44],[141,44],[141,43],[141,43],[142,42],[142,42]],[[104529,260243],[284,83]],[[104813,260326],[142,41],[143,40],[142,40],[143,40],[144,39],[143,39],[144,38],[143,38],[144,37],[145,37],[144,37],[145,36],[144,36],[145,35],[145,35],[146,35],[145,34],[146,33],[145,34],[146,32]],[[107697,261062],[147,33],[146,32]],[[107990,261127],[146,31],[147,31],[147,31]],[[108430,261220],[294,60]],[[108724,261280],[147,29],[148,29],[147,28],[148,28],[148,28],[148,27],[148,27]],[[109758,261476],[-9,155],[-9,155],[-10,155],[-9,155],[-10,156],[-9,155],[-10,155],[-9,155],[-10,155],[-10,155],[-10,155],[-10,156],[-10,155],[-10,155],[-10,155],[-10,155],[-10,155],[-21,310],[-10,155],[-11,155],[-10,156],[-11,155],[-10,155],[-11,155],[-11,155],[-11,155],[-11,155],[-11,155],[-11,155],[-11,155],[-11,155],[-12,155],[-11,155],[-12,155],[-11,155],[-12,155],[-11,155],[-12,155],[-12,155],[-12,155],[-12,155],[-12,155],[-12,154],[-12,155],[-13,155],[-12,155]],[[109254,268763],[-25,310]],[[109229,269073],[-13,155],[-13,155],[-13,155],[-13,155],[-26,310],[-13,154],[-13,155],[-14,155],[-13,155],[-14,155],[-14,155],[-14,155],[-13,154]],[[108133,271367],[-183,23],[-182,23]],[[104821,271703],[-185,14],[-185,12]],[[104451,271729],[-186,13],[-186,11]],[[102815,271818],[-12,-40],[-99,-232],[21,-137],[22,-139],[77,-88],[32,-75],[29,-75],[83,-38],[82,-47],[-477,18],[-767,591],[-290,119],[-137,44],[-138,-31],[-138,-3],[-137,-15],[-51,82],[-56,65],[-119,43],[-118,-56],[-119,28],[-297,-70],[-222,-252],[47,-129],[57,-96],[65,-57],[58,-87],[133,-70],[22,-23],[101,-124],[82,-62],[83,-41],[169,-26],[134,41],[203,-41],[283,-157],[42,-75],[67,-44],[139,-21],[239,-358],[72,-65],[71,-72],[152,-8],[146,75],[384,-64],[66,-47],[91,24],[206,-34],[516,-162],[-439,-576],[-34,-982],[-85,-11],[-77,-82],[-9,-147],[2,-34],[-11,-400],[58,-172],[12,-42],[31,-118],[43,-88],[-187,-194],[-357,-134],[-81,80],[-85,44],[-86,29],[-88,-13],[-554,-134],[-105,-86],[-107,-85],[-107,-95],[-39,-103],[-44,-88],[158,-137],[18,-31],[64,-38],[100,-29],[52,-41],[28,-3],[-338,-126],[-7,0],[-118,-46],[-38,-142],[-12,-83],[-4,-85],[-416,-340],[55,-140],[72,-64],[-166,-230],[66,-106],[68,-98],[84,62],[83,80],[80,-15],[-77,-98],[-364,-248],[-49,-149],[-26,-75],[-19,-85],[-5,-101],[-2,-95],[-37,-181],[79,-64],[58,-96],[67,-8],[79,-67],[-11,-90],[1,-95],[115,-85],[121,33],[91,83],[142,15],[43,-82],[43,-78],[52,-36],[229,-325],[-80,44],[-83,-5],[-82,-13],[-80,-44],[-82,-39],[-11,-10],[-232,-39],[-61,-167],[-73,-96],[-26,-88],[-22,-92],[-19,-98],[-28,-86],[293,-531],[-88,-335],[91,-90],[27,-68],[37,-64],[89,-36],[85,-70],[-103,-291],[91,-52],[94,-26],[95,3],[90,70],[-28,-305],[442,-188],[-140,-160],[-52,-39],[-59,-87],[314,-70],[-19,-114],[-28,-98],[-19,-113],[0,-15]],[[99638,269376],[219,-245],[136,-13],[48,-18],[88,-80],[92,-23],[93,21],[89,62],[73,0],[112,-8],[14,-82],[6,-86],[47,-131],[-157,-8],[-64,-126],[-76,-60],[116,-111],[57,-64],[57,-54],[123,54],[124,-34],[179,70],[117,-2],[73,28],[70,70],[147,61],[84,8],[81,62],[168,-36],[83,21],[83,46],[70,124],[81,62],[68,82],[76,13],[51,137],[64,108],[-76,204],[-26,83],[-37,87],[-73,91],[-74,77],[-72,103],[-80,36],[-162,5],[-160,-36],[-459,588],[-545,194],[-118,23],[-21,-8],[-330,36],[-317,-245],[10,-129],[27,-116],[-3,-131],[18,-124],[-53,-139],[-61,-116],[-21,-83],[-19,-82],[-20,-83],[-20,-83]],[[216598,274620],[67,-30],[238,-103],[225,-104],[203,-108],[172,-114],[140,-116],[134,-112],[139,-114],[147,-121],[161,-133],[173,-145],[182,-156],[180,-161],[166,-156],[154,-149],[147,-142],[143,-138],[143,-137],[146,-138],[149,-144],[119,-147],[93,-145],[76,-143],[69,-141],[72,-138],[85,-131],[105,-120],[118,-110],[132,-102],[148,-98],[159,-94],[162,-95],[154,-97],[131,-100],[118,-95],[105,-88],[94,-84],[90,-84],[91,-86],[99,-92],[106,-100],[84,-107],[64,-100],[58,-93],[64,-83]],[[222403,269426],[146,64],[146,65],[146,66],[146,66],[147,68],[147,68],[148,71],[148,71],[148,74],[150,75],[150,78],[151,79],[153,80],[155,80],[155,81],[157,82],[158,82],[160,83],[161,83],[161,84],[163,83],[165,84],[165,83],[166,83],[167,83],[167,83],[169,82],[169,82],[170,80],[170,80],[171,79],[170,78],[171,77],[172,75],[171,74],[171,73],[172,71],[172,70],[174,68],[175,68],[178,67],[179,66],[181,65],[183,65],[183,65],[185,65],[187,65],[187,65],[189,65],[189,66],[191,66],[191,67],[192,67],[193,68],[194,69],[194,69],[195,69]],[[226191,282760],[-951,-198],[-265,-59],[-612,-212],[-365,96],[-774,-212],[-193,-265],[-502,5],[-451,-248],[-248,-353],[-822,-302],[26,-209],[-256,-366],[-381,-165],[-143,-534],[-384,-413],[666,-178],[369,-707],[167,-90],[-227,-451],[-581,-83],[-232,-31],[199,137],[484,338],[-198,273],[-505,-93],[-500,-85],[-145,-240],[-544,124],[-1114,-247],[-937,10],[-371,8],[-954,-199],[-483,-580],[225,-60],[-23,-443],[288,-338],[-175,-408],[58,-412],[426,-423],[848,-155],[-13,-372]],[[246046,268799],[121,10],[126,3],[129,-14],[135,-39],[139,-73],[145,-107],[150,-130],[153,-141],[154,-140],[151,-125],[149,-103],[158,-81],[180,-67],[192,-65],[192,-69],[181,-79],[163,-90],[136,-98],[125,-92],[127,-79],[128,-72],[132,-69],[132,-71],[131,-80],[126,-102],[118,-130],[115,-150],[115,-154],[117,-144],[121,-122],[129,-87],[117,-41],[111,-11],[114,-1],[127,-7],[141,-28],[153,-58],[152,-79]],[[251331,265814],[154,47],[156,45],[156,44],[156,42],[158,40],[159,38],[160,37],[161,34],[162,33],[163,31],[163,30],[165,28],[165,27],[165,26],[166,25],[166,26],[166,25],[166,25],[165,26],[166,22],[167,18],[167,14],[167,10]],[[255070,266507],[83,153],[86,139],[85,134],[84,136],[87,127],[91,114],[95,98],[101,85],[103,79],[104,87],[102,110],[107,138],[114,168],[120,192],[121,207],[120,209],[119,200],[116,185],[110,169],[100,156],[90,154],[80,156],[70,154],[60,153],[54,149],[53,144],[59,140],[69,141],[85,135],[94,138],[99,143],[104,147],[107,149],[110,149],[109,148],[53,69]],[[258414,271662],[-294,49],[-493,358],[-122,253],[-341,201],[-317,449],[-122,428],[0,5],[-322,101],[49,312],[-623,1060],[810,-276],[324,325],[-34,217],[-316,291],[-426,0],[-556,382],[331,292],[-106,62],[53,193],[988,266],[-473,410],[-391,44],[-380,497],[-934,163],[12,-183],[-441,-101],[-142,302],[-488,-44],[-308,212],[-69,51],[-742,341],[-926,-568],[68,-428],[186,-286],[-175,-532],[-174,-123],[-453,245],[-546,-158],[-493,34],[-286,-98],[-1084,188],[-738,219],[-479,356],[79,668],[-855,0],[-462,131]],[[245568,277337],[-22,-104],[-21,-100],[-10,-109],[2,-128],[9,-158],[9,-188],[9,-215],[7,-233],[5,-233],[1,-216],[6,-189],[-7,-150],[-21,-122],[-20,-111],[-5,-112],[21,-124],[51,-144],[65,-144],[48,-118],[27,-97],[14,-88],[20,-97],[34,-127],[59,-168],[83,-202],[90,-214],[82,-209],[61,-195],[32,-179],[-8,-164],[-50,-151],[-77,-145],[-85,-145],[-73,-150],[-35,-165],[20,-186],[61,-187],[73,-177],[61,-162],[37,-148],[14,-147],[2,-164],[-3,-189],[-1,-212],[5,-225],[7,-218],[11,-190],[16,-141],[18,-121],[10,-115],[-7,-113],[-24,-111],[-35,-107],[-33,-96],[-29,-74],[-26,-61]],[[258755,272138],[41,92],[10,36]],[[258806,272266],[-51,-128]],[[259088,273014],[30,34],[111,100],[116,93],[118,86],[119,82],[119,83],[117,87],[116,95],[6,6]],[[259940,273680],[-172,329],[-235,129],[-232,-436],[-213,-688]],[[232285,273587],[122,-122],[103,-137],[93,-143],[96,-144],[102,-146],[103,-147],[95,-148],[82,-151],[65,-162],[55,-180],[46,-189],[42,-190],[43,-184],[54,-173],[72,-158],[81,-135],[82,-119],[81,-113],[78,-118],[78,-131],[79,-156],[85,-184],[82,-198],[71,-193],[59,-173],[48,-148],[41,-123],[39,-110],[37,-106],[40,-107],[46,-112],[50,-119],[52,-128],[55,-140],[62,-158],[68,-172],[71,-176],[69,-169],[66,-156],[62,-151],[66,-158],[60,-158],[48,-150],[33,-136],[26,-123],[27,-110],[32,-113],[38,-123],[39,-123],[35,-117],[30,-106],[27,-93],[30,-77],[38,-69],[48,-67],[60,-74],[69,-91],[70,-117],[68,-158]],[[235884,265455],[170,-73],[177,-94],[181,-109],[183,-120],[182,-124],[179,-124],[173,-116],[165,-102],[159,-85],[163,-75],[165,-67],[166,-61],[166,-58],[162,-56],[158,-58],[152,-62],[146,-66],[144,-68]],[[238875,263937],[146,89],[142,90],[139,91],[134,92],[131,93],[130,94],[129,94],[128,94],[129,96],[128,96],[127,97],[128,99],[129,100],[129,100],[130,102],[131,103],[132,103],[132,105],[134,105],[134,105],[135,105],[136,105],[137,105],[137,104],[137,102],[138,101],[135,101],[134,100],[133,98],[131,98],[130,96],[130,95],[129,93],[128,92],[129,89],[129,88],[129,86],[129,85],[131,83],[131,81],[133,81],[134,80],[136,78],[138,78],[140,78],[143,77],[144,78],[148,77],[150,78],[152,77],[153,76],[154,75],[156,74]],[[264780,273587],[65,-72],[126,-156],[108,-160],[86,-156],[71,-136],[44,-121],[41,-118],[61,-124],[77,-135],[80,-144],[57,-136],[37,-134],[29,-141],[31,-155],[49,-175],[98,-173],[119,-175],[108,-183],[74,-184],[34,-165],[24,-141],[36,-117],[55,-100],[72,-98],[87,-115],[126,-134],[142,-139],[127,-137],[93,-124],[50,-106],[30,-105],[33,-118],[48,-137],[51,-139],[39,-133],[23,-146],[10,-149],[3,-142],[7,-129],[6,-98],[-17,-57],[-26,-49],[-18,-70],[11,-113],[67,-151],[119,-152],[138,-145],[130,-142],[99,-151],[57,-177],[34,-204],[29,-220],[41,-224],[73,-215],[95,-193],[95,-175],[95,-162],[94,-157],[90,-159],[93,-158]],[[268536,265063],[165,20],[168,20],[168,19],[170,19],[171,18],[171,19],[171,18],[171,19],[170,19],[170,19],[168,21],[165,21],[163,23],[161,24],[159,24],[157,24],[156,25],[155,26],[155,26],[154,26],[155,25],[155,26],[157,24],[158,24],[161,22],[164,20],[167,16],[170,11],[172,7],[174,2],[176,-1],[176,-4],[177,-7],[176,-8],[176,-10],[174,-9],[174,-8],[173,-5],[171,-2],[171,-2],[171,-2],[170,-1],[171,-2],[171,-3],[171,-4],[174,-6],[175,-7]],[[276404,265589],[90,116],[80,110],[71,105],[65,104],[63,107],[68,112],[78,123],[80,139],[79,154],[77,160],[76,159],[77,153],[80,142],[84,131],[91,120],[99,113],[103,114],[104,119],[103,126],[105,135],[109,141],[115,146],[125,146],[135,143],[147,139],[167,138],[183,139],[191,147],[188,158],[180,168],[167,176],[151,178],[133,172],[117,155],[98,135],[81,116],[66,101],[57,88],[51,81],[53,84],[61,93],[78,105],[94,117],[108,125],[112,121],[110,115],[106,113],[100,111],[97,110],[94,110],[97,111],[27,30]],[[281675,272143],[-780,236],[-1413,54],[-406,-95],[-1039,-207],[-269,-149],[-1117,-132],[-554,232],[115,232],[-518,617],[-540,82],[-169,214],[-593,145],[-164,250],[-503,85],[-123,168],[313,286],[255,-273],[309,335],[-391,482],[-1026,359],[-345,10],[-685,26],[-892,-1112],[-699,-332],[-362,74],[260,310],[454,155],[79,544],[414,-57],[142,-155],[377,537],[-1586,-108],[-563,-191],[248,438],[207,137],[323,-196],[1249,-44],[-565,312],[-614,189],[-1393,232],[-54,5],[-992,118],[-267,-41],[-581,155],[-140,152],[-564,119],[-50,-196],[294,-261],[-118,-317],[-676,-134],[-461,44],[-347,-444],[631,-260],[-261,-532],[143,-570],[227,-320],[-243,-142],[-816,395],[-1,0],[-55,-17]],[[109229,269073],[12,-155],[13,-155]],[[109758,261476],[129,-82],[128,-81]],[[110015,261313],[128,-82],[128,-83],[127,-82],[127,-83],[126,-83],[126,-84],[126,-84],[125,-84],[125,-85]],[[111153,260563],[249,-170]],[[111402,260393],[124,-86]],[[111526,260307],[246,-172]],[[111772,260135],[123,-86],[122,-87],[122,-87],[122,-87],[121,-88],[120,-88]],[[112502,259612],[41,27],[-10,397],[0,47],[-4,147],[52,95],[58,62],[31,101],[63,116],[40,-83],[26,-108],[93,-95],[211,100],[112,-85],[115,-28],[116,15],[111,90],[173,57],[17,3],[95,26],[95,38],[50,134],[45,142],[-137,287],[123,28],[121,70],[14,368],[49,49],[41,88],[37,96],[31,108],[22,46],[114,80],[118,-38],[118,-29],[113,98],[-47,-75],[-43,-82],[-100,-116],[-43,-85],[-51,-60],[-104,-87],[15,-54],[6,-140],[30,-116],[40,-88],[37,-98],[4,-15],[65,-62],[22,-15],[172,-153],[86,52],[81,90],[84,67],[77,106],[97,28],[95,26],[95,57],[87,101],[68,-44],[67,-49],[66,-54],[68,-29],[227,305],[97,2],[91,72],[-57,359],[88,-116],[96,-31],[93,75],[97,2],[127,0],[125,67],[60,52],[58,67],[58,62],[59,49],[56,106],[14,85],[19,75],[127,33],[56,78],[57,74],[39,83],[27,108],[39,78],[41,72],[29,100],[29,104],[35,92],[26,106],[165,137],[349,812],[3,0],[50,124],[81,302],[77,57],[74,75],[68,108],[20,46],[331,398],[357,77],[-21,315],[75,-57],[77,-41],[75,64],[80,-5],[75,59],[77,3],[71,82],[77,42],[104,-88],[107,-18],[108,-44],[108,-8],[770,176],[-89,180],[0,3],[-31,62],[73,134],[28,90],[29,70]],[[120594,266835],[-231,226]],[[120363,267061],[-234,226]],[[119051,268288],[-246,220]],[[206744,276357],[23,-123],[20,-175],[14,-173],[16,-173],[25,-169],[41,-163],[59,-156],[77,-146],[69,-135],[48,-123],[24,-113],[4,-108],[-9,-107],[-8,-110],[7,-120],[35,-132],[67,-148],[91,-158],[97,-160],[88,-157],[68,-148],[46,-138],[27,-130],[16,-127],[19,-128],[36,-140],[56,-155],[74,-166],[82,-175],[81,-180],[77,-182],[69,-182],[59,-179],[51,-172],[47,-170],[35,-170],[24,-167],[2,-17]],[[208401,270782],[176,173],[-75,451],[119,558],[-133,482],[-486,387],[-227,307],[0,229],[318,178],[122,539],[439,893],[-118,750],[-195,364],[-798,292],[-799,-28]],[[208434,270407],[4,-31]],[[208438,270376],[5,12],[-9,19]],[[209916,264640],[58,-96],[108,-160]],[[210082,264384],[212,-20],[214,-19],[212,-19],[207,-19],[201,-19],[191,-19],[185,-21],[183,-19],[181,-20],[179,-20],[174,-21],[169,-24],[165,-26],[160,-29],[156,-34],[153,-37],[148,-46],[142,-56],[138,-67],[135,-75],[134,-79],[134,-82],[134,-81],[133,-77],[134,-71],[133,-60],[125,-51],[118,-43],[111,-37],[106,-34],[105,-31],[104,-32],[108,-33],[114,-38],[124,-43],[140,-49],[161,-54],[178,-55],[188,-57],[194,-57],[195,-56],[191,-53],[182,-48],[165,-43],[150,-37],[146,-31],[141,-29],[139,-28],[136,-29],[135,-31],[135,-35],[137,-40],[141,-46],[147,-54]],[[218405,262150],[124,92],[123,92],[121,92],[120,94],[117,94],[115,96],[112,97],[110,99],[106,98],[105,98],[103,97],[101,98],[101,97],[99,97],[100,97],[99,97],[99,96],[100,96],[100,96],[102,95],[103,96],[104,94],[107,95],[109,94],[112,93],[114,93],[118,93],[120,90],[121,89]],[[221570,264905],[-1,133],[5,130],[16,126],[29,123],[41,121],[50,121],[53,123],[49,130],[40,140],[32,155],[25,169],[23,184],[22,196],[26,201],[30,201],[34,200],[41,196],[42,193],[33,188],[24,182],[18,174],[14,165],[11,153],[11,141],[10,128],[13,118],[20,110],[29,106],[40,105],[53,109]],[[216598,274620],[-1,-38],[363,-271],[152,-137],[487,-134],[230,-495],[-410,-802],[201,-465],[332,-1217],[-243,-305],[-102,-5],[-352,-23],[192,-395],[-257,-118],[-181,366],[297,374],[-15,315],[119,670],[-379,186],[-245,-377],[-170,503],[124,168],[-47,410],[449,225],[14,15],[412,632],[-392,217],[-116,-42],[-459,-131],[-384,-16],[-340,142],[-77,202],[-509,389],[163,103],[-706,274],[-527,389],[-761,0],[-361,-70],[-285,-307],[387,-464],[-75,-258],[-452,-121],[-540,477],[-504,-100],[-284,-153],[261,-815],[630,-283],[521,-312],[167,113],[343,-173],[287,-634],[-136,-147],[-393,147],[-179,389],[-1509,206],[-570,207],[-98,160],[255,299],[-231,444],[22,472],[374,621],[-130,475],[107,175],[-325,591],[-484,-31],[215,-291],[89,-715],[-148,-531],[-508,-300],[-686,-301],[-42,-367],[-377,-469],[438,-402],[342,-908],[311,-356],[0,-343],[-496,-733],[-63,-702],[-119,-250],[318,-719],[-118,-498],[171,-219],[244,113],[399,-113],[318,103],[362,276],[451,-39],[335,-219],[276,-34],[152,-250],[644,-276],[27,-583],[202,-276],[126,-526],[-302,-46],[-184,-215],[-69,-753],[564,-276],[-57,-247],[-795,497],[160,300],[-96,160],[139,549],[-161,108],[130,534],[-556,506],[-53,449],[-193,51],[-1012,-258],[-485,-214],[-141,-173],[9,-219],[4,-134],[-117,-325],[308,-436],[112,-529],[-80,-557],[-330,-341]],[[255070,266507],[121,-155],[124,-160],[124,-143],[121,-109],[109,-64],[93,-29],[83,-26],[83,-46],[91,-74],[107,-102],[115,-112],[107,-106],[99,-97],[97,-92],[100,-94],[113,-107],[145,-115],[170,-120],[172,-122],[156,-121],[122,-120],[87,-124],[75,-137],[74,-140],[78,-135],[83,-125],[87,-110],[82,-107],[81,-116],[91,-132],[109,-145],[127,-148],[145,-139],[179,-134],[202,-133],[207,-129],[197,-123],[173,-121],[138,-121],[114,-122],[105,-123],[106,-120],[116,-110],[129,-90]],[[260307,261509],[151,26],[155,27],[157,30],[159,30],[162,31],[164,31],[166,33],[167,32],[169,33],[169,33],[169,32],[169,31],[167,31],[164,30],[162,28],[157,27],[151,25],[146,25],[140,25],[135,25],[130,25],[127,26],[123,26],[122,27],[120,28],[120,29],[121,29],[123,29],[127,29],[132,29],[138,27],[147,26],[155,24],[160,19],[165,15],[170,11],[173,7],[176,5],[177,2],[178,0],[178,-1],[177,-3]],[[266725,262503],[34,138],[29,134],[29,129],[38,121],[52,111],[68,98],[85,88],[105,82],[116,83],[119,88],[114,95],[106,104],[95,110],[87,115],[80,114],[77,110],[76,103],[80,99],[78,97],[76,97],[72,100],[69,107],[64,114],[62,123]],[[264780,273587],[-554,-169],[-183,-361],[159,-121],[-215,-361],[-351,438],[-485,338],[-686,240],[-805,-209],[-220,-247],[-522,-124],[-75,28],[-364,114],[-427,314],[-112,213]],[[259088,273014],[-54,-173],[-228,-575]],[[258755,272138],[-69,-174],[-271,-302],[-1,0]],[[221570,264905],[169,-44],[165,-38],[155,-33],[151,-31],[148,-32],[149,-38],[151,-46],[157,-58],[162,-69],[172,-84],[177,-96],[172,-101],[162,-100],[151,-94],[140,-89],[132,-83],[128,-81],[132,-83],[139,-88],[147,-96],[151,-106],[154,-112],[152,-115],[145,-111],[133,-100],[137,-77],[144,-55],[147,-38],[147,-31],[144,-34],[139,-46],[130,-66],[117,-84],[100,-84],[91,-84],[88,-83],[92,-82],[101,-84],[114,-85],[128,-90],[133,-103],[129,-116],[125,-119],[119,-116],[115,-109],[114,-101],[118,-92],[119,-85],[108,-80],[99,-76],[94,-75],[94,-74],[99,-77],[109,-81],[125,-85],[146,-80],[162,-74],[167,-72],[164,-70],[154,-70],[137,-70],[117,-69]],[[229930,260060],[115,113],[115,112],[114,111],[115,110],[114,107],[113,106],[112,103],[112,101],[111,101],[110,101],[109,100],[109,101],[109,101],[109,101],[110,101],[111,101],[112,101],[112,102],[115,101],[115,102],[117,102],[118,102],[120,103],[120,104],[121,105],[123,106],[122,106],[123,108],[123,110],[123,111],[122,112],[123,114],[122,116],[123,117],[122,118],[123,120],[122,121],[123,120],[124,121],[123,121],[125,120],[124,118],[126,116],[127,114],[127,111],[128,108],[130,104],[130,100],[129,97],[129,94]],[[195942,267410],[8,-21],[55,-132],[65,-125],[78,-119],[87,-116],[93,-117],[89,-120],[77,-126],[57,-133],[42,-141],[39,-148],[39,-146],[42,-138],[46,-125],[50,-111],[53,-97],[53,-87],[50,-84],[44,-89],[45,-110],[50,-138],[52,-159],[51,-174],[52,-179],[55,-178],[58,-172],[61,-165],[62,-159],[58,-155],[54,-156],[48,-160]],[[197655,263330],[140,-42],[136,-44],[134,-45],[135,-46],[136,-48],[141,-49],[148,-51],[153,-52],[152,-51],[150,-49],[149,-48],[147,-47],[147,-47],[145,-47],[146,-47],[145,-48],[148,-49],[152,-51],[160,-52],[164,-53],[167,-53],[167,-54],[166,-53],[163,-53],[154,-52],[144,-49],[132,-48],[130,-55],[127,-61],[124,-66],[121,-68],[118,-68],[115,-66],[114,-62],[114,-55],[114,-46],[117,-43],[121,-47],[124,-51],[127,-57],[129,-61],[131,-65],[131,-66],[131,-64],[130,-59],[138,-49],[154,-38],[168,-30],[177,-28],[183,-30],[186,-34],[183,-41],[177,-52],[165,-66],[149,-74],[131,-74],[120,-76],[114,-81],[113,-87],[118,-93],[126,-99],[140,-103]],[[206436,259887],[90,132],[91,131],[92,131],[93,130],[95,129],[95,127],[97,125],[98,124],[102,122],[106,122],[109,122],[111,120],[113,120],[114,119],[113,118],[113,117],[54,56]],[[208122,261932],[-216,-113],[-262,191],[-458,85],[-664,-62],[-21,13],[-813,374],[-233,240],[9,461],[409,-100],[284,162],[408,-645],[6,0],[480,-59],[80,201],[430,54],[-78,594],[198,-16],[434,539],[-148,305],[291,54],[5,312],[326,330],[356,516],[-98,756],[478,627],[-99,170],[-38,41],[-547,444],[-233,317],[-71,570],[129,188],[-17,475],[-104,294],[163,418],[-171,451],[101,257]],[[208434,270407],[-128,282],[95,93]],[[206744,276357],[-389,-14],[-765,-121],[-237,-296],[-29,-142],[-274,-1321],[-136,-436],[-453,-673],[-546,-374],[-325,-132],[-240,-464],[152,-168],[-180,-276],[57,-237],[392,163],[151,-137],[-37,-663],[-156,-565],[207,-240],[-73,-191],[-318,-49],[-91,-565],[735,-327],[286,-217],[136,-575],[316,-552],[526,-206],[-157,-529],[-464,-887],[-216,417],[-196,109],[-720,681],[-1059,784],[-336,80],[-326,196],[-418,397],[-962,485],[-666,155],[-408,2],[-1185,232],[-99,-389],[-359,-10],[-78,-202],[320,-536],[58,-392],[219,15],[80,-415],[-398,-536],[-596,-117],[167,-433],[-247,-294],[-481,157],[-48,462],[305,325],[-454,516],[-767,-325],[-20,-117]],[[208226,262042],[64,67],[109,116],[106,116],[105,115],[102,116],[100,116],[99,116],[97,117],[95,118],[28,36]],[[209131,263075],[-360,-165],[-53,-178],[-377,-72],[-115,-618]],[[209510,263585],[42,58],[87,123],[87,124],[88,124],[88,124],[89,123],[91,123]],[[209916,264640],[-213,-219],[-171,-283],[-22,-553]],[[9678,271028],[18,-26],[76,-119],[80,-121],[87,-124],[101,-124],[116,-121],[129,-120],[138,-116],[145,-112],[153,-107],[156,-99],[162,-94],[174,-87],[171,-79],[156,-74],[133,-71],[109,-69],[89,-71],[80,-79],[83,-92],[100,-111],[120,-130],[135,-147],[138,-161],[133,-167],[121,-167],[104,-161],[83,-151],[60,-141],[49,-130],[49,-128],[55,-131],[66,-137],[75,-146],[82,-150],[82,-153],[75,-150],[61,-132],[48,-111],[40,-100],[34,-98],[33,-101],[34,-112],[43,-125],[58,-139],[80,-143],[101,-138],[118,-130],[132,-123],[143,-120],[150,-119],[149,-121],[138,-125],[124,-134],[118,-142],[112,-147],[109,-147],[107,-144],[108,-136],[110,-129],[116,-121],[119,-115],[106,-112],[91,-111],[78,-109],[69,-108],[62,-108],[63,-107],[73,-108],[83,-111],[81,-122],[74,-132],[63,-140],[49,-146],[39,-150],[37,-154],[49,-155]],[[16963,261637],[161,126],[186,122],[189,114],[177,101],[154,82],[130,60],[130,45],[138,38],[145,37],[145,39],[141,41],[132,45],[147,46],[157,48],[159,49],[152,53],[134,60],[107,59],[79,38],[64,28],[62,32],[74,45],[98,69],[123,100],[126,119],[136,127],[151,124],[166,114],[174,99],[170,87],[164,88],[146,91],[126,95],[110,94],[108,92],[122,84],[141,71],[159,58],[178,50],[185,45],[185,46],[173,51],[164,44],[161,32],[160,26],[163,24],[168,27],[174,34],[179,48],[182,71],[179,86],[172,96],[163,96],[152,89],[147,70],[162,47],[177,32],[183,25],[183,24],[176,30],[165,41],[150,55]],[[26227,265646],[25,153],[40,154],[56,150],[56,147],[38,149],[11,173],[-9,186],[-21,181],[-13,169],[12,161],[54,153],[94,157],[117,168],[113,182],[76,187],[36,171],[12,155],[6,148],[13,152],[37,165],[66,173],[44,100]],[[27090,269180],[-124,-23],[-126,21],[-540,85],[-83,70],[-88,-21],[-89,-10],[-86,-39],[-44,90],[-50,83],[-111,69],[-524,207],[-66,113],[-75,75],[-37,26],[-103,126],[-541,230],[-855,-142],[-2,5],[-127,-31],[-119,-28],[-122,38],[-112,-105],[-120,-36],[-142,59],[-26,0],[-299,119],[-93,41],[-60,64],[-56,78],[-127,64],[-104,11],[-11,-8],[-212,10],[-85,106],[-103,13],[-106,38],[-107,-20],[-98,-116],[-232,-47],[-64,36],[-63,96],[-132,75],[-133,82],[-137,-2],[-137,-29],[-134,65],[-139,0],[-134,-13],[-264,139],[-368,196],[-82,70],[-105,26],[-116,5],[-117,15],[-116,-5],[-118,-8],[-99,-62],[-94,-90],[-83,70],[-85,15],[-168,49],[-569,-124],[-83,70],[-87,21],[-86,28],[-84,54],[-86,-38],[-85,-65],[-84,-54],[-86,-16],[100,80],[43,93],[44,88],[-150,75],[-147,-75],[-150,-13],[-146,-13],[-51,292],[250,281],[-277,155],[-647,85],[-125,36],[-127,44],[-128,-18],[-61,-70],[-61,-57],[-111,-69],[-43,-96],[-51,-70],[-141,104],[-146,-36],[-58,12],[-12,93],[-6,34],[-33,250],[-436,328],[-48,-70],[-50,-70],[-32,-77],[-238,-408],[-160,-20],[-165,-60],[-61,145],[-80,67],[221,170],[96,57],[103,93],[-5,126],[-18,121],[-161,31],[-161,-10],[-260,90],[-2,0],[-83,93],[-176,36],[-175,29],[-106,-44],[-92,-116],[-45,-70],[-48,-70],[-34,-100],[-28,-116],[-104,-78],[-80,-10],[-93,41],[-95,0],[-76,-144],[-33,-85],[-37,-78],[-91,-46],[-86,-111],[-145,16],[-136,95],[-68,-54],[-66,-72],[-146,-42],[-138,-5],[-140,-46],[-38,-23],[-99,-62],[-142,23],[-132,15],[-132,83],[-53,-121],[-53,-119],[-70,-34],[-63,-90],[-110,10],[-111,-54],[-46,-74],[-38,-111],[-104,-104],[-66,-53]],[[287656,269134],[20,-57],[111,-164],[141,-164],[130,-156],[70,-148],[57,-168],[55,-187],[37,-188],[19,-167],[-4,-145],[-18,-165],[2,-184],[28,-192],[44,-176],[78,-142],[88,-117],[62,-116],[9,-143],[-56,-157],[-103,-143],[-123,-142],[-113,-150],[-66,-164],[-19,-182],[36,-173],[75,-152],[74,-137],[43,-153],[22,-185],[22,-187],[43,-158],[72,-107],[85,-65],[94,-83],[94,-136],[79,-182],[50,-169],[35,-124],[29,-100],[39,-117],[34,-168],[-13,-182],[-37,-188],[-31,-187],[1,-183],[38,-205],[66,-213],[79,-195],[64,-167],[22,-151],[-11,-166],[-48,-172],[-58,-168]],[[289103,260844],[135,-9],[142,-6],[154,-3],[163,-4],[172,-4],[176,-3],[179,-5],[179,-5],[176,-6],[169,-7],[159,-8],[147,-9],[133,-16],[123,-22],[115,-28],[112,-31],[111,-32],[115,-33],[122,-30],[133,-26],[149,-21],[164,-18],[176,-17],[185,-17],[190,-17],[193,-19],[191,-19],[186,-22],[178,-23],[167,-22],[156,-5],[149,9],[145,17],[145,19],[147,15],[153,7],[161,-8],[169,-28],[168,-45],[164,-55],[160,-61],[156,-61],[150,-56],[146,-49],[140,-40],[139,-28],[137,-22],[134,-19],[132,-21],[128,-24],[126,-31],[121,-37],[118,-44],[111,-50],[105,-55],[103,-60],[103,-63],[107,-63],[114,-60],[125,-52],[139,-44],[152,-32],[162,-21],[165,-11],[164,-5],[159,-4],[154,-12],[158,-15],[174,-8],[186,-7],[193,-7],[187,-10]],[[299902,259216],[97,49],[0,8541],[-691,616],[-359,328],[-475,54],[-728,382],[-529,136],[-200,168],[-278,26],[-208,23],[-366,206],[-354,-56],[-862,98],[-103,-78],[-24,-23],[-404,232],[-72,-348],[-491,366],[-685,80],[-578,173],[-600,90],[-75,-384],[62,-379],[-308,-168],[303,-191],[273,-652],[105,-547],[-576,-490],[-587,-98],[-37,-3],[-141,142],[-29,392],[-490,366],[-474,106],[-93,299],[42,395],[-477,459],[-627,-591],[-741,49],[-333,163],[-133,-13]],[[62522,266281],[40,-24],[134,-81],[132,-81],[131,-81],[129,-80],[128,-81],[127,-80],[126,-81],[125,-80],[124,-81],[124,-81],[124,-81],[124,-82],[123,-82],[125,-82],[125,-83],[65,-42]],[[64528,264998],[7,9],[-44,175],[177,1040],[-330,-176],[-523,380],[-212,263],[-513,152],[55,-284],[-342,-224],[-297,67],[16,-119]],[[65201,264563],[40,-26],[134,-83],[134,-83],[134,-83],[134,-82],[134,-81],[134,-82],[135,-81],[134,-80],[134,-81],[135,-80],[134,-81],[134,-81],[133,-81],[133,-81],[133,-82],[132,-82],[131,-83],[131,-84],[130,-84],[129,-86],[126,-89],[125,-92],[122,-95],[121,-97],[118,-100],[117,-101],[116,-103],[114,-104],[114,-105],[112,-105],[112,-104],[112,-105],[111,-103],[112,-103],[112,-101],[112,-99],[114,-97],[115,-94],[15,-13]],[[70003,261086],[51,106],[615,-547],[325,-113],[304,-493]],[[71298,260039],[38,-33],[56,-50]],[[71392,259956],[168,-113],[464,0],[772,887],[57,364],[374,289],[96,276],[-417,278],[-233,55],[-145,250],[145,165],[739,36],[284,98],[125,-619],[756,-196],[149,286],[206,-273],[238,-3],[-231,614],[242,108],[95,-343],[171,-49],[293,320],[331,152],[383,444],[190,457],[367,41],[95,224],[156,790],[-191,361],[-537,590],[-13,470],[-180,72],[-45,449],[635,346],[305,270],[-89,496],[-282,98],[291,418],[20,203],[-355,152],[-411,-64],[-46,400],[-275,333],[32,234],[-1006,80],[-503,317],[-843,-149],[-183,-302],[10,-410],[273,-722],[384,-101],[-385,-799],[-386,7],[-38,-704],[-157,-753],[-414,-537],[-122,-268],[22,-660],[-240,72],[-147,-361],[-319,-160],[-137,415],[-564,681],[-189,650],[77,320],[286,165],[127,279],[-192,1042],[-195,273],[-405,336],[-185,322],[-325,36],[-292,-444],[-19,-495],[-216,-451],[89,-170],[-137,-341],[-190,-10],[-117,-5],[-206,144],[92,335],[36,640],[-184,441],[-312,299],[200,302],[278,178],[-155,206],[-388,-54],[-269,341],[-321,-341],[-254,93],[-316,294],[177,397],[275,328],[-43,222],[377,44],[-146,459],[-231,-75],[-216,666],[-317,134],[-252,459],[45,536],[-113,459],[-709,653],[-196,286],[-413,-38],[112,389],[-117,116],[-578,-116],[-67,-498],[-160,3],[-154,-145],[-237,-227],[277,-98],[131,-46],[-118,-312],[-45,-116],[-279,268],[-193,-46],[-301,-570],[69,-217],[-113,-439],[368,-435],[-324,-679],[69,-474],[430,-681],[283,0],[200,-217],[458,-255],[226,131],[42,28],[204,-420],[335,-36],[320,211],[109,-376],[-232,-284],[-278,294],[-179,-62],[-75,-387],[161,-51],[-289,-434],[-65,-100],[-70,-287],[174,0],[277,8],[172,560],[276,-335],[-134,-563],[-395,-510],[-11,-21],[-110,-245],[-448,-480],[-317,88],[-293,-372],[-98,-415],[197,-152],[69,-315]],[[71648,259723],[13,-12],[108,-102],[108,-103],[108,-105],[107,-107],[107,-109],[67,-69]],[[72266,259116],[144,317],[-102,217],[-660,73]],[[26227,265646],[96,-139],[84,-129],[71,-118],[60,-109],[52,-104],[49,-103],[49,-109],[56,-118],[69,-135],[72,-152],[68,-165],[61,-168],[54,-165],[50,-159],[47,-149],[50,-138],[59,-131],[70,-132],[77,-144],[82,-157],[85,-166],[86,-170],[84,-167],[78,-154],[72,-135],[74,-121],[85,-118],[96,-122],[103,-133],[107,-146],[106,-157],[98,-161],[84,-157],[68,-151],[59,-151],[55,-152],[50,-151],[49,-150],[57,-150],[65,-146],[74,-145],[69,-139],[60,-126],[53,-112],[51,-98],[51,-89],[51,-87],[53,-97],[56,-119],[43,-139],[25,-151],[20,-158],[25,-160],[37,-155],[51,-143]],[[29783,258046],[148,-54],[148,-55],[146,-55],[145,-56],[145,-57],[142,-56],[142,-58],[140,-58],[139,-58],[137,-58],[136,-59],[134,-60],[133,-59],[132,-60],[131,-60],[130,-60],[129,-60],[128,-60],[128,-59],[127,-59],[126,-59],[125,-58],[126,-57],[125,-57],[126,-57],[127,-58],[127,-57]],[[33405,256482],[109,83],[119,93],[111,95],[107,96],[108,96],[115,90],[127,86],[134,95],[129,117],[120,122],[110,116],[103,100],[102,80],[110,69],[113,83],[111,101],[106,116],[101,120],[96,112],[93,91],[93,86],[94,83],[97,80],[98,77],[101,76],[106,70],[115,44],[122,29],[121,26],[117,35],[112,54],[107,84],[99,123],[101,153],[107,168],[115,173],[120,167],[117,151],[102,146],[82,155],[66,160],[59,160],[64,153],[85,138],[121,116]],[[38150,261150],[53,155],[84,136],[85,132],[65,146],[39,166],[19,165],[27,139],[45,108],[64,86],[75,81],[71,103],[51,152],[26,197],[11,217],[4,203],[8,169],[15,128],[23,105],[33,100],[38,108],[39,120],[31,132],[10,137],[-22,139],[-65,161],[-93,171],[-98,162],[-84,139],[-57,122],[-32,123],[-30,135],[-33,160],[-35,187],[-33,202],[-25,200],[-8,179],[10,168],[16,169],[3,175],[-20,185],[-42,197],[-38,210],[-12,211],[13,199],[28,178],[31,157],[15,141],[-18,135],[-45,135],[-53,139],[-43,148],[-19,159],[4,163],[14,155],[-2,155],[-25,167],[-48,183],[-61,194],[-59,196],[-70,178],[-90,155],[-95,137],[-88,126],[-30,50]],[[37727,270980],[-277,285],[-223,-271],[134,-325],[-288,-428],[52,-240],[-583,-671],[-106,227],[-53,111],[-979,-286],[-359,-542],[-352,82],[-370,-38],[-238,-423],[-422,-289],[-418,-165],[26,-333],[-323,59],[374,674],[562,224],[110,389],[764,199],[128,-144],[312,436],[825,490],[166,291],[-207,214],[-246,-314],[-326,141],[-533,-129],[-262,-307],[-308,-147],[-444,-402],[-351,119],[-290,-176],[-70,-322],[-198,-219],[-359,-36],[-670,557],[-198,-372],[-441,-5],[-576,-374],[-115,-183],[-19,-464],[104,-227],[-494,0],[-183,-78],[-445,165],[-772,413],[-461,312],[-436,508],[-655,240],[-144,-26]],[[125898,260222],[256,-217],[827,375],[618,-315],[170,162],[260,-113],[-676,-480],[-52,-131],[439,-129],[-545,-240],[-460,23],[-12,-145],[-527,-43],[-186,-78],[198,-376],[500,229],[787,-157],[-60,-258],[367,-748],[209,222],[244,-31],[-382,-230],[104,-222],[-314,-281],[-478,-222],[-24,-247],[321,82],[344,-41],[232,-36],[417,98],[619,-444],[216,-271],[360,-31],[413,-203],[469,-88],[658,281],[87,462],[408,70],[415,87],[466,341],[300,392],[458,224],[86,178],[313,-152],[247,330],[165,54],[10,488],[387,116],[150,170],[288,568],[5,260],[-136,289],[61,464],[-177,44],[-488,418],[-256,36],[67,534],[-55,132],[-337,-11],[98,539],[-288,-51],[-103,-225],[-306,263],[-213,545],[-441,-75],[102,-485],[-54,-201],[-368,-145],[-256,153],[-173,-431],[-209,23],[-211,310],[-326,72],[62,-537],[-262,91],[-133,415],[-332,-21],[-244,-144],[-115,-248],[69,-498],[-194,29],[-197,304],[-130,395],[-361,-114],[165,-624],[-57,-258],[-295,139],[-214,-201],[-149,-338],[10,-590],[-95,510],[-151,178],[-38,599],[116,193],[-34,307],[-344,193],[-21,233],[-393,221],[-144,310],[-406,75],[-205,-325],[196,-346],[-132,-106],[-376,194],[-278,-274],[-60,-446],[-166,-142],[-120,-655]],[[276404,265589],[67,-145],[87,-141],[117,-118],[142,-102],[140,-103],[96,-134],[45,-213],[10,-264],[5,-247],[26,-173],[55,-85],[61,-63],[41,-70],[19,-87],[14,-95],[41,-61],[75,-30],[96,-29],[93,-57],[66,-109],[87,-158],[100,-183],[85,-183],[53,-163],[13,-146],[-5,-154],[-8,-165],[4,-174],[27,-172],[40,-171],[47,-166],[58,-153],[63,-142],[62,-144],[48,-171],[47,-192],[60,-203],[81,-200],[100,-188],[102,-192],[74,-199],[42,-201],[31,-192],[54,-152],[86,-99],[101,-70],[81,-85],[36,-137],[7,-174],[-14,-189],[-27,-187]],[[279235,258158],[74,-100],[88,-80],[91,-56],[100,-42],[112,-39],[121,-50],[123,-70],[114,-86],[101,-81],[91,-67],[89,-54],[98,-49],[123,-53],[149,-61]],[[280709,257270],[139,45],[139,44],[139,44],[140,43],[140,42],[141,42],[140,42],[142,42],[141,42],[142,41],[142,43],[142,42],[143,43],[143,43],[143,44],[143,44],[144,45],[144,46],[144,46],[144,47],[144,47],[144,47],[144,48],[145,48],[144,48],[144,48],[144,48],[144,46],[143,46],[143,45],[142,44],[142,42],[141,39],[140,38],[139,36],[139,34],[138,33],[137,31],[138,30],[136,29],[137,27],[136,27],[136,24],[135,24],[135,22],[135,22],[135,20],[135,20],[135,19],[135,18],[135,18]],[[287864,259208],[91,126],[98,124],[102,119],[103,112],[100,104],[90,92],[75,85],[63,87],[56,93],[53,103],[55,112],[63,116],[76,119],[97,119],[117,125]],[[287656,269134],[-579,-57],[-345,129],[-353,330],[-220,-183],[-500,70],[-18,0],[-331,-155],[-287,59],[-628,-405],[-225,-250],[-31,-335],[145,-464],[-514,206],[51,379],[-84,789],[-466,75],[-494,279],[-93,188],[354,795],[-66,345],[-288,573],[-389,330],[-607,307],[-13,4]],[[38150,261150],[134,-61],[136,-62],[137,-64],[138,-64],[140,-67],[141,-67],[142,-69],[143,-70],[143,-71],[145,-73],[145,-74],[145,-74],[146,-76],[146,-76],[145,-76],[145,-77],[145,-77],[144,-77],[144,-78],[142,-77],[142,-78],[141,-78],[139,-78],[138,-77],[137,-77],[134,-77],[133,-76],[131,-76],[131,-77],[129,-77],[128,-77],[128,-77],[126,-77],[126,-78],[125,-78],[124,-78],[124,-78],[124,-79],[123,-78],[122,-80],[123,-79],[122,-80],[123,-80],[122,-80],[123,-81],[123,-82],[123,-82],[124,-82]],[[44584,257523],[113,97],[119,81],[122,68],[122,60],[121,57],[125,63],[127,74],[133,85],[144,90],[154,93],[164,95],[170,94],[171,92],[163,86],[147,84],[130,80],[116,78],[109,75],[108,75],[115,76],[129,79],[146,84],[156,87],[162,87],[164,83],[159,78],[146,74],[130,69],[108,81],[99,91],[99,93],[108,89],[122,80],[137,68],[149,55],[142,47],[129,46],[118,45],[111,48],[109,51],[112,56],[124,62]],[[50116,260679],[41,128],[45,106],[46,97],[42,99],[38,112],[29,136],[31,160],[34,170],[20,176],[2,180],[-14,179],[-18,177],[6,183],[51,199],[84,207],[92,202],[75,190],[38,170],[-3,146],[-27,128],[-33,112],[-27,98],[-13,93],[5,99],[18,114],[19,119],[18,125],[18,132],[24,138],[31,142],[5,22]],[[50793,265018],[-122,-39],[-527,-21],[-234,72],[-463,-26],[-459,93],[-335,163],[-278,-21],[-358,271],[305,464],[243,18],[54,248],[662,82],[-124,586],[-673,647],[-511,240],[-486,18],[-40,-338],[-1563,431],[-538,436],[-1372,387],[-347,330],[-634,457],[-126,28],[-391,90],[-379,-46],[-403,82],[-174,-149],[-13,-599],[-316,-252],[-761,-29],[8,243],[304,420],[-373,150],[105,879],[-515,-209],[78,-227],[-117,-428],[-284,-116],[-45,-193],[231,-320],[-255,-302],[-423,212],[-260,240],[-389,526],[-366,1052],[-402,412]],[[172167,260888],[16,-111]],[[172183,260777],[18,-111],[-346,-173],[20,-279],[-4,-371],[11,-104],[11,-103],[16,-103],[21,-102],[25,-101],[-202,-230],[168,-423],[234,-26],[97,-224],[-174,-214]],[[172078,258213],[91,-399]],[[172169,257814],[73,6],[151,13],[150,14],[151,15],[150,15],[151,14],[152,15],[152,13],[152,13],[153,11],[151,10],[152,8],[151,2],[152,-2],[151,-6],[149,-9],[149,-10],[147,-11],[146,-11],[143,-9],[142,-5],[141,-2],[139,4],[138,10],[141,16],[145,20],[146,23],[149,26],[95,16]],[[176331,258013],[23,272],[-162,302],[124,222],[-104,412],[-379,759],[349,443],[70,614],[-315,521],[-745,423],[70,292],[-463,245],[-97,39],[-140,28],[6,413],[-351,296],[-136,325],[51,227],[403,-193],[-5,-219],[544,-547],[686,-119],[130,-266],[376,119],[427,-400],[873,-271],[412,-31],[888,-412],[534,-88],[670,175],[633,328],[312,279],[623,869],[159,441],[-19,346],[-203,175],[33,377],[-122,95],[16,500],[-189,70],[-800,720],[-287,28],[-739,668],[-188,-54],[-645,792],[-185,64],[-1036,797],[-783,351],[-53,-121],[-519,72],[-203,129],[-485,65],[-280,185],[-712,165],[363,356],[-165,261],[-341,41],[-398,356],[-547,-547],[-487,199]],[[177837,258430],[60,57],[86,84],[83,85],[83,86],[82,87],[84,89],[86,91],[87,93],[90,96],[17,17]],[[178595,259215],[-515,290],[-170,-464],[-206,-134],[-5,-400],[138,-77]],[[182163,261886],[118,70],[145,86],[146,89],[148,90],[88,54]],[[182808,262275],[-302,199],[-288,-524],[-55,-64]],[[183845,263962],[20,53],[65,163],[63,159],[60,155],[54,152],[48,149],[44,151],[42,152],[38,154],[34,156],[32,157],[29,155],[26,153],[20,151],[16,146],[11,144],[7,141],[3,141],[-7,142],[-14,120]],[[184436,266856],[-412,8],[-425,255],[-130,-118],[710,-609],[71,-168],[-202,-1485],[-208,-774],[5,-3]],[[238875,263937],[57,-148],[63,-127],[67,-108],[65,-99],[55,-99],[39,-106],[40,-125],[55,-145],[70,-157],[80,-155],[81,-138],[73,-107],[76,-67],[80,-41],[85,-35],[86,-47],[85,-75],[78,-112],[67,-140],[52,-152],[40,-155],[32,-150],[36,-138],[48,-118],[52,-95],[51,-81],[54,-77],[58,-83],[65,-99],[72,-123],[69,-140],[55,-140],[42,-130],[36,-121],[40,-119],[60,-130],[77,-160],[81,-190],[82,-211],[78,-220],[70,-219],[58,-208],[47,-191],[35,-181],[24,-180],[15,-184],[15,-190],[24,-197],[44,-195],[70,-188],[89,-175],[97,-162],[94,-155],[78,-151]],[[242117,256498],[136,30],[136,29],[136,30],[136,29],[136,29],[136,28],[136,28],[137,28],[137,27],[137,27],[137,28],[137,27],[138,27],[138,26],[139,27],[139,27],[139,29],[138,31],[137,34],[136,36],[136,38],[134,39],[135,39],[134,39],[135,39],[134,36],[136,35],[135,32],[137,27],[138,24],[140,18],[140,19],[141,23],[142,26],[143,27],[143,28],[143,29],[144,27],[146,26],[146,24],[146,20],[147,16],[146,11],[146,4],[145,-2],[143,-9],[140,-14]],[[248653,257696],[48,173],[41,154],[35,137],[31,128],[26,123],[25,124],[26,126],[28,133],[31,138],[39,144],[44,129],[48,117],[51,113],[54,116],[55,124],[54,137],[51,149],[44,162],[38,170],[37,174],[38,172],[40,170],[41,165],[40,159],[37,148],[39,137],[49,139],[55,143],[57,152],[54,163],[49,169],[41,171],[36,166],[33,160],[44,168],[56,174],[65,174],[71,171],[76,164],[77,156],[77,143],[72,129],[60,121],[47,122],[32,129],[22,139],[19,145],[24,145],[37,142],[60,134],[78,122],[87,118],[83,121],[73,128],[58,139],[45,149]],[[183845,263962],[370,-198],[251,-449],[-111,-317],[108,-225],[-231,-570],[-53,-255]],[[184179,261948],[30,-25],[122,-94],[132,-93],[140,-97],[146,-101],[149,-109],[149,-120],[150,-127],[151,-130],[149,-134],[142,-135],[136,-135],[124,-132],[112,-126],[96,-118],[81,-109],[68,-101],[51,-97],[38,-97],[32,-100],[29,-102],[30,-106],[33,-109],[38,-110],[44,-108],[48,-103],[55,-96],[63,-83],[72,-71],[77,-66],[78,-69],[78,-76],[73,-89],[70,-103],[67,-116],[66,-127],[69,-133],[69,-132],[68,-131],[67,-127],[67,-127],[68,-128],[74,-129],[81,-133],[90,-139],[100,-143]],[[188051,256912],[138,9],[142,8],[146,9],[149,10],[151,12],[154,12],[156,13],[156,13],[158,12],[158,12],[158,11],[156,8],[155,6],[153,3],[150,-1],[148,-5],[147,-11],[146,-16],[146,-19],[145,-21],[144,-21],[143,-20],[143,-18],[142,-15],[142,-10],[142,-4],[141,3],[142,11],[142,20],[145,29],[147,34],[148,40],[150,43],[149,46],[149,47],[149,47],[146,46],[145,44],[142,42],[139,40],[136,35],[133,32],[130,32],[128,33],[126,35],[126,37],[125,37],[126,39],[126,39]],[[195109,257700],[70,115],[66,111],[64,108],[61,104],[59,103],[58,101],[57,103],[58,106],[61,111],[64,119],[69,127],[74,135],[79,143],[82,150],[86,155],[87,160],[88,161],[86,161],[84,160],[82,156],[77,152],[71,145],[66,140],[58,136],[51,137],[47,138],[42,140],[41,143],[40,147],[40,151],[43,155],[44,159],[49,163],[51,165],[56,167],[60,166],[64,164],[68,162],[71,157],[72,154]],[[195942,267410],[-18,-105],[-282,-13],[-236,-402],[-407,18],[-190,155],[-1057,-173],[-384,-351],[-60,-462],[-343,245],[-192,-201],[-863,101],[74,204],[527,90],[-180,578],[326,755],[-572,-178],[-534,-335],[-261,-325],[194,-309],[-279,-302],[-210,139],[-82,302],[-421,-127],[-519,-309],[-135,77],[-316,-338],[-657,-515],[-450,-264],[-244,3],[69,-379],[-573,-10],[-365,-269],[104,-255],[-213,-526],[23,-441],[-677,-338],[-375,77],[-379,-106],[-166,116],[-217,594],[-552,356],[65,456],[250,134],[28,297],[559,75],[613,183],[-164,624],[-430,418],[-72,255],[-546,212],[-717,15]],[[266725,262503],[115,-163],[65,-150],[27,-159],[6,-158],[-3,-150],[-1,-143],[8,-147],[20,-160],[30,-179],[34,-189],[28,-182],[16,-153],[23,-118],[34,-97],[42,-85],[48,-84],[65,-92],[82,-95],[81,-99],[71,-102],[62,-99],[67,-87],[100,-58],[126,-45],[128,-57],[106,-97],[68,-160],[44,-232],[41,-262],[44,-255],[56,-220],[71,-172],[54,-123],[31,-98],[21,-96],[33,-116],[74,-142],[129,-118],[157,-97],[149,-94],[111,-108],[55,-137],[20,-155],[18,-162],[33,-158],[54,-149],[65,-146],[55,-195],[36,-243],[23,-260]],[[269547,255457],[95,-139],[102,-103],[110,-70],[114,-56],[118,-49],[120,-46],[118,-53],[110,-65],[103,-78],[102,-64],[102,-51]],[[270741,254683],[120,72],[121,72],[121,70],[120,70],[122,69],[121,67],[123,67],[123,64],[125,64],[126,63],[128,62],[129,62],[131,61],[131,61],[133,60],[134,59],[135,59],[135,58],[136,58],[137,57],[137,56],[137,57],[138,55],[138,55],[137,55],[137,54],[138,53],[136,53],[137,52],[136,52],[135,52],[134,51],[134,50],[133,50],[132,50],[132,50],[130,49],[130,49],[128,49],[129,50],[128,49],[127,49],[128,50],[128,49],[127,49],[128,49],[128,49],[128,49],[128,48],[128,48],[129,48],[129,47],[129,47],[130,47],[130,46],[131,46],[131,45],[132,45],[132,44],[133,43],[133,43],[134,43],[134,42],[135,42],[135,41]],[[248653,257696],[84,-165],[78,-181],[76,-184],[79,-172],[89,-150],[106,-151],[119,-161],[124,-166],[120,-164],[108,-153],[92,-134],[98,-112],[120,-89],[134,-72],[140,-61],[144,-59],[144,-67],[145,-80],[145,-93],[147,-100],[147,-98],[147,-89],[146,-76],[120,-72],[88,-82],[68,-95],[59,-113]],[[251720,254557],[124,35],[124,34],[124,33],[125,34],[126,33],[129,34],[130,33],[131,33],[130,34],[131,33],[131,34],[131,32],[131,33],[132,32],[132,31],[131,31],[132,30],[132,29],[131,29],[132,29],[131,28],[131,27],[130,27],[129,26],[129,26],[128,26],[127,27],[125,29],[125,29],[124,29],[123,31],[123,30],[123,30],[122,30],[123,30],[123,29],[124,28],[124,26],[126,25],[128,22],[129,21],[132,17],[134,15],[135,13],[137,10],[139,9],[140,7],[142,6],[143,5],[144,5],[142,3]],[[258344,255869],[34,154],[27,144],[27,134],[31,127],[44,123],[59,118],[74,113],[83,115],[86,118],[83,126],[75,134],[62,145],[49,169],[41,197],[29,208],[17,208],[7,196],[4,178],[10,158],[27,139],[40,131],[52,125],[65,123],[71,115],[69,113],[61,114],[53,117],[48,125],[48,141],[53,159],[60,173],[65,181],[66,175],[63,155],[54,123],[47,105],[49,95],[46,88],[37,87],[26,91],[21,100]],[[5062,258157],[53,2],[115,0],[120,0],[127,4],[134,10],[140,14],[144,17],[148,18],[150,18],[152,17],[153,14],[153,12],[152,6],[150,2],[148,-5],[147,-10],[146,-13],[146,-16],[146,-17],[148,-17],[149,-16],[40,-4]],[[8023,258193],[6,9],[43,44],[37,26],[58,44],[56,57],[46,77],[64,67],[89,49],[70,-5],[54,70],[96,51],[64,-36],[60,-49],[128,36],[204,361],[54,-121],[63,-82],[66,-57],[72,-23],[8,-101],[22,-85],[11,-34],[27,-141],[-117,-177]],[[9304,258173],[163,4],[175,3],[175,2],[174,0],[172,-1],[170,-2],[167,-5],[164,-6],[161,-8],[157,-9],[154,-10],[148,-11],[144,-10],[142,-10],[139,-11],[137,-11],[137,-11],[136,-12],[136,-13],[137,-13],[137,-15],[139,-15],[140,-17],[142,-18],[143,-20],[145,-22],[146,-22],[146,-22],[148,-24],[148,-23],[148,-25]],[[13974,257816],[128,86],[119,84],[107,81],[91,75],[74,69],[65,67],[64,69],[68,72],[79,76],[111,67],[152,53],[179,45],[180,42],[157,51],[124,74],[132,94],[137,102],[133,99],[122,86],[109,68],[99,52],[96,44],[96,46],[99,54]],[[16695,259472],[3,117],[10,134],[42,143],[83,160],[107,178],[98,193],[48,209],[-15,217],[-51,217],[-54,211],[-27,201],[24,185]],[[9678,271028],[-303,-243],[-107,-21],[-101,-64],[-105,-26],[-101,-85],[-144,13],[-141,2],[-145,88],[-142,-65],[-105,-67],[-103,-90],[-43,-80],[-48,-57],[-45,-90],[-38,-88],[-40,-98],[-22,-126],[-262,-266],[-2,0],[-92,-95],[-29,-111],[-23,-111],[-29,-113],[-13,-127],[-24,-116],[-13,-124],[-28,-113],[-14,-127],[-399,-523],[-616,-413],[-1124,-147],[-486,28],[-1,-85],[-9,-82],[4,-85],[-5,-85],[5,-86],[0,-87],[3,-57],[0,-111],[-82,-52],[-64,-123],[-69,-106],[-23,-83],[-25,-80],[379,-265],[148,-222],[104,-90],[71,18],[102,-44],[37,-26],[107,-26],[1094,-959],[295,-625],[5,-144],[21,-134],[42,-101],[33,-123],[132,-57],[130,-88],[133,-49],[133,-46],[132,18],[137,-13],[133,-65],[136,57],[128,-57],[131,39],[58,75],[62,44],[1,5],[134,36],[88,-222],[-39,-124],[-24,-142],[-10,-69],[-46,-207],[64,-80],[14,-12],[184,-212],[105,-36],[106,-31],[88,83],[32,85],[31,87],[111,-18],[109,57],[262,-142],[22,-15],[65,-73],[69,-43],[144,-26],[-24,-137],[1,-144],[-118,-11],[-113,98],[-115,-62],[-113,-90],[-165,173],[-9,15],[-62,55],[-117,62],[-118,46],[-49,-98],[-59,-49],[-121,-28],[-75,82],[-24,49],[-102,111],[-99,106],[-2,0],[-3,20],[-22,11],[-76,77],[35,106],[21,131],[-66,104],[-4,-24],[0,-80],[-5,-82],[-31,-142],[-3,-23],[-48,44],[-56,87],[50,-85],[52,-72],[341,-526],[132,-49],[18,8],[233,-62],[4,-3],[130,-31],[18,-299],[-94,67],[-96,44],[-99,33],[-99,-33],[-74,-116],[-81,-83],[-76,-113],[-28,-80],[-33,-80],[-111,62],[-115,10],[-224,-46],[-90,15],[-92,-52],[-41,93],[-50,49],[-306,-69],[-475,18],[-182,193],[-2,511],[119,224],[-47,75],[-44,83],[-104,74],[-80,49],[-76,78],[-80,18],[-84,-16],[-80,-31],[-77,-64],[-75,-67],[-75,-85],[-52,-39],[-17,-28],[-128,-142],[-304,-49],[-108,-67],[-94,0],[-46,-62],[-22,-44],[-122,-77],[-105,-176],[-711,-397],[-114,-157],[-31,-23],[-73,-106],[-71,-114],[-242,44],[-82,-67],[-80,-77],[-77,-98],[-11,-21],[-377,-402],[582,-416],[392,-36],[212,-62],[52,-69],[80,28],[107,-33],[15,-13],[71,-13],[51,-114],[-146,-149],[-73,-36],[-108,-101],[-50,-62],[-48,-85],[69,-126],[80,-60],[76,-100],[83,-67],[-26,-88],[-25,-85],[-20,-93],[-14,-103],[65,-88],[48,-144],[67,-70],[74,-3],[232,-71]],[[50116,260679],[104,-103],[104,-103],[103,-103],[102,-102],[100,-103],[98,-103],[96,-105],[95,-104],[93,-106],[92,-107],[92,-108],[92,-110],[95,-113],[96,-114],[99,-115],[99,-116],[102,-117],[102,-118],[104,-119],[105,-120],[104,-120],[105,-121],[106,-123],[107,-123],[108,-124],[107,-123],[106,-123],[105,-122],[104,-122],[103,-123],[100,-125],[97,-130],[94,-133],[89,-135],[87,-135],[83,-136],[81,-135],[79,-134],[78,-133],[77,-131],[77,-130],[79,-128],[82,-126],[89,-125],[97,-123],[103,-119],[107,-117],[108,-113],[107,-113],[106,-112],[103,-112],[102,-113],[99,-114],[95,-115],[93,-116],[90,-117],[86,-118],[83,-119],[80,-118],[78,-118],[75,-119]],[[55948,253454],[107,91],[89,102],[77,104],[69,100],[69,90],[76,77],[91,60],[106,45],[113,34],[111,29],[107,26],[98,27],[89,33],[83,41],[81,51],[86,62],[91,72],[98,80],[103,87],[108,88],[112,86],[117,79],[131,75],[139,73],[146,73],[150,76],[150,82],[147,94],[143,107],[143,116],[146,126],[148,135],[150,143],[152,146],[151,141],[147,126],[150,115],[155,106],[157,93],[154,81],[148,70],[140,65]],[[60976,256961],[31,147],[17,149],[7,139],[-5,135],[-14,137],[-22,145],[-29,156],[-33,167],[-36,175],[-47,185],[-49,191],[-44,192],[-35,191],[-25,185],[-12,175],[3,156],[30,127],[45,108],[48,101],[37,100],[21,108],[5,118],[-6,128],[4,131],[15,128],[25,126],[29,128],[24,139],[13,148],[4,159],[3,183],[-1,194],[-11,193],[-21,184],[-25,176],[-20,172],[0,174],[38,172],[73,169],[90,159],[94,155],[86,153],[67,154],[42,154],[19,149],[-2,137],[-19,122],[-27,110],[-22,107],[-1,113],[30,132],[38,164],[44,187],[52,199],[32,108]],[[61536,265255],[-415,77],[-470,0],[-200,-217],[-251,54],[-239,-201],[-352,227],[-6,-2],[-254,-145],[-291,145],[-140,64],[-168,248],[-353,206],[-137,245],[-302,-235],[-516,26],[-163,227],[65,209],[-427,67],[-376,403],[114,167],[-58,416],[-231,319],[-384,171],[-934,-532],[-846,-173],[-458,-760],[353,-11],[53,-250],[528,119],[-107,273],[609,-75],[103,147],[379,114],[41,229],[548,245],[154,-322],[-492,-227],[-185,-294],[-374,-271],[-429,-178],[-433,-407],[-36,-354],[345,-423],[-63,-265],[108,-364],[240,-271],[-200,-361],[-236,191],[88,-666],[-483,717],[288,52],[-94,490],[-389,330],[-123,423],[-284,-214],[-127,410],[-527,201],[-238,341],[-385,-31],[-458,-353],[-47,-37],[-237,122],[-841,-273]],[[153163,254672],[8,-5],[129,-76],[130,-77],[128,-76],[127,-77],[124,-76],[121,-74],[119,-73],[116,-70],[115,-68],[113,-64],[114,-61],[117,-58],[121,-54],[126,-49],[132,-46],[138,-41],[141,-38],[144,-34],[145,-33],[144,-32],[141,-31],[136,-32],[128,-33],[119,-36],[109,-39],[100,-43],[94,-46],[90,-47],[88,-49],[90,-49],[92,-50],[98,-51],[105,-50],[112,-49],[122,-48],[132,-45],[139,-45],[144,-44],[146,-45],[146,-46],[144,-47],[140,-50],[136,-51],[131,-54],[127,-56],[122,-59],[121,-61],[120,-64],[119,-64],[120,-66],[122,-69],[125,-71],[127,-74],[129,-76],[131,-76],[131,-77],[132,-75],[130,-73],[129,-68],[127,-64],[127,-63],[128,-62],[128,-61],[128,-62],[48,-23]],[[161168,251046],[-59,233],[-6,527],[255,170],[-43,446],[134,482],[-97,403],[165,240],[391,327],[-99,503],[506,173],[-41,276],[127,330],[354,5],[239,609],[376,147],[636,640],[159,-54],[176,405],[54,363],[53,86]],[[164448,257357],[19,80],[47,175],[50,179],[53,181],[55,182],[56,182],[3,8]],[[164731,258344],[-147,416],[346,505],[-72,612]],[[159379,265326],[-11,-4],[-16,-356],[-269,-421],[64,-144],[-340,-310],[-152,-642],[-457,-322],[-181,-354],[-159,-31],[-178,-351],[125,-675],[-311,-122],[42,-381],[-476,-699],[210,-449],[-218,-276],[137,-351],[-262,-320],[-20,23],[-115,119],[-226,-188],[-319,-671],[104,-325],[-137,-235],[-242,256],[-384,-271],[284,-250],[-125,-307],[-30,-426],[-252,-464],[-208,-173],[-44,-250],[616,387],[154,363],[320,-193],[-608,-384],[106,-400],[-492,59],[-291,-88],[-223,473],[-449,-527],[-325,54],[-152,-500],[220,23],[-19,-23],[-189,-155],[-333,42],[-203,-119],[-182,-296]],[[16695,259472],[145,-81],[145,-80],[145,-77],[144,-75],[144,-73],[141,-72],[138,-70],[135,-70],[130,-70],[125,-70],[122,-69],[121,-70],[119,-69],[116,-70],[116,-71],[113,-73],[109,-75],[107,-76],[103,-79],[101,-81],[97,-83],[94,-85],[92,-87],[91,-89],[90,-91],[90,-93],[92,-94],[96,-96],[100,-97],[106,-98],[113,-99],[122,-99],[130,-99],[135,-100],[137,-102],[137,-104],[135,-105],[130,-104],[123,-102],[116,-101],[109,-100],[101,-96],[94,-95],[88,-94],[83,-93],[81,-94],[82,-96],[84,-99],[89,-100],[94,-102],[99,-101],[104,-100],[107,-101],[109,-102],[111,-102],[112,-105],[111,-106],[110,-109],[107,-110],[106,-112],[102,-112],[98,-113],[95,-111],[90,-110],[84,-107]],[[23890,253503],[117,102],[86,114],[71,120],[73,115],[92,106],[127,90],[155,70],[168,57],[174,58],[171,69],[148,89],[117,110],[107,120],[102,127],[101,132],[104,130],[108,124],[120,122],[130,128],[136,127],[135,121],[128,107],[113,91],[82,89],[46,89],[26,84],[20,73],[31,62],[53,52],[62,49],[60,57],[55,72],[52,88],[54,98],[62,98],[67,99],[75,101],[87,102],[103,101],[118,95],[134,82],[162,73],[181,65],[186,58],[179,51],[161,46],[140,39],[142,33],[141,30],[137,30],[130,35],[121,44],[117,54],[126,65]],[[60976,256961],[118,-76],[118,-76],[116,-77],[116,-77],[115,-77],[115,-78],[114,-77],[113,-78],[113,-78],[113,-78],[113,-78],[113,-78],[112,-79],[113,-78],[112,-79],[113,-79],[114,-79],[114,-79],[114,-80],[115,-79],[116,-80],[115,-79],[116,-78],[115,-76],[115,-76],[114,-75],[114,-73],[114,-73],[114,-72],[113,-71],[113,-71],[113,-71],[112,-70],[112,-70],[112,-70],[112,-71],[111,-71],[111,-72],[111,-72],[111,-73],[110,-74],[110,-76],[110,-76],[110,-79],[108,-81],[107,-85],[106,-88],[104,-91],[104,-94],[102,-96],[101,-98],[100,-99],[100,-101],[99,-101],[98,-102],[2,-2]],[[67095,252594],[186,215],[-110,162],[411,140],[-115,492],[396,209],[238,-64],[71,235],[-258,54],[-219,273],[412,119],[457,-129],[348,358],[174,-31],[158,287],[-47,451],[-274,434],[-484,247],[-170,268],[-293,-2],[-431,162],[-491,279],[-274,-132],[-195,307],[241,91],[587,-292],[353,-273],[857,-160],[336,-250],[194,-26],[495,188],[302,645],[208,147],[335,33],[27,-12],[349,-132],[589,457],[235,742],[144,88],[429,942]],[[71648,259723],[-1038,115],[-297,384],[-386,707],[76,157]],[[65201,264563],[110,-505],[-230,-98],[-186,356],[-288,-346],[-326,709],[247,319]],[[62522,266281],[64,-464],[240,-415],[445,278],[448,-498],[51,-214],[-452,-170],[-428,340],[-123,341],[-241,284],[-177,-186],[312,-322],[-472,-225],[-431,183],[-222,42]],[[71298,260039],[21,-34],[73,-49]],[[33405,256482],[40,-131],[44,-126],[38,-122],[25,-115],[14,-114],[7,-119],[2,-125],[-1,-136],[-1,-144],[1,-147],[5,-142],[13,-131],[22,-114],[17,-109],[9,-113],[3,-121],[2,-132],[6,-142],[15,-149],[31,-149],[39,-144],[36,-139],[37,-130],[43,-127],[53,-124],[66,-122],[78,-127],[93,-135],[100,-137],[97,-139],[87,-139],[74,-140],[65,-141],[63,-144],[69,-151],[74,-165],[76,-178]],[[34847,251519],[117,-55],[117,-56],[117,-57],[117,-59],[117,-60],[117,-62],[117,-63],[117,-65],[116,-66],[116,-67],[117,-68],[116,-69],[116,-70],[115,-71],[116,-71],[115,-71],[116,-72],[115,-71],[115,-71],[115,-71],[114,-71],[115,-71],[114,-70],[114,-69],[114,-69],[113,-68],[113,-67],[113,-66],[113,-65],[112,-65],[112,-63],[112,-61],[112,-61],[113,-61],[114,-60],[115,-61],[116,-61],[117,-61],[117,-61],[118,-61],[118,-62],[118,-62],[119,-62],[118,-63],[119,-63],[118,-64],[119,-64],[118,-65],[118,-66],[117,-66],[117,-66],[116,-67],[116,-68],[115,-68],[114,-70],[113,-69],[113,-70],[111,-71]],[[41549,247726],[34,85],[38,91],[45,99],[46,112],[38,126],[41,131],[56,127],[78,116],[99,101],[116,84],[123,89],[128,102],[129,110],[127,110],[126,103],[126,86],[124,63],[113,47],[105,39],[102,36],[103,38],[108,46],[117,62],[115,73],[101,77],[91,80],[85,83],[85,85],[90,88],[100,92],[104,101]],[[44442,250408],[0,169],[-17,173],[-31,172],[-32,170],[-17,167],[4,169],[12,175],[22,177],[28,177],[34,172],[40,162],[42,145],[31,138],[12,131],[-4,128],[-15,128],[-17,137],[-8,156],[0,181],[3,203],[7,215],[13,223],[16,221],[18,217],[15,206],[2,185],[-12,165],[-26,150],[-27,139],[-16,135],[4,138],[18,128],[25,120],[25,120],[21,126],[14,135],[6,143],[-3,157],[-8,178],[-10,192],[-10,200],[-10,201],[-7,191]],[[206436,259887],[38,-200],[52,-195],[60,-184],[63,-168],[64,-151],[63,-139],[59,-133],[50,-136],[36,-144],[21,-153],[5,-163],[-5,-167],[-7,-167],[0,-160],[12,-146],[24,-133],[34,-121],[37,-114],[32,-112],[25,-117],[19,-123],[10,-129],[0,-130],[-10,-128],[-22,-125]],[[207096,256249],[66,-42],[60,-40],[61,-40],[67,-42],[81,-48],[101,-56],[111,-60],[118,-65],[123,-69],[128,-73],[130,-77],[130,-80],[125,-82],[118,-80],[110,-75],[103,-70],[100,-69],[102,-71],[104,-74],[110,-81],[116,-86],[121,-92],[127,-95],[134,-96],[134,-96],[130,-94],[124,-94],[116,-92],[112,-93],[109,-93],[112,-97],[129,-97],[145,-99],[153,-100],[158,-102],[152,-103],[142,-104],[126,-104],[109,-106],[97,-111],[90,-119],[90,-124],[93,-128],[97,-131],[102,-129],[106,-125],[109,-117],[103,-113],[99,-112],[96,-112],[95,-112],[97,-111],[98,-109],[100,-108],[102,-104],[103,-99],[101,-92],[93,-85],[86,-82]],[[213550,250889],[107,97],[105,97],[103,98],[102,97],[100,96],[99,97],[99,96],[100,96],[100,95],[101,95],[101,94],[103,93],[103,92],[105,91],[105,90],[107,90],[107,88],[109,88],[109,87],[110,86],[110,86],[111,85],[111,85],[111,84],[111,84],[110,84],[110,84],[108,84],[105,84],[102,83],[100,82],[98,82],[97,82],[95,81],[95,80],[94,80],[95,79],[95,78],[96,78],[97,77],[99,77],[100,76],[102,76],[105,75],[107,75]],[[218189,254773],[-35,180],[-20,179],[2,181],[19,189],[29,192],[35,186],[36,172],[34,153],[29,133],[22,115],[15,106],[6,110],[-7,126],[-18,148],[-27,166],[-32,178],[-33,178],[-27,168],[-15,155],[-3,140],[10,129],[10,132],[7,135],[2,138],[-3,140],[-5,142],[-4,144],[1,144],[15,135],[29,128],[46,123],[57,126],[56,134],[48,148],[36,163],[22,177],[12,186],[3,187],[0,180],[-14,183],[-26,183],[-33,184],[-31,183],[-24,181],[-13,179],[-2,173],[7,165]],[[209510,263585],[-3,-84],[-315,-398],[-61,-28]],[[208226,262042],[-11,-61],[-93,-49]],[[111772,260135],[-123,87],[-123,85]],[[111402,260393],[-124,85],[-125,85]],[[110015,261313],[-257,163]],[[108724,261280],[-147,-30],[-147,-30]],[[107990,261127],[-293,-65]],[[104813,260326],[-143,-41],[-141,-42]],[[102981,259758],[-140,-46],[-139,-47]],[[101955,259405],[-5,-106],[36,-96],[40,-74],[45,-62],[42,-73],[43,-67],[40,-80],[98,-77],[-61,-85],[-62,-72],[-37,-75],[-77,-114],[113,-183],[-113,-121],[-5,-90],[7,-88],[-12,-83],[-7,-87],[11,-85],[14,-73],[2,-185],[133,-49],[133,54],[77,113],[31,80],[37,62],[74,124],[26,90],[35,75],[34,62],[24,85],[29,72],[22,91],[5,23],[101,294],[74,-52],[67,-87],[76,2],[76,-28],[155,216],[6,6],[54,77],[-148,356],[-96,309],[96,31],[92,93],[-51,-56],[-48,-62],[37,-124],[25,-139],[29,-135],[23,-144],[39,-119],[44,-111],[53,-82],[57,-57],[-168,-155],[-29,-15],[-64,-70],[30,-87],[37,-68],[21,-36],[50,-108],[-123,-10],[-61,-36],[-53,-83],[-120,-260],[-29,-62],[-49,-109],[-367,0],[-10,11],[-131,-11],[54,-111],[66,-54],[59,-82],[67,-29],[-7,-149],[1,-152],[20,-142],[18,-142],[-115,-281],[41,-60],[41,-67],[90,-90],[85,-116],[91,-77],[25,-248],[0,-5],[2,-23],[15,-168],[5,-67],[4,-31],[13,-137],[71,-44],[71,-38],[250,180],[9,-173],[-7,-103],[3,-139],[23,-129],[326,-467],[-51,-281],[-6,-18],[-4,-31],[-50,-274],[61,-103],[57,-113],[63,-101],[69,-49],[66,-51],[69,-34],[58,3],[79,-34],[328,-591],[-105,-322],[39,-139],[17,-75],[11,-80],[47,-124],[51,-111],[329,-443],[92,-16],[41,-31],[67,-13],[66,13],[-63,-369],[74,-87],[80,-57],[66,-132],[79,-64],[81,-44],[79,-70],[82,18],[84,-10],[-23,-77],[-10,-93],[-9,-96],[3,-95],[261,-23],[53,-18],[106,5],[82,-3],[80,49],[82,-23],[80,54],[167,-137],[57,86],[31,103],[109,235],[216,198],[293,-369],[28,-245],[237,-142],[-219,-345],[502,-134],[76,-88],[76,-83],[121,-15],[56,54],[57,57],[2,-85],[-2,-88],[-1,-85],[11,-83],[-222,-252],[133,-274],[1,-5],[49,-95],[76,-101],[85,-16],[83,-31],[83,37],[53,170],[17,46],[23,78],[416,144],[95,-39],[92,-59],[5,-8],[-263,78],[34,-114],[21,-134],[52,-57],[41,-100],[265,-142],[70,211],[91,21],[102,5],[94,88],[-66,18],[94,-8],[17,96],[23,87],[6,106],[-3,103],[-47,106],[-51,88],[0,2],[-96,191],[99,253],[79,18],[82,10],[48,57],[108,44],[-50,508],[59,49],[49,101],[30,136],[46,106],[-32,586],[94,33],[83,119],[-22,374],[93,364],[49,85],[47,98],[7,13],[88,172],[35,147],[33,153],[-194,7],[-65,3],[128,511],[-61,123],[-65,104],[140,188],[-24,82],[-27,78],[-63,129],[-372,235],[96,36],[168,180],[15,5],[61,78],[348,-41],[225,105],[51,96],[28,111],[23,59],[32,67],[39,124],[16,93],[19,90],[22,88],[6,103],[-370,521],[80,-44],[81,-21],[36,16],[432,-108],[60,92],[42,147],[106,-69],[106,62],[-7,98],[-20,85],[-18,85],[-23,77],[315,147],[-89,181],[29,152],[7,85],[15,78],[-13,80],[-1,87],[7,83],[3,85],[-128,111],[-71,26],[-72,25],[-74,-7],[-71,-42],[-71,29],[-71,49],[-67,-39],[-78,8],[-116,320],[90,-104],[99,-2],[98,-3],[94,75],[108,23],[50,60],[47,69],[263,-31],[40,-20],[103,5],[-31,119],[-42,95],[-50,62],[-50,62],[-13,98],[-14,98],[-7,103],[-23,88],[-90,103],[-91,103],[-88,121],[-95,78],[-4,111],[5,98],[-2,103],[-16,100],[135,3],[133,31],[128,-23],[53,-75],[61,-44],[126,-13],[123,67],[53,271],[185,125]],[[218189,254773],[145,-106],[141,-105],[134,-106],[122,-106],[111,-105],[101,-103],[100,-97],[104,-87],[106,-76],[109,-66],[111,-57],[111,-54],[113,-54],[111,-62],[111,-65],[108,-62],[110,-62],[110,-63],[112,-67],[114,-73],[119,-82],[125,-92],[131,-104],[135,-110],[134,-111],[130,-108],[125,-100],[119,-93],[111,-85],[103,-79],[89,-78],[77,-78],[70,-79],[66,-81],[69,-83],[78,-83],[93,-83],[116,-95],[135,-115],[149,-128],[154,-132],[152,-127],[143,-113],[129,-95],[110,-72],[100,-53]],[[223435,250738],[109,69],[109,71],[110,72],[109,74],[110,75],[109,77],[110,80],[109,81],[107,83],[106,83],[105,84],[103,85],[103,85],[102,86],[101,86],[101,86],[102,87],[101,86],[102,86],[102,85],[103,85],[104,85],[104,84],[106,84],[107,82],[109,82],[110,82],[111,80],[113,79],[115,78],[117,77],[118,76],[118,74],[119,72],[119,71],[119,69],[120,68],[119,67],[119,65],[119,65],[119,63],[118,63],[119,62],[117,61],[118,62],[117,61],[117,61],[117,62],[117,62],[116,62],[117,64],[116,65],[118,66],[117,68],[118,70],[119,72],[120,73],[122,73]],[[229936,255054],[21,152],[24,154],[18,158],[5,164],[-10,170],[-22,173],[-26,173],[-25,180],[-23,196],[-21,208],[-19,214],[-17,214],[-15,206],[-16,191],[-15,171],[-10,157],[-3,150],[1,144],[3,137],[-1,131],[-3,129],[-5,132],[-5,141],[-1,148],[5,146],[12,144],[20,142],[28,143],[34,144],[34,146],[26,148]],[[229936,255054],[96,-97],[117,-105],[132,-110],[142,-111],[146,-108],[144,-101],[135,-91],[119,-78],[110,-56],[104,-41],[94,-38],[84,-45],[77,-58],[76,-74],[86,-86],[87,-93],[84,-95],[85,-95],[88,-95],[89,-94],[90,-93],[94,-91],[101,-93],[105,-101],[104,-109],[97,-118],[87,-123],[79,-122],[75,-110],[87,-95],[98,-80],[105,-68],[108,-64],[105,-65],[98,-75],[90,-91],[100,-99],[109,-103]],[[233763,251683],[131,15],[132,15],[131,15],[132,15],[131,15],[131,15],[129,15],[129,15],[127,15],[126,16],[124,17],[119,14],[116,13],[113,12],[111,11],[110,11],[109,9],[109,10],[109,9],[111,9],[112,9],[115,9],[117,10],[121,11],[125,11],[129,12],[130,14],[132,17],[132,17],[133,19],[134,20],[135,20],[134,19],[135,19],[135,19],[135,17],[135,16],[134,15],[132,13],[132,11],[132,8],[133,5],[134,3],[135,1],[136,-1],[136,-1],[136,-2],[135,-2],[134,-2],[133,-2],[131,0]],[[240255,252254],[82,174],[82,168],[79,158],[76,148],[72,140],[67,136],[61,134],[54,137],[48,138],[42,140],[35,138],[31,134],[29,126],[29,118],[30,109],[34,100],[38,93],[42,91],[46,93],[50,99],[54,110],[58,118],[64,115],[68,115],[70,117],[70,120],[69,126],[67,130],[65,137],[64,141],[61,145],[62,148],[63,148]],[[164448,257357],[400,655],[-117,332]],[[170232,249430],[169,245],[75,72],[74,73],[72,76],[69,79],[65,83],[60,88],[58,92],[54,95],[52,98],[51,98],[52,98],[75,63],[72,67],[69,72],[66,75],[64,79],[63,80],[62,73],[60,74],[57,76],[55,80],[52,82],[49,85],[48,87],[46,88],[61,82],[58,84],[54,87],[49,92],[44,96],[41,98],[63,84],[61,85],[59,87],[54,91],[49,95],[45,98],[42,101],[40,102],[235,232],[63,80],[59,83],[53,89],[49,92],[46,94],[46,93],[44,95],[41,96],[36,98],[32,99],[27,102],[25,103],[22,105],[22,104],[-44,100],[-51,93],[-57,89],[-60,87],[-59,88],[-17,183],[-70,77],[-70,77],[-70,77],[-69,79],[-68,79],[-285,194],[-56,92],[-54,92],[-56,92],[-58,89],[-62,86],[-66,84],[-67,81],[178,96],[43,94],[47,91],[51,87],[57,84],[61,80],[4,99],[6,99],[8,98],[12,98],[15,98],[-75,71],[-77,68],[-79,65],[-82,60],[-85,56]],[[172186,257738],[-108,475]],[[172183,260777],[-7,49]],[[168073,260256],[72,-73],[-64,-642],[142,-490],[-163,-327],[-156,214],[-253,-114],[-297,-402],[-70,-315],[-292,-325],[-251,-467],[-90,-312],[-449,-369],[-70,-155],[-138,-304],[-282,-49],[-63,-294],[-197,-129],[147,-229],[-389,-323],[-254,49],[-148,-356],[-56,-364],[-225,-188],[65,-395],[-65,-229],[196,-304],[-97,-810],[80,-96],[262,-861],[-106,-62],[35,-645],[-117,-379],[-69,-465],[121,-487],[260,-8],[243,-371],[485,-134],[88,-307],[181,175],[53,-82],[-118,-209],[130,-153],[158,-136],[26,-330],[279,165],[176,-11],[448,230],[751,235],[20,131],[458,0],[306,397],[195,-90],[142,139],[52,323],[-19,-338],[136,-41],[311,281],[340,-186],[299,191]],[[44442,250408],[115,-50],[115,-49],[115,-50],[116,-51],[116,-51],[116,-51],[117,-52],[116,-53],[117,-53],[118,-55],[117,-55],[118,-57],[117,-57],[118,-58],[118,-60],[117,-60],[117,-62],[117,-61],[117,-60],[116,-59],[117,-60],[116,-59],[115,-59],[114,-59],[114,-60],[114,-59],[112,-60],[112,-60],[111,-61],[111,-61],[110,-61],[109,-62],[108,-63],[108,-63],[108,-64],[107,-65],[107,-65],[107,-67],[107,-67],[107,-68],[107,-69],[107,-69],[108,-71],[108,-72],[108,-73],[108,-74],[108,-76],[107,-76]],[[49850,247481],[67,104],[81,115],[83,123],[77,128],[77,129],[78,127],[81,121],[88,111],[97,98],[97,72],[94,54],[89,47],[85,47],[81,56],[81,69],[83,81],[85,65],[87,53],[88,46],[87,47],[86,55],[83,71],[81,94],[87,122],[92,138],[98,146],[103,143],[108,130],[110,107],[109,81],[114,69],[114,63],[113,62],[111,64],[108,67],[108,71],[104,68],[94,55],[82,43],[75,35],[71,32],[76,38],[88,53],[112,80],[137,106],[156,126],[166,136],[164,138],[156,129],[137,111],[116,92],[105,87],[103,85],[106,85],[112,86],[122,87]],[[55443,252329],[55,153],[63,151],[64,138],[63,122],[61,111],[56,103],[52,104],[47,114],[44,129]],[[195109,257700],[32,-95],[28,-103],[29,-107],[33,-106],[45,-106],[60,-118],[70,-126],[73,-131],[70,-131],[61,-129],[51,-126],[42,-121],[36,-118],[36,-116],[42,-125],[54,-142],[68,-161],[80,-175],[85,-183],[84,-184],[79,-180],[74,-173],[67,-162],[63,-151],[60,-144],[60,-139],[57,-135],[56,-134],[55,-134],[55,-134],[55,-138],[56,-144],[60,-151],[64,-162],[63,-169],[59,-176],[56,-181]],[[197227,252490],[115,-65],[116,-65],[116,-63],[119,-59],[123,-55],[128,-49],[134,-43],[140,-36],[140,-30],[139,-24],[137,-17],[133,-12],[130,-9],[127,-8],[125,-9],[126,-14],[130,-18],[135,-14],[142,-9],[146,-5],[150,-5],[149,-6],[148,-10],[144,-18],[137,-25],[127,-37],[119,-52],[117,-72],[116,-88],[116,-99],[117,-107],[118,-111],[120,-111],[120,-107],[121,-99],[120,-88],[111,-86],[103,-83],[95,-81],[91,-78],[87,-76],[87,-75]],[[202441,250372],[85,101],[85,102],[84,104],[85,106],[85,108],[84,110],[84,114],[85,118],[84,122],[85,124],[86,126],[86,126],[87,127],[88,128],[88,129],[89,128],[90,128],[90,128],[91,128],[91,126],[92,126],[92,124],[92,123],[92,121],[91,118],[92,117],[92,117],[91,118],[93,117],[92,117],[93,116],[93,116],[94,116],[94,115],[94,114],[95,113],[96,112],[96,111],[96,111],[96,109],[97,109],[97,107],[97,105],[96,106],[97,105],[96,106],[96,105],[96,106],[95,105],[95,105],[95,104]],[[258344,255869],[82,-146],[64,-145],[64,-139],[81,-141],[88,-143],[80,-146],[62,-149],[40,-151],[22,-141],[21,-137],[34,-144],[54,-151],[74,-153],[82,-126],[79,-84],[75,-60],[74,-55],[80,-70],[88,-101],[79,-106],[70,-109],[72,-110],[81,-111],[90,-112],[101,-137],[99,-161],[86,-169],[67,-160],[52,-140],[51,-124],[56,-141],[58,-159],[59,-166],[60,-156],[62,-128],[43,-88],[33,-64],[39,-60],[57,-71],[82,-93],[108,-116],[123,-134]],[[261216,250672],[94,81],[95,80],[95,79],[95,80],[97,78],[98,79],[100,79],[102,78],[105,79],[107,79],[111,80],[115,80],[117,79],[121,78],[122,77],[126,76],[127,75],[130,74],[131,73],[133,73],[134,72],[135,71],[135,71],[136,70],[137,71],[136,70],[137,69],[137,70],[136,70],[135,70],[135,70],[134,70],[133,71],[132,70],[131,71],[129,71],[128,71],[127,70],[127,70],[126,69],[126,68],[125,68],[125,67],[124,68],[124,67],[123,67],[124,66],[122,67],[123,66],[122,67],[123,66],[121,66],[122,65],[122,66],[122,65],[122,65],[121,65],[122,64],[122,64],[122,64],[122,63],[123,63],[123,62],[124,61],[125,62],[125,62],[126,63],[125,64]],[[287864,259208],[53,-152],[76,-138],[77,-160],[77,-173],[80,-171],[88,-156],[114,-137],[132,-134],[125,-145],[95,-161],[47,-160],[13,-143],[9,-136],[24,-138],[43,-152],[32,-165],[26,-162],[24,-145],[35,-116],[86,-112],[109,-127],[96,-144],[57,-141],[30,-108],[40,-87],[61,-83],[75,-99],[74,-112],[63,-77],[59,-65],[61,-83],[69,-125],[66,-179],[71,-211],[82,-209],[82,-175],[84,-126],[78,-102],[63,-106],[56,-135],[69,-164],[86,-170],[85,-170],[67,-167],[44,-157],[49,-147],[58,-142],[61,-146],[53,-162],[9,-182],[-19,-199],[-11,-206],[37,-189],[81,-156],[94,-134],[94,-126],[82,-137],[60,-143],[39,-121],[25,-117],[22,-134],[36,-162],[73,-159],[89,-164],[81,-171],[46,-178],[35,-198],[40,-209],[12,-58]],[[291993,249190],[174,152],[317,106],[185,418],[510,227],[199,358],[207,78],[383,642],[175,101],[312,381],[42,390],[378,-75],[126,274],[265,-62],[308,294],[312,162],[388,364],[556,289],[266,356],[356,142],[-68,299],[96,170],[246,-175],[-21,-230],[641,-88],[363,-224],[567,-209],[-4,338],[199,52],[197,402],[-62,315],[-248,296],[146,279],[-71,183],[-632,467],[143,508],[-54,583],[-198,175],[-50,547],[-108,243],[-240,-310],[-464,459],[-71,310],[100,443],[-428,-126],[-224,-281],[-344,407],[-95,235],[544,-70],[154,-152],[231,129],[372,-278],[871,-142],[418,371],[193,26],[260,431],[91,46]],[[177837,258430],[11,-6],[328,-614],[185,-126],[300,204],[269,-243],[-74,-219],[142,-351],[-68,-232],[-571,-268]],[[178359,256575],[15,-32],[59,-121],[66,-126],[71,-132],[77,-138],[81,-142],[82,-145],[79,-147],[72,-152],[64,-157],[56,-160],[49,-162],[42,-167],[38,-170],[36,-170],[36,-168],[37,-164],[40,-159],[41,-154],[44,-148],[45,-143],[45,-137],[44,-128],[44,-121],[44,-113],[41,-108],[37,-107],[35,-111],[34,-120],[33,-131],[34,-143],[34,-154],[34,-162],[33,-167],[31,-165],[33,-156],[37,-144],[40,-131],[43,-122],[45,-116],[47,-116],[47,-120],[49,-128],[49,-137],[49,-147],[48,-156],[45,-162],[42,-164],[39,-164],[38,-160],[35,-157],[35,-153],[36,-151]],[[180769,249067],[107,68],[107,66],[107,66],[106,65],[106,64],[105,63],[105,63],[105,62],[105,63],[106,62],[105,64],[105,64],[105,66],[106,68],[105,69],[106,70],[106,72],[107,73],[105,74],[106,76],[107,77],[107,78],[110,78],[111,80],[114,79],[117,79],[119,79],[122,78],[124,77],[126,76],[128,75],[128,73],[130,72],[130,70],[129,69],[128,66],[128,64],[127,57],[127,50],[128,42],[128,36],[128,30],[129,25],[128,22],[127,20],[128,19],[126,18],[125,19],[125,20],[124,22],[124,24],[123,26],[123,30],[123,32],[123,36]],[[187208,252203],[26,129],[27,133],[29,135],[32,139],[35,142],[39,148],[43,153],[45,158],[47,162],[47,167],[47,172],[46,176],[44,179],[42,182],[39,184],[38,185],[35,183],[32,180],[32,176],[28,173],[21,172],[15,169],[11,165],[7,163],[6,159],[4,157],[6,156],[8,156],[12,156]],[[184179,261948],[-96,-465],[-336,436],[-345,338],[-431,-93],[-11,11],[-152,100]],[[182163,261886],[-383,-444],[-473,-144],[-439,-578],[-389,-279],[-92,-441],[343,-714],[231,-333],[124,-740],[-298,-39],[-100,124],[-421,-160],[-230,214],[-1064,451],[-297,367],[-80,45]],[[8337,247950],[84,39],[114,42],[113,41],[115,48],[120,61],[128,81],[132,96],[125,102],[122,103],[119,101],[119,94],[124,85],[130,74],[129,52],[120,36],[111,27],[104,24],[98,28],[102,37],[110,40],[118,32],[123,27],[125,25],[124,26],[117,29],[106,38],[87,55],[75,68],[72,75],[77,76],[90,72],[112,64],[130,64],[140,82],[146,91],[146,91],[143,84],[135,74],[125,58],[126,39],[134,27],[140,25],[141,31],[139,41],[133,53],[126,64],[106,62],[88,53]],[[13980,250687],[-52,148],[-47,123],[-24,120],[11,143],[31,199],[37,240],[35,249],[25,220],[6,166],[-7,107],[-8,72],[1,68],[12,86],[14,117],[5,147],[3,160],[-1,161],[-6,153],[-7,136],[-7,113],[-26,99],[-43,98],[-49,105],[-43,113],[-22,112],[12,102],[39,92],[53,81],[50,83],[28,108],[-8,156],[-34,209],[-47,239],[-48,246],[-37,229],[-16,197],[-8,153],[-14,128],[-21,123],[-21,136],[-5,167],[22,191],[43,196],[54,192],[49,183],[30,166],[18,151],[17,146]],[[9304,258173],[-78,-118],[-170,11],[-10,8],[-91,43],[-90,-28],[410,-596],[9,-149],[-4,-150],[18,-144],[6,-150],[44,-106],[27,-139],[21,-142],[35,-119],[-92,-98],[-38,-87],[-26,-60],[-33,-54],[-70,-72],[-23,-75],[-54,-82],[-83,-13],[-80,-21],[-26,-28],[-140,-44],[-113,15],[-19,-15],[-304,-3],[-132,201],[-168,-325],[-71,-80],[-37,-82],[-29,-101],[-59,-98],[-71,-54],[-297,-333],[-174,-46],[-42,-10],[-44,51],[-42,78],[-28,10],[-240,289],[-103,20],[-219,62],[-95,-41],[-98,-26],[-90,-87],[-89,-114],[-76,-126],[-30,-96],[-40,-64],[-30,-88],[-19,-103],[-37,-80],[-27,-93],[60,-490],[-274,-224],[-96,-171],[-27,-31],[-20,-51],[-343,-614],[-8,-85],[0,-5],[-22,-243],[26,-69],[22,-80],[63,-98],[-106,54],[-104,-54],[-104,-44],[-106,-21],[37,-67],[38,-77],[86,-111],[-107,-106],[-14,-10],[-5,-8],[-117,-116],[90,-65],[89,-54],[89,-69],[91,15],[-72,-88],[-21,-87],[-30,-78],[255,-263],[-4,-142],[4,-147],[49,-64],[55,-52],[109,-44],[63,-62],[69,-2],[67,36],[69,8],[-63,-305],[111,-31],[106,-49],[108,49],[106,55],[52,-173],[29,5],[-41,-31],[-76,-34],[-80,11],[-60,-54],[-167,-47],[8,-88],[15,-77],[-71,-33],[-69,-62],[-44,-98],[-83,-86],[26,-87],[37,-67],[25,-98],[32,-78],[30,-87],[42,-44],[85,-67],[433,-338],[58,-85],[23,-26],[58,-80],[33,-83],[69,-56],[17,-109],[16,-118],[28,-101],[25,-103],[106,-23],[36,-6],[91,-15],[78,-26],[102,-2],[113,-21],[60,10],[51,62],[115,-15],[53,49],[56,38],[64,26],[61,39],[66,0],[62,-39],[52,93],[61,62],[58,46],[58,75],[38,72],[31,106],[28,109],[29,103],[51,-140],[63,-95],[113,-227],[25,-186],[4,-12]],[[5062,258157],[753,-230],[75,38],[5,3],[509,263],[202,-13],[57,-41],[87,0],[85,13],[86,-34],[85,31],[87,-8],[130,-126],[40,-62],[80,-114],[90,-28],[40,96],[28,113],[95,-36],[97,-18],[97,-18],[93,62],[60,54],[54,54],[26,37]],[[0,255902],[27,-80],[17,-88],[26,-49],[31,-101],[252,-121],[111,101],[43,15],[79,60],[71,98],[197,38],[120,-80],[51,-49],[84,-87],[94,-6],[189,-227],[19,-49],[75,-67],[135,-92],[51,-49],[65,-34],[38,-119],[49,-98],[366,369],[43,-77],[50,-34],[104,-41],[102,77],[107,21],[31,119],[27,129],[-81,51],[-31,42],[-116,51],[-132,13],[-40,41],[-57,39],[-119,10],[-113,-69],[-101,100],[-47,78],[-56,33],[-56,18],[-155,139],[-43,140],[-57,85],[-56,95],[-70,34],[-78,-10],[-3,0],[-228,-37],[-234,-224],[-484,175],[-184,220],[-113,-503]],[[3765,248648],[212,-363],[202,-150],[45,-39],[60,-56],[62,-49],[62,-42],[60,-33],[317,-108],[75,15],[71,44],[72,-57],[76,10],[60,109],[67,87],[74,31],[70,73],[-134,490],[32,124],[13,144],[-65,18],[-15,-5],[-96,21],[-18,10],[-64,2],[-85,104],[-85,72],[-118,20],[-115,-54],[-283,-201],[-39,-88],[-31,-92],[-85,82],[-92,-8],[-75,-33],[-104,18],[-126,-96]],[[293722,232679],[60,-113],[61,-93],[73,3],[69,-55],[124,176],[60,-18],[63,-29],[60,26],[59,21],[-49,98],[-42,124],[-65,44],[-53,90],[-55,5],[-47,41],[-52,13],[-48,54],[-48,-23],[-51,-5],[-49,-34],[-51,-20],[-19,-305]],[[280709,257270],[69,-130],[80,-134],[73,-130],[52,-124],[31,-147],[24,-173],[27,-189],[32,-186],[30,-163],[3,-150],[-25,-139],[-37,-137],[-29,-152],[4,-179],[46,-177],[62,-177],[52,-181],[26,-187],[0,-180],[-7,-148],[-14,-130],[-16,-123],[-13,-135],[-16,-154],[-39,-160],[-44,-160],[-30,-157],[8,-151],[49,-139],[64,-132],[50,-141],[26,-155],[14,-172],[18,-166]],[[281279,252012],[26,-5],[161,198],[504,0],[56,171],[378,-21],[139,-214],[46,-315],[336,238],[65,92],[212,302],[99,-384],[-165,-366],[-217,-472],[-55,-269],[84,-322],[346,-266],[15,-8],[-11,-23],[-204,-317],[177,-271],[82,23],[301,91],[79,312],[220,204],[352,567],[328,268],[454,619],[219,106],[121,-284],[354,178],[-295,325],[146,498],[-52,408],[121,188],[25,457],[676,299],[463,31],[336,-581],[-380,101],[-357,-413],[-71,-1264],[-148,-72],[-95,-371],[229,-287],[-454,-758],[236,-181],[-363,-263],[-389,-87],[-118,-240],[-468,-225],[-225,-265],[-40,-488],[-306,-284],[-212,-428],[-403,-575],[-259,-116],[-168,-451],[-381,-460],[-15,-72]],[[282814,246270],[2,-2],[110,-68],[111,-66],[113,-59],[120,-56],[126,-51],[132,-46],[134,-42],[133,-40],[126,-42],[127,-41],[131,-40],[132,-40],[131,-43],[125,-48],[117,-55],[104,-68],[90,-79],[84,-75],[27,-21]],[[284989,245288],[5,15],[353,500],[214,181],[-157,315],[165,343],[203,28],[-9,312],[-114,173],[190,263],[-9,405],[265,193],[-35,318],[588,-124],[126,263],[198,-343],[71,-366],[176,131],[158,351],[-58,160],[508,400],[284,412],[164,-157],[39,-348],[-104,-227],[-58,-622],[162,26],[614,1009],[29,46],[888,529],[334,64],[123,-103],[463,36],[458,-376],[213,-741],[261,-304],[116,106],[156,1013],[24,21]],[[270741,254683],[24,-122],[17,-138],[12,-167],[6,-192],[-7,-181],[-15,-153],[-12,-129],[9,-125],[41,-134],[67,-127],[79,-121],[74,-127],[60,-138],[52,-155],[60,-181],[69,-198],[69,-200],[59,-187],[39,-167],[26,-149],[18,-135],[16,-132],[22,-142],[31,-154],[33,-164],[29,-164],[21,-154],[17,-133],[21,-105],[25,-89],[28,-87],[29,-97],[30,-112],[34,-119],[44,-102],[50,-99],[48,-120],[48,-159],[47,-197],[53,-217],[73,-213],[95,-200],[105,-188],[91,-184],[62,-169],[37,-149],[23,-140],[27,-148],[38,-164],[19,-164],[10,-162],[14,-134]],[[272708,246896],[351,-22],[32,-256],[297,-54],[172,250],[-23,217],[141,403],[400,281],[732,-328],[331,-371],[80,245],[330,0],[266,-160],[99,-410],[322,-8],[-20,-297],[-292,-59],[-278,85],[-192,-165],[123,-516],[564,47],[123,234],[208,85],[125,-160],[308,-61],[144,361],[214,7],[33,328],[351,-150],[13,-5],[217,-258],[258,129],[117,230],[593,-96],[17,369],[-212,341],[-454,111],[-139,-253],[-163,162],[175,315],[-52,477],[227,60],[-67,361],[133,64],[330,593],[824,852],[77,423],[462,562],[114,696],[204,55],[86,214],[372,286],[498,-98]],[[187208,252203],[100,-103],[98,-85],[94,-72],[88,-64],[83,-59],[79,-58],[76,-62],[75,-69],[77,-79],[77,-100],[73,-116],[69,-127],[72,-136],[79,-143],[90,-148],[102,-152],[114,-155],[121,-159],[122,-163],[114,-167],[103,-166],[92,-159],[80,-150],[70,-141],[63,-136],[60,-135],[57,-135],[56,-139],[57,-141],[61,-143],[59,-143],[56,-137],[53,-128],[52,-116],[52,-103],[54,-92],[57,-83],[60,-80],[66,-83],[72,-89],[78,-99],[82,-104],[86,-108],[93,-107],[98,-105],[103,-99],[107,-95],[108,-91],[104,-89]],[[191150,246590],[124,-24],[121,-28],[121,-32],[120,-37],[119,-39],[117,-41],[116,-42],[115,-43],[114,-41],[114,-39],[114,-37],[115,-32],[117,-36],[116,-39]],[[192793,246080],[70,104],[70,103],[70,102],[70,100],[70,100],[70,99],[70,99],[70,99],[70,99],[69,101],[70,102],[70,103],[69,105],[69,108],[66,111],[61,114],[59,117],[57,119],[55,121],[55,123],[54,123],[54,124],[56,125],[57,124],[59,123],[62,122],[65,121],[70,119],[74,116],[79,114],[86,111],[92,109],[97,106],[103,105],[106,104],[108,103],[111,103],[112,104],[113,103],[112,105],[112,106],[109,108],[107,110],[104,113],[100,117],[95,120],[90,124],[87,127],[84,131],[81,133],[79,136],[78,137],[77,138],[77,139],[76,139],[78,139]],[[13980,250687],[108,-114],[105,-120],[103,-122],[99,-123],[94,-123],[91,-117],[91,-108],[90,-98],[90,-88],[91,-80],[91,-74],[92,-72],[93,-73],[97,-75],[101,-80],[105,-88],[109,-95],[113,-103],[115,-110],[116,-117],[115,-121],[110,-119],[106,-116],[64,-69]],[[16369,248282],[7,31],[47,116],[-38,114],[-54,56],[66,75],[64,11],[60,74],[52,116],[28,78],[20,100],[4,114],[14,100],[65,106],[73,47],[25,72],[23,77],[57,121],[182,173],[80,361],[152,173],[90,-18],[93,-8],[83,106],[88,72],[44,88],[31,124],[234,183],[46,13],[90,95],[75,-54],[79,-44],[101,-23],[47,21],[253,-10],[-49,-70],[-26,-127],[47,-59],[39,-98],[44,-59],[46,-67],[103,-72],[106,7],[-146,-64],[-110,-34],[-109,-75],[-350,264],[-71,-47],[-52,-85],[-405,-418],[-72,-10],[-75,-41],[-30,-39],[-117,-54],[117,-398],[-33,-165],[-7,-25],[-2,-16],[-92,-444],[-5,-18],[-16,-95],[-55,-67],[-51,-85],[-50,-78],[-47,-85],[-53,-180],[-32,-85],[-5,-47],[-65,-242],[56,-122],[61,-105],[101,-70],[48,-59],[47,-70],[104,-31],[102,-44],[-70,5],[-67,-49],[-41,-38]],[[17368,247181],[75,-91],[86,-108],[83,-112],[80,-116],[40,-63]],[[17732,246691],[65,51],[99,26],[44,62],[22,54],[112,83],[52,111],[35,134],[194,-129],[50,38],[40,78],[43,80],[50,38],[37,88],[11,23],[118,186],[48,59],[46,88],[28,119],[32,111],[69,0],[66,13],[84,110],[22,16],[49,72],[47,72],[152,-28],[14,-8],[4,5],[495,-113],[134,80],[221,524],[-112,100],[282,356],[-86,230],[-13,36],[-27,111],[-25,100],[-35,88],[-44,62],[-40,70],[-18,149],[-20,145],[116,270],[41,-92],[52,-60],[41,-13],[62,-80],[64,-5],[63,-41],[62,23],[11,10],[137,-10],[31,-26],[125,13],[57,52],[64,33],[57,73],[47,108],[240,46],[20,-103],[32,-80],[28,-85],[32,-67],[146,-139],[88,-57],[86,-72],[80,-109],[89,-67],[91,-18],[87,-77],[90,-10],[91,62],[-25,-55],[29,-59],[57,-116],[15,-83],[14,-92],[1,-47],[84,0],[72,-44],[73,-67],[68,-69],[34,123],[42,98],[59,44],[48,78],[10,-96],[25,-80],[55,-139],[294,-418],[172,21]],[[23434,248659],[0,3],[-30,181],[-33,186],[-30,185],[-24,181],[-14,171],[-4,156],[3,145],[8,143],[13,149],[15,157],[17,170],[31,181],[45,173],[53,153],[52,133],[35,123],[11,114],[-7,106],[-18,106],[-20,120],[-11,144],[-4,163],[-16,159],[-26,150],[-29,141],[-25,136],[-3,148],[51,157],[98,157],[122,154],[117,151],[79,148]],[[170232,249430],[348,-5],[164,250],[277,121],[-105,-722],[416,-457],[280,-25],[371,-11],[81,-294],[225,-54],[-26,-90]],[[172263,248143],[124,-32],[164,-41],[162,-42],[161,-41],[155,-40],[147,-38],[138,-35],[128,-32],[124,-26],[119,-22],[116,-18],[114,-16],[112,-14],[112,-14],[111,-15],[112,-16],[115,-19],[116,-23],[117,-28],[111,-34],[104,-39],[101,-43],[96,-45],[94,-46],[93,-46],[93,-44],[94,-42],[97,-39],[101,-33],[104,-30],[105,-33],[106,-37],[105,-38],[105,-40],[106,-40],[106,-38],[106,-37],[107,-36],[108,-34],[109,-32],[111,-32],[116,-35],[119,-39],[122,-41],[124,-45],[125,-48],[125,-51],[125,-51],[122,-48],[120,-43],[118,-39],[116,-31],[112,-26]],[[178416,246296],[104,114],[104,115],[103,115],[103,116],[102,117],[102,117],[101,116],[100,116],[99,115],[98,113],[98,111],[96,109],[95,106],[94,102],[94,100],[97,96],[97,94],[99,91],[101,87],[102,85],[102,84],[104,82]],[[180611,248597],[38,117],[39,118],[41,117],[40,118]],[[178359,256575],[-45,-21],[-96,163],[-548,170],[-197,72],[-50,263],[-219,168],[-143,307],[-344,-134],[-393,371],[7,79]],[[172169,257814],[17,-76]],[[240255,252254],[33,-184],[30,-174],[46,-171],[64,-165],[74,-156],[77,-145],[66,-134],[45,-118],[28,-77],[20,-55],[18,-55],[25,-75],[36,-107],[50,-144],[58,-175],[64,-189],[69,-191],[70,-187],[68,-178],[57,-169],[36,-166],[19,-169],[12,-168],[15,-167],[27,-164],[46,-160],[67,-153],[71,-131],[67,-106],[60,-83],[56,-76],[57,-85],[63,-102],[67,-99],[69,-95],[75,-90],[81,-88],[83,-90]],[[242224,247213],[128,-11],[126,-15],[125,-18],[123,-22],[121,-26],[118,-29],[116,-32],[115,-33],[114,-32],[116,-30],[111,-26],[108,-23],[106,-19],[104,-16],[105,-14],[106,-15],[109,-19],[114,-28],[116,-40],[114,-51],[112,-59],[111,-67],[109,-70],[110,-72],[112,-70],[116,-63],[121,-55],[136,-51],[151,-52],[160,-51],[165,-50],[165,-50],[158,-50],[147,-50],[130,-49],[116,-56],[110,-67],[105,-75],[100,-77],[97,-76],[95,-69],[96,-60],[97,-48],[98,-40],[99,-37],[98,-36],[96,-36],[95,-38]],[[247824,245140],[107,66],[105,66],[106,67],[104,68],[104,69],[103,70],[103,71],[101,74],[101,75],[100,76],[99,75],[99,75],[98,74],[98,74],[98,74],[98,74],[97,73],[98,72],[97,73],[97,72],[98,72],[97,72],[98,72],[97,71],[98,71],[99,71],[98,71]],[[250522,247078],[19,126],[20,127],[17,133],[8,146],[-2,161],[-7,168],[-10,172],[-9,174],[-8,173],[-4,169],[3,166],[9,162],[17,158],[24,148],[33,140],[40,138],[51,143],[61,152],[72,159],[79,164],[77,160],[69,152],[59,143],[48,140],[42,145],[32,164],[12,184],[-2,200],[-12,206],[-15,204],[-12,196],[-2,181],[7,164],[5,155],[5,147],[6,141],[10,139],[15,145],[24,155],[38,149],[53,127],[60,113],[60,113],[53,124],[43,143],[30,164],[35,175],[45,171]],[[250522,247078],[96,-46],[99,-52],[104,-63],[101,-59],[92,-40],[86,-27],[82,-19],[84,-18],[90,-27],[101,-44],[114,-67],[116,-80],[119,-90],[122,-95],[123,-94],[125,-91],[126,-82],[131,-82],[140,-96],[145,-106],[146,-109],[143,-105],[136,-96],[124,-81],[119,-73],[121,-72],[119,-76],[116,-79],[109,-83],[101,-82],[93,-76],[86,-60],[84,-46],[82,-38],[80,-37],[78,-40],[79,-49],[79,-62],[81,-64],[83,-60],[88,-57],[93,-55],[96,-56],[99,-63],[101,-74]],[[255254,244107],[81,100],[83,96],[83,92],[86,91],[88,88],[89,88],[92,87],[94,87],[96,87],[98,89],[100,90],[101,93],[102,94],[103,96],[104,97],[104,100],[104,100],[103,102],[103,102],[101,102],[101,102],[101,101],[100,102],[99,100],[98,99],[98,98],[96,97],[95,96],[95,94],[93,94],[94,93],[93,92],[92,92],[93,92],[94,92],[93,92],[94,92],[94,92],[95,93],[96,92],[94,91],[94,91],[94,90],[93,89],[93,88],[92,86],[93,86],[92,84],[93,83],[93,82],[93,81],[94,80],[94,80],[95,79],[95,79],[96,79],[97,79],[97,79],[99,80],[99,82],[101,83],[101,83],[102,83]],[[261277,249810],[-2,124],[-3,137],[-3,150],[-7,153],[-17,152],[-29,146]],[[153163,254672],[-28,-45],[-216,-59],[-193,225],[-311,-181],[54,-433],[-299,-307],[-256,38],[-8,-325],[-323,-572],[-460,-142],[55,-276],[-176,-410],[-238,-176],[228,-224],[45,-328],[-201,-77],[-75,-400],[134,-260],[-95,-269],[80,-399],[-6,-416],[171,-178],[369,302],[-23,-505],[-73,-111],[-323,149],[-58,-459],[112,-196],[683,-209],[-285,-351],[51,-345],[-227,-207],[-33,-265],[-98,-85],[-189,-75],[91,-310],[145,-144],[335,162],[219,-167],[-209,-400],[13,-284],[-220,-75],[-133,-376],[198,-508],[193,-83],[184,-302],[215,-157],[194,-62],[-68,-304],[278,64],[110,-229],[334,-21],[625,183],[85,124],[246,281],[751,1078],[32,235],[336,266],[390,193],[152,735],[-108,132],[-44,433],[173,235],[227,90],[-162,-253],[103,-536],[-36,-230],[177,-441],[451,-165],[51,-232],[-185,211],[-102,-296],[107,-325],[-3,-965],[288,-255],[210,170],[61,-273],[-163,-689],[188,-645],[169,-418],[86,-547],[147,-500],[187,-194],[109,-399],[120,7],[32,-371],[-241,-124],[184,-338],[-197,-332],[268,-790],[120,-155],[-114,-224],[61,-387],[325,-129],[426,201],[258,-87],[154,286],[-139,444],[127,500],[175,219],[110,196],[694,67],[299,-188],[182,537],[418,1684],[-78,144],[64,405],[129,243],[-65,462],[54,162],[-185,302],[194,196],[121,477],[-91,495],[128,106],[-71,330],[258,67],[318,274],[107,384],[290,-126],[95,332],[300,245],[-300,488],[199,54],[354,405],[152,431],[-35,575],[-226,111],[-245,493],[-264,389],[-275,-26],[-227,248],[-178,707],[41,608],[-36,141]],[[23434,248659],[17,2],[369,-441],[140,57],[58,-3],[64,60],[129,23],[53,-10],[85,-73],[85,-85],[83,75],[90,44],[80,98],[86,64],[93,-33],[90,-21],[86,-93],[32,-74],[44,-44],[94,28],[81,101],[83,-21],[101,-28],[107,-31],[35,-65],[8,-10],[52,-36],[298,155],[14,-109],[16,-116],[32,-90],[34,-85],[349,-232],[135,-24],[96,-28],[33,3],[198,-39],[597,408],[22,-111],[28,-106],[34,-98],[43,-57],[-42,-75],[-43,-62],[-35,-92],[-39,-83],[-84,-13],[-84,-49],[554,-493],[192,-100],[36,-78],[39,-61],[40,-68],[31,-90],[87,-72],[87,-57],[90,-41],[90,-41],[87,-42],[94,3],[104,-142],[21,-41],[44,-49],[47,-250],[32,-111],[41,-80],[40,-91],[39,-85],[52,-36],[46,-69],[101,-52],[329,-351],[132,13],[322,-402],[66,10],[65,-5],[67,-3],[66,24],[57,69],[52,98],[56,90],[58,75],[-172,686],[-5,34],[-28,103],[179,129],[16,-93],[24,-85],[17,-93],[7,-100],[27,-85],[33,-60],[63,-131],[149,-119]],[[30855,244898],[4,16],[54,169],[60,158],[60,150],[52,153],[44,156],[46,154],[61,135],[72,85],[79,50],[80,47],[75,76],[64,124],[71,161],[83,168],[85,157],[79,139],[69,125],[57,126],[61,139],[72,142],[84,140],[88,132],[78,121],[76,99],[80,75],[77,63],[66,65],[49,81],[29,102],[4,117],[-12,133],[-16,144],[-6,145],[17,132],[62,111],[106,96],[141,86],[159,83],[151,93],[118,116],[88,130],[79,134],[88,127],[113,113],[145,102],[157,112],[143,134],[121,147],[98,151],[83,141],[76,125],[57,133],[39,149],[26,159]],[[261277,249810],[91,-93],[92,-85],[96,-89],[102,-103],[112,-123],[123,-123],[124,-121],[117,-121],[104,-120],[88,-120],[59,-127],[30,-132],[18,-131],[22,-126],[43,-119],[80,-120],[111,-140],[129,-149],[131,-144],[120,-129],[94,-106],[60,-91],[35,-88],[28,-93],[37,-103],[60,-111],[91,-121],[104,-147],[106,-175],[96,-193],[77,-196],[50,-176],[35,-149],[26,-137],[22,-137],[21,-147],[33,-163],[64,-159],[96,-145],[119,-134],[127,-123],[116,-131],[90,-130],[82,-113],[78,-103],[80,-102],[87,-115],[103,-137],[112,-141],[114,-137],[109,-126],[98,-113],[83,-109],[74,-119],[67,-114]],[[265743,242811],[133,372],[438,343],[149,758],[206,418],[232,162],[344,344],[306,717],[268,386],[277,233],[494,268],[48,-13],[239,-57],[290,181],[993,-75],[574,116],[316,-634],[228,317],[107,402],[385,-216],[593,-124],[278,191],[67,-4]],[[202441,250372],[0,-149],[4,-150],[12,-155],[22,-163],[26,-169],[30,-177],[35,-180],[42,-177],[48,-169],[53,-160],[57,-149],[59,-139],[59,-135],[56,-135],[50,-134],[42,-134],[30,-134],[20,-133],[12,-133],[8,-133],[8,-137],[8,-139],[10,-141],[10,-141],[7,-136]],[[203149,246670],[73,-52],[65,-46],[60,-39],[57,-34],[59,-32],[61,-32],[66,-37],[75,-47],[87,-57],[98,-61],[109,-67],[116,-73],[120,-81],[119,-84],[114,-86],[105,-88],[96,-89],[89,-94],[86,-97],[88,-98],[93,-97],[100,-94],[108,-93],[114,-90],[118,-89],[115,-91],[110,-99],[102,-107],[97,-113],[91,-117],[87,-118],[85,-116],[86,-109],[88,-100],[92,-91],[95,-86],[98,-82],[101,-77],[101,-74],[99,-70],[98,-69],[95,-70],[94,-77],[96,-78],[100,-78],[106,-79]],[[207461,243012],[116,60],[114,61],[115,60],[114,61],[113,60],[112,61],[112,62],[111,61],[111,62],[111,62],[110,62],[110,62],[111,63],[110,62],[111,63],[112,62],[112,63],[112,62],[113,63],[112,61],[113,61],[113,60],[112,59],[113,58],[112,57],[111,56],[111,55],[110,53],[110,51],[108,51],[108,49],[107,48],[106,47],[105,46],[104,47],[103,45],[102,47],[101,46],[101,48],[100,49],[101,51],[100,54],[100,55],[101,59],[103,61],[103,62],[105,63],[106,65],[108,66],[108,69],[110,69],[110,70]],[[213108,246022],[-5,163],[0,176],[3,187],[7,195],[8,197],[10,192],[10,180],[9,164],[7,147],[6,134],[4,129],[-2,132],[-9,142],[-16,152],[-21,164],[-21,168],[-22,168],[-19,157],[-12,141],[-4,122],[8,104],[17,91],[27,86],[35,93],[42,103],[48,118],[50,132],[52,148],[52,156],[51,158],[48,159],[43,156],[36,153]],[[223445,245874],[86,-87],[97,-96],[113,-98],[128,-98],[136,-101],[136,-105],[132,-110],[123,-114],[113,-114],[103,-117],[101,-118],[102,-111],[106,-98],[111,-84],[116,-73],[117,-69],[116,-77],[121,-100],[124,-124],[123,-143],[119,-154],[111,-154],[104,-136],[94,-102],[82,-69],[76,-50],[73,-40],[74,-40],[79,-45],[82,-56],[86,-69],[84,-78],[76,-72],[67,-57],[59,-43],[55,-32],[55,-30],[60,-38],[72,-64],[87,-89],[96,-101],[105,-114],[111,-119],[113,-117],[111,-114],[106,-110],[98,-105],[94,-121]],[[228178,241518],[108,49],[108,45],[108,43],[108,39],[108,37],[107,36],[109,33],[108,33],[109,32],[109,33],[109,33],[111,35],[110,36],[112,38],[112,42],[114,44],[114,45],[116,45],[118,45],[118,45],[119,45],[120,44],[121,45],[121,45],[121,45],[121,45],[122,45],[120,45],[120,44],[119,44],[118,43],[117,41],[115,40],[113,38],[110,37],[109,36],[105,37],[103,38],[102,38],[100,38]],[[232690,243139],[31,160],[24,161],[16,163],[10,154],[3,137],[-1,124],[-4,118],[-1,118],[6,122],[17,127],[28,135],[35,148],[34,162],[27,179],[16,193],[5,201],[-5,204],[-12,203],[-14,197],[-12,182],[-6,160],[1,136],[9,116],[17,106],[26,105],[37,112],[47,123],[54,132],[55,139],[50,140],[39,137],[27,132],[23,133],[18,137],[14,140],[7,142],[2,145],[-2,148],[-3,150],[1,154],[10,157],[15,166],[16,181],[19,191],[20,193],[27,192],[36,188],[44,182],[51,173],[52,162],[47,155],[41,152],[32,149],[22,145],[13,143],[9,140]],[[223435,250738],[-7,-105],[-16,-119],[-24,-140],[-31,-164],[-29,-179],[-22,-185],[-5,-175],[21,-154],[44,-137],[59,-129],[61,-123],[56,-120],[42,-123],[26,-130],[11,-141],[2,-156],[-4,-168],[-6,-177],[-8,-183],[-7,-189],[-8,-191],[-9,-191],[-11,-188],[-9,-181],[-12,-173],[-16,-165],[-20,-159],[-20,-155],[-19,-154],[-17,-153],[-12,-157]],[[164260,237724],[32,-41]],[[164292,237683],[135,227],[-62,37],[-105,-223]],[[164612,237196],[41,-76],[64,-121],[68,-122],[72,-119],[77,-117],[80,-113],[84,-111],[86,-110],[87,-111],[86,-113],[85,-115],[83,-115],[81,-115],[78,-115],[75,-117],[74,-117],[73,-116],[72,-110],[70,-103],[71,-95],[69,-90],[70,-85],[70,-84],[69,-87],[70,-93],[69,-99],[69,-104],[68,-111],[71,-117],[72,-124],[73,-131],[74,-137],[76,-142],[76,-147],[77,-150],[77,-153],[75,-152],[73,-148],[69,-143],[65,-133]],[[167551,232535],[86,79],[84,81],[82,83],[80,84],[79,85],[78,85],[77,86],[77,86],[76,86],[77,86],[76,84],[77,84],[78,82],[79,80],[80,79],[80,75],[82,73],[79,71],[78,69],[77,67],[76,65],[76,64],[75,61],[77,61],[77,59],[79,58],[81,58],[83,58],[86,57],[90,59],[94,59],[99,60],[103,60],[108,58],[110,56],[114,56],[115,56],[117,56],[118,56],[118,58],[118,58],[118,60],[117,61],[115,61],[115,63],[113,62],[111,62],[110,62],[110,60],[110,59],[109,59],[108,58],[107,58],[107,57],[106,58],[105,57],[104,56],[103,56],[90,49]],[[173105,236431],[-2,68]],[[173103,236499],[-43,89],[-47,80],[-54,67],[-61,51],[-67,40],[-69,35],[39,307]],[[172801,237168],[165,247]],[[172966,237415],[-25,93],[-29,91],[-32,89],[-32,88],[-33,87],[-32,89],[108,265],[-15,364],[-268,194],[-109,283],[-204,140],[-299,-60],[-68,-32],[-66,-36],[-62,-46],[-57,-58],[-51,-70],[-48,-78],[-96,214],[26,380],[-295,154],[-275,-139],[-78,268],[-281,-90],[-120,206],[55,313],[-38,314],[-65,160],[-35,107],[-36,106],[-37,104],[-39,105],[-38,104],[-199,214],[87,418],[24,111],[21,111],[17,113],[14,114],[12,114],[-130,147],[-68,58],[-64,62],[-58,72],[-50,83],[-45,91],[42,351],[127,271],[95,219],[-40,95],[-35,97],[-27,101],[-15,104],[-8,108],[-5,109],[35,436],[-26,96],[-21,97],[-17,98],[-13,100],[-10,100],[-10,100],[-11,100],[14,240],[214,340],[28,96],[27,95],[27,96],[26,97],[25,97],[23,97],[23,98],[242,201],[-146,230]],[[170417,247101],[-123,-163],[-397,93],[-395,-15],[-141,129],[-591,180],[-210,-23],[-552,-119],[-682,-95],[-266,-186],[6,-175],[-317,-168],[-168,-248],[-80,-466],[135,-258],[-80,-251],[85,-286],[131,-433],[315,-222],[212,333],[139,-103],[-55,-604],[-137,-439],[79,-1024],[11,-108],[-68,-333],[-181,-232],[-156,-178],[-295,-54],[-286,284],[-77,443],[-105,168],[-33,34],[-349,565],[-81,154],[-253,-180],[-360,-147],[-128,-253],[-98,-201],[-79,-212],[-6,-467],[-68,-211],[-226,-279],[-18,-425],[-22,-85],[28,-227],[12,-26],[-29,-47],[-22,-72],[-33,-402],[72,-397],[18,-718],[126,-487],[39,-596],[-74,-126],[42,-537],[-14,-10]],[[213108,246022],[109,-99],[110,-93],[109,-94],[105,-99],[96,-108],[87,-117],[74,-115],[68,-115],[63,-115],[64,-115],[66,-117],[72,-116],[80,-114],[85,-114],[83,-116],[78,-118],[74,-120],[71,-120],[73,-119],[78,-118],[84,-116],[89,-125],[89,-136],[84,-134],[78,-124],[70,-108],[65,-90],[63,-78],[68,-74],[76,-86],[81,-103],[81,-120],[81,-132],[79,-136],[76,-134],[72,-121],[66,-103],[60,-95],[60,-92],[58,-94],[59,-98],[60,-105],[62,-112],[62,-121],[57,-128],[49,-127],[42,-128],[37,-132],[35,-135]],[[216696,240493],[82,-25],[83,-26],[85,-27],[89,-27],[93,-28],[100,-22],[107,-18],[112,-15],[116,-11],[119,-9],[120,-7],[120,-8],[118,-8],[116,-9],[112,-12],[107,-16]],[[218375,240225],[83,102],[82,101],[81,101],[82,100],[81,100],[81,100],[80,99],[81,99],[82,98],[81,97],[82,97],[82,96],[84,96],[83,95],[85,94],[86,93],[87,92],[88,91],[89,90],[88,91],[88,91],[88,90],[88,91],[87,92],[88,91],[88,91],[88,91],[88,91],[88,91],[88,90],[89,91],[89,91],[90,91],[90,90],[90,91],[91,91],[91,91],[91,91],[88,92],[86,92],[85,93],[84,94],[82,95],[81,95],[81,96],[81,97],[80,97],[81,99],[81,99],[82,101],[84,101],[84,102],[86,103],[88,103],[90,104],[92,104],[95,105],[95,104],[96,105]],[[55443,252329],[56,-139],[61,-138],[66,-137],[68,-136],[72,-136],[71,-137],[68,-138],[64,-140],[60,-143],[54,-144],[50,-146],[46,-146],[45,-147],[45,-149],[50,-147],[56,-146],[65,-142],[72,-138],[80,-134],[84,-130],[84,-128],[82,-123],[78,-119],[72,-114],[66,-108],[61,-105],[58,-103],[57,-104],[60,-105],[65,-108],[71,-110],[79,-114],[84,-119],[92,-124],[95,-131],[97,-139],[97,-147],[94,-155],[92,-161],[88,-168],[85,-171],[81,-175],[78,-177],[75,-177],[77,-174],[78,-168],[79,-161],[80,-153],[80,-146],[78,-143],[74,-140],[68,-141],[62,-144],[54,-146]],[[59297,244815],[112,41],[111,41],[108,43],[107,45],[107,48],[108,55],[109,61],[107,65],[102,67],[99,67],[98,68],[98,67],[98,65],[101,63],[103,59],[108,54],[113,49],[117,41],[121,35],[123,27],[125,22],[125,17],[125,12],[121,10],[116,9],[111,9],[106,13],[106,24],[106,32],[104,37],[105,40],[104,39],[103,37],[102,31],[102,24],[102,12],[99,1],[97,-5],[94,-9],[93,-11],[93,-13],[93,-12],[95,-11],[98,-9],[101,-4],[107,2],[111,8],[118,11],[122,13],[128,15],[129,17],[129,20],[129,22],[127,25],[126,27],[123,29],[120,31],[117,33],[73,23]],[[65732,246447],[39,386],[-92,634],[16,758],[84,245],[-5,325],[304,1300],[101,106],[191,717],[150,199],[-130,281],[126,227],[459,420],[-170,215],[290,334]],[[180611,248597],[90,-107],[95,-106],[99,-102],[103,-100],[106,-98],[107,-96],[106,-95],[104,-98],[98,-103],[94,-104],[90,-101],[89,-99],[89,-99],[90,-99],[93,-102],[94,-104],[95,-109],[95,-114],[93,-119],[87,-126],[78,-127],[66,-118],[54,-108],[46,-102],[41,-98],[41,-98],[44,-99],[51,-98],[59,-101],[69,-104],[77,-113],[78,-118],[76,-125],[71,-135],[67,-145],[61,-154],[58,-161],[56,-163],[58,-160],[63,-151],[71,-136],[83,-118],[98,-108],[107,-102],[112,-98],[110,-93],[106,-91],[98,-90],[89,-90],[80,-90],[73,-92],[71,-95],[71,-99],[72,-103],[74,-111],[77,-117],[80,-121],[82,-124],[84,-126],[83,-130],[84,-132],[83,-133],[83,-130],[85,-124],[88,-115]],[[185886,241270],[80,126],[81,125],[82,124],[82,122],[83,120],[83,118],[85,115],[85,111],[86,108],[86,106],[87,105],[86,103],[85,101],[84,98],[83,94],[82,91],[81,88],[80,85],[78,82],[78,80],[77,78],[77,77],[78,77],[79,77],[79,79],[82,81],[83,85],[87,88],[89,91],[90,91],[90,91],[90,91],[91,91],[92,91],[93,92],[95,92],[95,93],[97,94],[99,96],[100,95],[102,95],[103,95],[104,94],[105,94],[107,92],[107,91],[108,90],[108,87],[108,84],[107,82],[106,78],[104,77],[101,73],[99,71],[97,69],[94,67],[93,65],[91,64]],[[192793,246080],[72,-129],[72,-135],[69,-137],[66,-136],[61,-130],[54,-122],[50,-115],[46,-111],[45,-106],[47,-102],[51,-100],[58,-102],[65,-106],[69,-112],[70,-116],[70,-121],[65,-127],[57,-136],[52,-150],[50,-161],[49,-165],[46,-160],[44,-150],[41,-137],[40,-123],[40,-114],[43,-112],[49,-117],[56,-131],[63,-150]],[[194453,242267],[118,-67],[120,-76],[120,-82],[119,-85],[118,-83],[116,-79],[112,-70],[109,-58],[104,-43],[99,-34],[96,-27],[94,-22],[93,-19],[94,-18],[95,-20],[98,-22],[100,-28],[102,-32],[104,-40],[105,-37],[105,-32],[107,-29],[107,-27],[107,-25],[109,-26],[110,-26],[112,-29],[113,-30],[115,-33],[113,-32],[110,-32],[107,-31],[103,-31],[100,-32],[99,-33],[99,-33],[102,-33],[107,-33],[117,-31]],[[198611,240747],[81,119],[83,119],[84,119],[84,119],[85,118],[84,118],[84,118],[84,116],[82,116],[81,114],[80,113],[78,111],[76,110],[78,104],[80,101],[81,97],[83,93],[84,92],[85,89],[85,89],[86,88],[86,88],[85,89],[86,90],[84,92],[84,95],[83,98],[82,102],[79,106],[79,110],[78,110],[78,110],[78,111],[77,111],[77,111],[78,112],[77,112],[78,112],[78,111],[80,111],[80,110],[81,110],[82,109],[84,108],[84,107],[86,106],[87,107],[87,110],[86,112],[87,114],[88,116],[87,117],[88,117],[88,118],[88,118]],[[81120,242785],[112,26],[125,30],[123,33],[121,32],[118,32],[115,30],[112,27],[110,22],[111,20],[114,19],[116,18],[117,17],[119,16],[120,16],[119,17],[119,17],[117,17],[115,19],[111,18],[104,12],[100,7],[95,2],[93,-1],[91,-2],[92,-2],[93,-2],[96,0],[100,3],[106,8],[108,9],[109,11],[110,10],[110,11],[111,11],[111,10],[112,10],[112,8],[112,7],[111,6],[112,4]],[[85522,243333],[65,114],[71,111],[75,109],[76,108],[75,107],[68,107],[59,109],[48,114],[41,121],[41,122],[43,123],[48,127],[51,132],[56,138],[56,147],[57,155],[52,164],[53,179],[53,191],[53,195],[50,191],[46,180],[44,168],[42,156],[45,149],[53,149],[60,151],[68,157],[76,158],[18,34]],[[87165,247499],[-28,84],[55,382],[-154,196],[135,286],[6,266],[-126,240],[28,768],[286,240],[-126,622],[-330,-588],[-127,100],[-35,436],[-180,98],[-241,-141],[-286,77],[-250,201],[-141,-33],[-237,247],[-16,18],[-137,341],[168,485],[-253,139],[-236,361],[-319,142],[-17,343],[-372,183],[-129,274],[-299,193],[-90,178],[-638,-498],[-502,39],[-273,111],[-430,-23],[-788,438],[-118,31],[-508,137],[-567,-645],[59,-880],[122,-428],[198,-175],[-57,-346],[26,-506],[-55,-286],[-304,-472],[482,-258],[-199,-245],[210,-304],[-125,-176],[231,-459],[-76,-348],[230,-59],[-150,-759],[-218,-123],[-145,-302],[57,-421],[-248,-180],[-167,-539],[-214,-34],[70,-495],[-61,-237],[193,-70],[242,-413],[377,-260],[439,-661],[232,-632],[81,-374]],[[49850,247481],[49,-164],[51,-166],[48,-170],[42,-177],[34,-182],[24,-185],[12,-190],[1,-189],[-6,-184],[-9,-176],[-9,-170],[-8,-157],[-3,-141],[6,-129],[12,-128],[13,-138],[10,-152],[4,-170],[-1,-182],[-7,-185],[-9,-178],[-8,-156],[0,-133],[3,-116],[2,-109],[0,-109],[-5,-116],[-10,-128],[-13,-140],[-13,-154],[-6,-169],[3,-178],[13,-181],[19,-179],[21,-173],[18,-166],[14,-156],[7,-141],[-1,-130],[-8,-116],[-12,-104],[-16,-93],[-16,-89],[-12,-92],[-7,-108],[4,-132],[17,-143],[28,-152]],[[50126,240305],[94,9],[100,10],[105,11],[112,8],[117,-4],[122,-14],[124,-22],[126,-26],[127,-30],[126,-30],[126,-27],[123,-23],[120,-16],[117,-7],[111,5],[105,16],[101,23],[96,30],[93,33],[92,36],[90,37],[92,35],[93,32],[95,27],[99,20],[104,9],[110,0],[117,-3],[125,-4],[129,-6],[132,-7],[135,-9],[135,-10],[135,-11],[132,-12],[129,-14],[125,-15],[118,-15],[111,-17],[112,-22],[112,-28],[114,-31],[115,-34],[115,-37],[116,-37],[115,-37],[115,-35],[114,-33],[113,-29],[112,-25],[110,-19],[107,-13],[104,-7],[102,-2],[99,2],[98,5],[96,8],[97,10],[98,11],[100,11],[105,9],[107,8],[112,5],[116,1],[121,-3],[124,-8]],[[57518,239994],[84,138],[92,128],[97,125],[97,129],[92,140],[82,156],[69,163],[54,160],[40,153],[26,149],[18,146],[20,146],[30,151],[43,178],[48,204],[45,206],[38,191],[27,159],[18,125],[15,95],[17,68],[26,53],[37,50],[48,57],[55,69],[55,86],[51,107],[49,127],[50,145],[52,159],[57,170],[61,175],[64,172],[65,170],[57,171]],[[232690,243139],[58,-99],[51,-98],[49,-99],[53,-106],[64,-115],[68,-111],[69,-101],[69,-92],[68,-90],[68,-94],[71,-108],[73,-125],[83,-136],[89,-136],[92,-128],[89,-116],[85,-103],[82,-93],[77,-92],[83,-114],[90,-135],[94,-147],[94,-146],[91,-135],[83,-111],[72,-75],[71,-46],[74,-27],[76,-20],[76,-23],[76,-39],[74,-65],[69,-90],[51,-92],[41,-87],[39,-84],[44,-86],[55,-95],[70,-112]],[[235471,239368],[104,13],[106,10],[108,9],[109,7],[111,6],[111,3],[111,3],[112,1],[111,0],[112,-2],[111,-2],[111,-3],[110,-4],[109,-4],[108,-5],[106,-5],[106,-4],[104,-9],[104,-13],[103,-17],[103,-20],[103,-23],[102,-24],[103,-25],[102,-25],[103,-24],[104,-21],[103,-19],[104,-14],[105,-9],[105,-2],[106,5]],[[238881,239151],[47,130],[48,144],[51,159],[54,173],[57,185],[58,194],[58,199],[56,200],[55,198],[52,194],[50,188],[49,182],[49,177],[51,172],[53,167],[55,161],[58,156],[59,150],[61,147],[63,146],[62,148],[61,151],[58,154],[54,158],[52,161],[51,163],[49,162],[51,160],[52,156],[53,152],[53,146],[55,141],[56,136],[59,130],[62,124],[64,116],[68,107],[70,101],[72,95],[74,93],[75,93],[77,97],[80,102],[82,111],[84,121],[85,128],[83,135],[80,137],[75,137],[69,134],[62,129],[55,123],[49,116],[45,112],[42,107],[40,104]],[[255254,244107],[32,-161],[33,-169],[36,-165],[39,-155],[46,-147],[50,-140],[51,-132],[49,-128],[45,-130],[39,-140],[31,-160],[24,-195],[26,-252],[28,-284],[22,-283],[12,-250],[5,-198],[6,-146],[12,-114],[25,-108],[38,-121],[51,-135],[55,-145],[62,-146],[88,-140],[101,-137],[99,-141],[83,-145],[56,-145],[34,-138],[33,-125],[30,-116],[28,-116],[23,-124],[20,-137],[16,-147]],[[256682,238492],[98,-51],[101,-44],[103,-41],[104,-43],[101,-49],[98,-60],[89,-73],[70,-86],[59,-91],[58,-93]],[[257563,237861],[91,15],[92,15],[91,15],[93,16],[94,15],[96,18],[99,18],[103,20],[106,22],[107,20],[107,18],[108,17],[109,15],[108,15],[109,13],[109,14],[109,14],[108,15],[107,17],[107,18],[107,19],[106,22],[106,24],[105,27],[105,30],[105,34],[107,40],[109,43],[108,48],[110,50],[110,51],[110,54],[110,53],[110,54],[109,52],[108,50],[108,48],[106,45],[106,40],[104,36],[104,33],[104,33],[106,34],[106,34],[107,33],[108,32],[110,31],[109,29],[111,27],[111,25],[111,23],[112,19],[111,17],[112,13],[110,9],[107,6],[86,1]],[[263590,239410],[230,340],[225,245],[71,296],[181,96],[79,41],[-89,237],[128,201],[340,769],[223,183],[9,163],[221,307],[189,54],[120,281],[198,111],[28,77]],[[172966,237415],[-126,-188]],[[172840,237227],[64,43],[88,60],[86,59],[85,59],[85,58],[86,56],[88,56],[92,52],[93,48],[96,46],[98,41],[99,40],[101,37],[102,35],[103,36],[103,36],[104,38],[103,40],[104,45],[101,48],[101,52],[98,56],[96,61],[96,66],[99,69],[102,72],[103,76],[105,78],[107,81],[108,83],[110,84],[111,86],[111,86],[112,87],[112,85],[112,84],[111,82],[110,79],[108,74],[105,73],[104,71],[102,68],[101,67],[99,65]],[[177244,239945],[26,151],[28,150],[27,149],[26,152],[23,155],[22,157],[19,158],[19,159],[18,159],[19,159],[19,157],[22,154],[25,151],[28,147],[33,142],[37,142],[39,143],[42,143],[43,143],[45,143],[46,142],[46,141],[46,139],[45,138],[44,135],[41,133],[38,131],[33,127],[27,121],[20,114],[15,112],[11,109],[7,109],[4,110],[3,114],[3,120],[5,125],[7,132],[11,139],[17,147],[22,154],[26,157],[30,160],[31,163],[34,165]],[[172263,248143],[-57,-199],[-355,181],[-461,108],[-271,-469],[-358,59],[-44,-322],[-320,82],[20,-482]],[[177244,239945],[73,-94],[72,-96],[71,-96],[72,-96],[73,-97],[75,-96],[79,-97],[82,-96],[83,-91],[82,-86],[82,-81],[82,-77],[84,-75],[85,-77],[87,-80],[88,-88],[90,-97],[92,-109],[94,-122],[97,-137],[99,-147],[99,-149],[96,-146],[92,-139],[88,-129],[84,-117],[81,-107],[79,-98],[79,-93],[82,-94],[84,-103],[87,-116],[88,-126],[90,-136],[89,-142],[88,-140],[85,-134],[81,-126]],[[180458,235815],[115,1],[112,6],[110,13],[107,16],[106,17],[104,16],[104,18],[103,18],[103,20],[103,21],[104,23],[105,25],[107,26],[109,29],[112,31],[115,33],[119,36],[122,37],[125,39],[127,40],[128,40],[129,40],[128,38],[127,37],[125,35],[122,32],[119,29],[114,25],[114,22],[112,19],[112,16],[111,13],[111,10],[109,8],[109,6],[108,3],[107,1],[106,-1],[104,-2],[103,-3],[102,3]],[[185070,236651],[69,115],[66,115],[66,114],[63,113],[63,114],[62,112],[61,113],[61,111]],[[185581,237558],[5,140],[6,142],[7,144],[9,146],[12,148],[15,150],[20,156],[24,161],[28,165],[29,165],[29,163],[28,159],[26,152],[22,146],[18,138],[15,132],[11,129],[8,127],[4,132],[3,139],[0,145],[-1,152],[-3,157],[-5,161],[-5,163]],[[40672,241950],[71,-101],[72,-102],[74,-104],[75,-105],[77,-105],[79,-106],[81,-107],[84,-107],[86,-108],[88,-109],[90,-109],[92,-111],[95,-113],[96,-114],[97,-116],[99,-118],[98,-117],[99,-117],[99,-118],[97,-116],[97,-116],[96,-116],[94,-115],[93,-114],[92,-114],[91,-113],[90,-114],[89,-114],[87,-114],[86,-114],[83,-114],[82,-113],[78,-113],[76,-112],[74,-111],[73,-111],[73,-110]],[[43875,237819],[112,46],[108,47],[101,49],[89,50],[86,45],[83,42],[82,39],[82,36],[85,33],[90,30],[96,29],[105,26],[116,26],[125,25],[135,23],[140,23],[146,20],[148,19],[148,15],[147,14],[144,10],[138,6],[133,-3],[129,-14],[126,-19],[123,-22],[122,-21],[121,-18],[120,-10],[122,-2],[123,9],[124,19],[127,23],[125,27],[123,29],[118,31],[112,32],[107,31],[100,32],[92,32],[86,31],[78,34],[72,37],[68,37],[65,38],[64,39],[65,38],[65,38],[68,37],[71,35],[74,34],[76,37],[78,39],[80,42],[84,44],[86,44],[91,44]],[[49799,239276],[45,177],[57,170],[62,151],[54,138],[41,134],[34,131],[34,128]],[[41549,247726],[51,-149],[36,-150],[15,-151],[-13,-157],[-36,-159],[-45,-158],[-43,-155],[-36,-148],[-29,-141],[-24,-126],[-17,-102],[-13,-85],[-11,-79],[-9,-86],[-10,-107],[-14,-136],[-3,-155],[9,-162],[18,-160],[19,-154],[16,-150],[4,-149],[-13,-153],[-24,-153],[-31,-153],[-32,-156],[-31,-157],[-24,-161],[-15,-160],[-17,-153],[-27,-151],[-42,-153],[-56,-156],[-64,-159],[-64,-158],[-61,-141],[-55,-122],[-48,-112],[-45,-110],[-46,-117],[-47,-132]],[[85522,243333],[56,-112],[55,-113],[55,-115],[54,-115],[55,-115],[54,-115],[56,-115],[56,-114],[57,-113],[59,-112],[60,-109],[61,-106],[64,-103],[68,-98],[70,-95],[73,-91],[74,-89],[75,-88],[75,-87],[75,-87],[74,-88],[72,-91],[71,-93],[70,-98],[67,-102],[65,-109],[63,-116],[61,-123],[63,-131],[64,-136],[66,-140],[67,-141],[68,-142],[70,-143],[71,-141]],[[87786,239447],[87,44],[89,45],[91,47],[92,48],[94,50],[95,51],[95,52],[95,49],[95,40],[98,31],[99,24],[101,18],[104,16],[106,13],[109,14],[111,17],[113,18],[114,23],[114,26],[114,30],[113,30],[113,29],[114,26],[114,23],[116,16],[117,9],[119,-1],[121,-10],[115,-10],[109,-8],[105,-6],[101,-4],[100,-3],[100,-1],[102,-1],[104,0],[108,1],[114,1],[118,-3],[119,-10],[118,-14],[118,-13],[117,-11],[116,-5],[115,2],[114,10],[112,20],[112,32],[109,43],[107,48],[104,50],[102,52],[101,54],[100,56],[100,56],[101,57],[72,39]],[[93842,240657],[-66,230],[48,341],[266,420],[104,312],[-417,98],[42,459],[-399,315],[334,219],[-208,457],[-143,430],[-305,318],[71,704],[-361,-157],[-142,157],[272,358],[-68,341],[-439,650],[61,201],[-133,292],[-233,69],[65,281],[-356,385],[20,495],[-83,299],[-195,41],[27,418],[-97,101],[-274,121],[-227,-766],[-15,-237],[-345,-364],[114,-691],[-289,-318],[86,-435],[-293,-325],[-103,-310],[-243,147],[-197,-549],[14,-212],[-289,0],[-100,-232],[-501,-312],[-92,134],[-502,676],[-5,353],[-368,312],[-405,-62],[-488,-639],[-166,461],[498,173],[-75,637],[246,98],[-15,204],[-356,289],[92,325],[-44,130]],[[185581,237558],[95,-8],[94,-6],[92,-5],[92,-6],[92,-9],[93,-12],[93,-19],[95,-28],[96,-37],[99,-43],[101,-48],[102,-54],[104,-57],[103,-60],[102,-62],[102,-62],[101,-59],[100,-55],[99,-48],[97,-41],[98,-37],[97,-32],[98,-29],[98,-25],[98,-23],[98,-23],[99,-23],[100,-25],[101,-28],[104,-32],[105,-38],[101,-45],[101,-52],[99,-57],[98,-61],[99,-62],[99,-61],[99,-59],[100,-56],[102,-49],[104,-42],[108,-38],[112,-39],[115,-38],[118,-37],[119,-38],[119,-38],[118,-38],[115,-38],[112,-38],[107,-38],[100,-38],[95,-40],[92,-36],[91,-33],[92,-28],[92,-24],[95,-19],[99,-13],[103,-9],[108,-5]],[[191741,235355],[41,116],[43,118],[47,122],[50,126],[55,131],[60,137],[60,143],[59,149],[58,155],[58,159],[57,162],[57,164],[58,165],[58,165],[59,164],[60,162],[62,160],[64,155],[65,150],[68,144],[68,140],[68,138],[68,135],[67,133],[66,129],[65,127],[64,125],[62,123],[61,122],[59,121],[58,121],[56,122],[55,125],[55,129],[53,132],[53,135],[51,136],[50,140],[48,143],[48,146],[46,149],[45,151],[44,153],[43,153],[43,153],[43,151],[43,148],[44,145],[47,140]],[[238881,239151],[83,-92],[84,-76],[86,-72],[87,-76],[88,-83],[91,-85],[95,-81],[106,-78],[114,-79],[119,-81],[120,-82],[115,-81],[106,-78],[92,-79],[77,-81],[67,-84],[62,-85],[62,-89],[66,-94],[74,-100],[80,-106],[77,-117],[75,-128],[75,-138],[73,-142],[74,-136],[75,-121],[77,-119],[78,-122],[77,-123],[77,-121],[76,-117],[74,-114],[75,-109],[84,-103],[88,-97],[85,-92],[80,-93],[72,-100],[64,-113],[57,-115],[53,-117],[54,-124],[56,-135],[60,-143],[63,-148],[67,-152]],[[242621,234250],[98,20],[99,20],[99,20],[100,21],[100,20],[101,20],[100,20],[102,20],[101,19],[102,18],[102,19],[103,18],[102,17],[103,18],[102,17],[103,18],[101,19],[101,19],[100,20],[99,21],[99,22],[97,24],[97,26],[96,27],[96,29],[95,30],[95,32],[96,33],[95,34],[97,35],[97,36],[98,35],[100,35],[101,34],[103,33],[101,34],[102,34],[102,34],[101,34],[101,35],[101,36],[102,36],[101,37],[101,36],[101,37],[102,36],[102,36],[102,35],[103,34]],[[247523,235593],[7,150],[10,140],[13,132],[17,128],[20,134],[23,152],[26,172],[33,180],[46,175],[51,176],[51,181],[46,188],[38,193],[28,201],[17,205],[9,194],[2,183],[-4,176],[-7,175],[-7,179],[-5,181],[-2,180],[4,179],[10,180],[13,180],[15,180],[13,177],[8,171],[4,163],[-9,138],[-20,106],[-25,91],[-26,91],[-22,104],[-15,121],[-8,136],[-1,148],[-8,168],[-19,191],[-29,204],[-33,204],[-32,189],[-24,161],[-17,129],[-18,113],[-19,117],[-18,135],[-13,158],[-8,179],[-4,185],[2,173],[1,153],[-1,134],[-1,124],[4,119],[15,117],[26,120],[34,129],[37,139],[38,136],[35,130]],[[30855,244898],[81,-64],[35,-57],[94,-54],[90,-310],[59,18],[15,26],[150,77],[-14,93],[-18,47],[-15,61],[-7,55],[-11,93],[-22,87],[-10,96],[-56,134],[35,106],[16,126],[5,129],[17,124],[322,-950],[230,-100],[53,-83],[52,-80],[38,-36],[76,-103],[147,139],[6,-451],[170,-250],[247,-529],[-73,-199],[139,-193],[62,-317],[2,-5],[22,-109],[-136,-338],[47,-56],[43,-55],[100,-49],[99,-59],[103,13],[47,-98],[44,-103],[38,-39],[68,-124],[326,-382],[4,-304],[43,-111],[55,-80],[50,-98],[42,-116],[59,-33],[56,-70],[61,-31],[62,0],[35,-90],[30,-96],[33,-62],[39,-103],[-67,-33],[-62,-57],[13,-227],[0,-18],[5,-80],[-36,-72],[-37,-70],[-19,-52],[-177,-386],[15,-86],[13,-92],[26,-62],[22,-91],[43,-49],[46,-49],[2,0],[84,-92],[28,100],[24,106],[11,72],[134,562],[74,26],[75,34],[62,108],[64,103],[209,-152],[23,-88],[18,-80],[31,-69],[26,-70],[66,-108],[68,-78],[-12,-95],[-3,-106],[-8,-103],[2,-106],[11,-103],[23,-90],[0,-5],[-6,-98],[10,-106],[-38,-83],[-2,0],[-115,-234],[36,-114]],[[34822,237642],[44,34],[83,72],[88,76],[96,74],[108,75],[121,78],[129,78],[131,79],[9,5]],[[35631,238213],[-74,301],[2,116],[-5,111],[-12,111],[-5,111],[37,77],[33,83],[32,85],[6,15],[-76,-281],[103,-705]],[[35672,238237],[80,48],[122,75],[110,72],[97,55],[89,35],[87,27],[88,28],[92,34],[99,47],[105,63],[103,72],[97,76],[95,77],[95,77],[99,74],[104,69],[110,61],[111,56],[100,57],[90,56],[82,55],[78,55],[81,53],[91,52],[104,45],[108,33],[110,24],[112,22],[112,24],[110,33],[107,46],[103,64],[107,78],[108,89],[106,99],[100,107],[92,112],[80,114],[69,110],[69,109],[74,105],[78,97],[82,88],[82,80],[83,74],[80,74],[75,82],[63,94],[59,102],[60,104],[67,101],[79,92],[98,78],[118,59]],[[30227,244155],[14,-82],[21,-73],[55,-111],[-45,-131],[-40,-142],[212,-485],[16,-70],[27,-64],[21,-90],[32,-65],[25,-82],[66,-106],[68,-111],[66,-5],[68,26],[55,100],[68,39],[-70,518],[489,-518],[207,70],[-18,116],[-8,62],[-1,95],[4,95],[-23,70],[-17,85],[-24,70],[-21,77],[9,328],[3,31],[2,121],[-761,539],[-143,-235],[-357,-72]],[[30720,242409],[53,-475],[73,29],[64,95],[-12,250],[-89,57],[-89,44]],[[30846,242453],[35,-101],[42,-72],[12,-13],[220,-475],[-19,-113],[-25,-111],[-11,-124],[6,-126],[76,-75],[16,-28],[93,-78],[19,-121],[14,-126],[20,-116],[35,-98],[256,-697],[54,39],[52,57],[16,131],[6,137],[-5,131],[-15,101],[0,70],[9,87],[-8,134],[0,263],[-159,952],[-38,132],[-19,152],[-43,119],[-56,74],[-333,338],[-66,-105],[-5,-21],[-101,-178],[-16,-15],[-62,-124]],[[31596,244111],[125,-1122],[32,-129],[34,-129],[47,-59],[46,-129],[-136,-353],[-10,-132],[10,-126],[60,-31],[29,13],[141,-29],[53,103],[59,37],[42,116],[40,123],[222,199],[-9,150],[-10,144],[-22,85],[-25,191],[-22,134],[-20,134],[-46,96],[-38,113],[-44,91],[-42,92],[-47,80],[-56,44],[66,85],[53,129],[-12,202],[-112,10],[-51,44],[-53,44],[-109,-11],[-55,-31],[-53,-56],[-87,-122]],[[31924,241246],[9,-96],[22,-77],[15,-88],[61,-119],[58,-123],[48,-57],[80,-139],[-48,-55],[-52,-31],[-48,-54],[-35,-111],[26,-178],[9,-54],[10,-62],[27,-167],[53,-34],[1,0],[88,-54],[16,-18],[53,-23],[-1,108],[-9,64],[-15,251],[24,103],[24,111],[22,103],[10,124],[38,64],[38,62],[15,26],[62,103],[-8,103],[-22,101],[-20,95],[-32,75],[-318,315],[-103,-47],[-48,-51],[-46,-67],[-4,-103]],[[32259,241728],[278,-405],[1,-106],[4,-46],[25,-650],[255,-5],[14,-13],[55,-21],[54,31],[57,0],[63,134],[35,39],[41,116],[44,103],[-13,98],[3,96],[5,-60],[25,-72],[16,-90],[-41,-243],[63,-31],[63,-13],[144,153],[21,7],[53,67],[-239,429],[-124,-24],[10,-90],[1,-28],[-20,77],[-16,88],[6,273],[-52,80],[-57,65],[-175,-3],[-62,0],[-196,75],[-25,28],[-57,21],[-56,23],[-57,28],[-56,3],[-90,-134]],[[32605,239966],[68,-67],[68,-39],[72,-25],[71,36],[-2,-152],[18,-145],[6,-147],[20,-139],[33,-98],[43,-83],[-204,-232],[114,-276],[159,88],[-17,-98],[-5,-39],[-104,-619],[54,-36],[109,0],[53,31],[301,-341],[14,-209],[-3,-67],[10,-82],[70,-67],[6,-3],[196,-173],[-31,-216],[62,-47],[66,-23],[54,-13],[71,-31],[21,150],[-2,80],[4,77],[-6,444],[2,26],[-3,121],[-2,116],[3,121],[-6,116],[-87,21],[-263,526],[47,276],[-334,774],[-276,113],[9,403],[-55,111],[-56,103],[-80,111],[-92,20],[-88,-7],[-86,-83],[-22,-307]],[[34144,238362],[81,-183],[10,-44],[35,-62],[399,-346],[111,168],[86,704],[16,145],[-17,85],[-31,69],[-14,34],[-78,222],[-9,38],[-23,78],[-31,67],[-83,93],[-90,2],[-83,-77],[-84,-80],[-39,-52],[-37,-69],[-21,-104],[-5,-118],[-7,-116],[2,-116],[-37,-140],[-10,-25],[-8,-44],[-33,-129]],[[8337,247950],[260,-689],[47,-124],[-54,-26],[-52,-67],[-41,-90],[-51,-62],[-25,-78],[-17,-87],[-10,-85],[-19,-93],[50,-217],[307,-108],[-161,-212],[16,-129],[15,-129],[10,-131],[30,-116],[-164,-266],[71,-49],[75,-21],[57,24],[93,-21],[176,281],[75,52],[5,5],[507,418],[268,268],[84,-343],[87,-57],[93,-10],[117,-230],[45,44],[45,57],[26,108],[41,80],[71,-106],[33,-67],[24,-85],[82,-33],[79,-44],[47,-62],[36,-111],[39,-88],[28,-121],[132,-343],[92,-77],[101,38],[31,106],[17,139],[-8,124],[-25,111],[-31,96],[-38,80],[83,239],[116,-33],[47,-44],[80,5],[87,-26],[50,-90],[14,-8],[150,-245],[497,294],[415,300],[22,-341],[-382,-580],[-172,-1602],[-1,-90],[1,-16],[-3,-245],[-97,-72],[-96,-77],[-88,-57],[-86,-75],[-80,-108],[-32,-80],[-34,-78],[-91,-188],[-31,-23],[-41,-83],[-44,-67],[-39,-80],[-30,-105],[-37,-91],[-5,-129],[-3,-129],[0,-129],[8,-129],[-52,60],[-53,74],[-61,-33],[-60,26],[-44,-111],[-49,-85],[-54,-78],[-57,-25],[-53,-80],[-59,-42],[-58,-13],[-60,-38],[-61,-26],[-64,28],[-60,-67],[-60,-41],[-76,-8],[-73,-62],[-63,-118],[-65,-80],[-68,-85],[-59,-124],[-50,-85],[-80,-98],[-37,-122],[-10,-25],[-20,-70],[-4,-31],[-99,-340],[43,-158],[-69,-118],[-73,-47],[-64,-113],[-24,-80],[-28,-67],[-31,77],[-28,67],[-53,59],[-148,276],[-285,-10],[-81,-44],[-2,-2],[-231,-122],[-339,-397],[-364,-735],[-51,-31],[-47,-57],[-47,-51],[-48,-44],[-29,-114],[-37,-85],[-43,-80],[-30,-105],[30,-104],[38,-77],[32,-95],[40,-75],[200,131],[14,194],[13,49],[13,80],[3,82],[0,85],[9,78],[0,85],[139,-433],[121,-171],[72,44],[72,10],[60,111],[70,60],[31,59],[26,80],[23,75],[16,67],[11,28],[51,114],[26,80],[19,85],[35,196],[9,39],[20,126],[18,119],[145,-67],[4,-6],[49,-20],[-110,-413],[205,-59],[216,160],[58,0],[60,-44],[62,-11],[58,19],[57,46],[63,13],[54,67],[56,54],[20,85],[13,93],[68,49],[50,34],[32,33],[85,57],[284,433],[176,-90],[448,250],[53,5],[57,31],[38,93],[55,57],[81,-5],[29,23],[133,15],[77,8],[130,297],[8,18],[-22,454],[7,31],[-8,72],[-5,85],[62,0],[62,13],[57,46],[61,31],[131,305],[115,72],[52,0],[54,39],[57,5],[53,51],[51,55],[56,46],[90,-8],[94,13],[45,67],[47,49],[45,67],[17,34],[205,299],[161,-62],[201,423],[2,132],[0,126],[10,129],[-9,129],[61,8],[58,-47],[55,62],[62,34],[53,64],[52,75],[46,98],[58,49],[359,333],[53,216],[63,44],[50,18],[36,42],[76,51],[24,140],[17,144],[373,-5],[33,54],[20,59],[66,147],[63,-13],[61,39],[56,75],[58,59],[-50,142],[-66,78],[168,95],[24,0],[66,54],[22,137],[37,98],[4,142],[21,129],[90,-24],[91,34],[56,39],[36,64],[33,39],[35,20],[50,80],[26,106],[31,101],[6,90],[32,139],[-325,297],[-105,3],[-311,10],[104,671],[221,129],[4,0],[76,49],[39,77],[28,111],[37,90],[24,106],[110,-29],[109,26],[118,11],[56,56],[51,85],[10,98],[17,93],[6,101],[-5,101],[85,18],[35,-24],[36,36],[85,13],[47,150],[23,103]],[[17368,247181],[-23,-21],[-20,-31],[-131,-77],[-45,-8],[-69,-33],[-63,-65],[-41,-137],[-29,-152],[43,-93],[48,-77],[52,-67],[56,-8],[79,0],[74,62],[46,75],[94,59],[68,-18],[66,-8],[63,65],[65,20],[31,24]],[[2641,233376],[8,-503],[219,183],[54,88],[53,85],[38,131],[30,137],[98,23],[41,60],[44,56],[47,31],[48,31],[38,70],[47,54],[55,237],[-51,44],[-36,65],[-96,46],[-160,-72],[-48,-59],[-10,-31],[-119,-189],[7,-80],[5,-77],[26,-150],[-208,11],[-130,-191]],[[3411,233639],[161,-147],[234,222],[53,33],[56,36],[28,31],[299,204],[188,41],[57,109],[18,85],[20,75],[55,43],[55,44],[59,47],[48,90],[-62,46],[-62,13],[-3,155],[-11,157],[-57,101],[-63,88],[-65,49],[-70,23],[-59,-3],[-55,-56],[-59,-8],[-57,-54],[-61,-111],[-61,-111],[186,-312],[-64,-72],[-30,-16],[-43,-41],[-42,-75],[-4,-320],[-70,-20],[-66,33],[-63,-51],[-68,-55],[-82,-56],[-80,-55],[-79,-87],[-81,-75]],[[5880,236425],[11,-109],[27,-87],[25,-91],[33,-72],[82,-46],[82,-18],[212,93],[63,79],[70,68],[56,118],[21,75],[23,70],[54,-36],[53,-8],[57,28],[38,5],[230,-10],[163,144],[75,-20],[77,23],[17,8],[134,5],[-27,95],[-33,85],[-192,52],[-53,173],[-3,54],[-20,77],[-42,93],[-55,181],[-289,-49],[-341,-312],[-99,31],[-98,-52],[-130,-449],[-57,-49],[-52,-49],[-11,-10],[-101,-90]],[[9376,238050],[7,-274],[78,-33],[71,-67],[75,59],[76,18],[-5,80],[-16,72],[-44,124],[-59,70],[-48,113],[-135,-162]],[[14528,242450],[58,-108],[61,-90],[53,-117],[68,-67],[-16,-95],[3,-106],[10,-100],[5,-101],[56,-85],[62,-67],[65,-29],[66,-15],[70,152],[59,-57],[60,-7],[63,23],[60,59],[-60,-98],[-59,-90],[-49,-124],[-54,-106],[74,-59],[73,-23],[69,103],[17,23],[47,36],[48,54],[42,78],[27,85],[16,21],[37,38],[40,78],[-42,82],[204,317],[25,16],[36,70],[38,67],[66,-52],[67,10],[90,-7],[86,33],[88,11],[81,105],[23,88],[19,90],[23,91],[20,95],[55,-36],[58,-41],[57,5],[55,64],[45,127],[32,51],[37,98],[28,111],[-260,67],[-19,552],[-75,75],[-70,101],[-77,25],[-22,0],[381,356],[85,-10],[82,10],[142,364],[-435,62],[-148,266],[-36,-124],[-38,-75],[-20,-119],[-29,-111],[-212,42],[-159,-299],[288,-307],[22,-44],[20,-13],[-1,0],[-78,-11],[-78,3],[-74,-70],[-77,-41],[0,-155],[11,-160],[-327,80],[-61,67],[-66,73],[-174,-209],[8,-80],[11,-78],[41,-136],[43,-119],[44,-121],[-50,51],[-52,16],[-52,64],[-46,52],[-98,-15],[-50,38],[-12,8],[-53,26],[-85,-75],[-90,-5],[-75,-103],[-42,-52],[-29,-83],[-170,-384]],[[247523,235593],[84,-85],[96,-77],[102,-65],[99,-56],[93,-51],[84,-57],[74,-76],[79,-93],[93,-100],[103,-103],[109,-102],[107,-97],[100,-89],[86,-81],[82,-89],[82,-97],[78,-100],[73,-98],[68,-93],[64,-89],[64,-92],[67,-104],[75,-111],[58,-80]],[[249543,233508],[45,61]],[[249588,233569],[279,-2],[179,95],[97,54],[59,50],[61,46],[63,38],[64,32],[65,28],[118,-13],[266,131],[309,-23],[128,-8],[67,44],[68,42],[68,41],[68,40],[68,40],[67,3],[66,-3],[66,-10],[66,-15],[66,-16],[68,-32],[66,-35],[65,-42],[63,-47],[62,-51],[61,-53],[62,-52],[62,-50]],[[252455,233801],[91,-201]],[[252546,233600],[15,21],[73,102],[76,101],[79,101],[82,101],[83,100],[83,102],[84,102],[83,104],[81,106],[81,107],[78,108],[77,109],[75,110],[74,111],[73,111],[71,111],[72,111],[71,110],[73,111],[74,110],[76,110],[78,109],[81,108],[83,107],[85,105],[87,102],[90,103],[92,104],[94,104],[95,103],[96,103],[96,101],[95,100],[96,97],[94,95],[93,93],[92,90],[91,88],[90,86],[88,84],[88,83],[87,81],[87,82],[86,81],[86,82],[87,83],[87,85],[88,86],[90,88]],[[57518,239994],[28,-136],[31,-140],[35,-141],[36,-142],[36,-140],[35,-137],[33,-132],[33,-128],[31,-124],[31,-120],[31,-119],[34,-119],[40,-121],[46,-124],[54,-126],[59,-129],[63,-136],[66,-140],[64,-142],[62,-141],[58,-140],[53,-138],[48,-136],[45,-137],[43,-138],[43,-143],[44,-151],[47,-153],[49,-154],[51,-156]],[[58847,235911],[98,-12],[99,-13],[100,-15],[102,-16],[102,-18],[102,-18],[103,-20],[103,-21],[103,-21],[102,-23],[101,-24],[101,-25],[99,-25],[99,-25],[98,-26],[97,-25],[96,-25],[95,-24],[95,-23],[95,-23],[94,-25],[95,-25],[94,-25],[95,-26],[94,-26],[94,-26],[95,-26],[94,-27],[96,-28],[96,-28],[97,-28],[98,-29],[99,-29],[100,-32],[101,-33],[103,-35],[104,-37],[105,-41],[107,-44],[107,-49],[109,-52],[109,-56],[110,-59],[111,-61],[111,-62],[112,-64],[112,-65],[112,-65],[112,-64],[113,-64]],[[63916,234258],[72,83],[76,91],[79,110],[84,132],[88,146],[91,151],[89,152],[85,147],[80,141],[70,137],[70,132],[72,123],[73,111],[70,102],[64,101],[54,108],[40,121],[27,141],[21,158],[18,163],[20,159],[20,148],[21,134],[18,118],[8,110],[-3,108],[-10,109],[-9,110],[-3,114],[7,122],[25,129],[43,137],[46,153],[50,162],[54,163],[59,159],[65,150],[68,141],[70,134],[74,125],[73,117],[69,113],[66,115],[64,125],[63,139],[63,156],[60,177],[59,192],[57,199],[59,197],[62,192],[70,184],[76,170],[80,144],[84,108],[85,77],[84,62],[77,65],[70,84],[60,116],[44,153],[21,180],[4,194],[-5,193],[-6,184],[-1,166],[14,143],[30,123],[35,118],[40,119]],[[67419,243798],[-23,231],[-272,988],[-52,510],[-449,60],[-338,-39],[-26,-5],[-216,-121],[-78,232],[-271,418],[38,375]],[[198611,240747],[52,-128],[60,-123],[68,-119],[71,-119],[73,-120],[73,-122],[70,-124],[67,-130],[61,-135],[53,-142],[44,-150],[36,-163],[26,-178],[17,-190],[9,-199],[4,-202],[4,-198],[10,-194],[20,-184],[30,-172],[40,-160],[45,-153],[46,-149],[42,-149],[34,-152],[28,-154],[23,-157],[23,-159],[27,-159],[38,-155],[51,-149],[61,-142],[64,-135],[66,-131],[66,-130],[66,-130],[66,-132],[64,-135],[60,-137]],[[200369,234887],[109,-70],[106,-70],[101,-68],[92,-69],[79,-71],[72,-71],[66,-72],[63,-72],[61,-72],[62,-72],[65,-72],[69,-72],[78,-73],[89,-77],[97,-78],[100,-77],[98,-74],[93,-69]],[[201869,233588],[113,48],[113,47],[112,47],[110,46],[108,47],[106,47],[101,48],[98,50],[95,51],[93,54],[91,56],[89,57],[86,59],[86,60],[84,61],[85,61],[84,61],[84,60],[85,58],[86,56],[87,54],[87,51],[89,49],[91,47],[93,45],[94,43],[95,43],[96,41],[98,42],[98,42],[99,43],[100,46],[100,48],[101,50],[102,54],[102,56],[102,59],[101,61],[102,62],[102,64],[101,64],[100,63],[99,62],[98,59],[97,55],[95,52],[94,49],[94,48],[94,46],[94,44],[94,43],[93,41],[94,41],[95,40],[94,39]],[[207153,236408],[24,183],[22,185],[19,186],[18,187],[14,187],[11,187],[6,183],[0,179],[-6,178],[-11,177],[-13,177],[-17,173],[-23,167],[-27,163],[-29,162],[-29,161],[-27,161],[-24,161],[-19,159],[-12,155],[-3,151],[5,151],[13,154],[20,155],[25,154],[31,153],[35,152],[39,152],[43,153],[45,153],[45,154],[41,151],[33,148],[25,147],[18,147],[9,149],[3,149],[0,145],[-1,141],[1,139],[4,135]],[[79259,237103],[39,-27],[90,-58],[91,-59],[91,-59],[91,-60],[92,-60],[92,-61],[92,-62],[92,-64],[92,-65],[91,-68],[91,-70],[92,-72],[91,-74],[91,-75],[91,-78],[91,-79],[91,-81],[92,-81],[91,-83],[92,-84],[91,-85],[92,-85],[91,-87],[92,-87],[91,-87],[92,-88],[91,-88],[92,-89],[92,-88],[92,-87],[92,-87],[94,-86],[94,-86],[95,-86],[95,-88],[95,-88],[95,-88],[95,-89],[94,-89],[93,-88],[93,-89],[93,-88],[91,-89],[91,-88],[91,-88],[90,-88],[90,-88],[90,-88],[89,-88],[90,-88],[90,-88],[91,-88],[90,-86],[91,-86],[91,-84],[92,-83],[91,-80],[91,-78]],[[84618,232382],[85,122],[88,133],[88,137],[87,131],[88,119],[85,101],[83,79],[83,52],[87,28],[89,14],[90,10],[92,14],[91,24],[90,38],[88,53],[85,68],[80,84],[74,101],[70,113],[69,120],[69,122],[73,122],[77,118],[83,109],[90,98],[100,90],[110,89],[118,89],[123,89]],[[87153,234849],[53,160],[54,161],[54,160],[50,159],[47,160],[41,160],[35,159],[30,160],[24,163],[18,167],[13,166],[10,164],[11,162],[15,156],[20,152],[26,146],[28,143],[27,136],[25,132],[22,131],[19,131],[15,134],[11,136],[8,138],[4,143],[0,153],[-4,162],[-7,168],[-9,166],[-7,170]],[[81120,242785],[107,-497],[69,-1066],[-34,-1075],[-92,-477],[-338,-640],[-52,-225],[-387,-608],[-177,-287],[-533,-515],[-407,-264],[-17,-28]],[[282814,246270],[-82,-387],[-614,-1106],[-105,-111],[-211,-217],[-420,-534],[-191,-90],[-184,93],[-223,-477],[-192,-75],[-222,191],[-152,-183],[111,-248],[66,-511],[-38,-116],[-111,-345],[-376,-653],[-228,-175],[-166,-542],[-153,-1042],[-58,-152],[-110,-1643],[48,-847],[53,-564],[43,-460],[178,-1222],[159,-2038],[123,-732],[149,-163],[-53,-258],[57,-405],[50,-962],[-17,-562],[50,-506],[158,-193],[0,-671],[273,503],[340,495],[79,312],[192,122],[449,920],[0,142],[224,578],[-28,978],[416,719],[542,398],[323,-320],[-80,382],[31,438],[11,175],[-114,501],[49,407],[134,418],[584,777],[277,141],[204,-232],[383,62],[320,542],[16,170],[-288,733],[-53,412],[28,503],[306,1151],[385,296],[-167,233],[294,227],[8,-292],[-93,-271],[154,-353],[463,263],[-107,903],[35,201],[-422,175],[65,643],[-65,183],[50,531],[191,165],[146,356],[73,173],[-92,232],[-179,62],[-249,276],[-162,-70],[-66,-330],[-199,83],[-161,229],[-33,346],[155,696],[194,540]],[[207153,236408],[52,-138],[50,-136],[50,-131],[51,-124],[50,-116],[46,-109],[43,-106],[42,-105],[41,-108],[43,-111],[44,-111],[47,-112],[54,-111],[69,-116],[88,-121],[104,-122],[114,-120],[116,-116],[111,-111],[99,-102],[81,-90],[67,-80],[64,-77],[64,-80],[68,-87],[73,-96],[80,-106],[86,-114],[89,-120],[90,-120],[76,-113],[61,-105],[50,-97],[43,-92],[44,-91]],[[209503,232614],[73,11],[79,8],[85,2],[94,-5],[103,-10],[111,-6],[117,-2],[122,2],[124,3],[127,4],[126,5],[126,3],[123,0],[119,-2],[113,-7],[106,-13],[99,-20],[94,-28],[90,-35],[86,-40],[85,-42],[83,-44],[84,-43],[85,-40],[87,-36],[91,-30],[95,-22],[100,-17],[101,-21],[102,-25],[104,-29]],[[212637,232135],[40,128],[42,126],[46,125],[49,124],[52,123],[54,121],[56,120],[59,117],[60,116],[62,116],[62,115],[63,116],[63,116],[63,119],[62,120],[61,122],[60,124],[58,126],[55,126],[53,127],[50,126],[48,126],[47,126],[46,126],[46,125],[46,126],[47,126],[49,126],[51,126],[53,127],[57,127],[60,129],[65,130],[66,131],[67,131],[69,132],[70,131],[70,131],[71,131],[71,130],[71,130],[72,130],[71,130],[71,129],[71,130],[71,130],[70,130],[70,132],[70,135],[69,138],[70,142],[69,143],[70,145],[70,146],[71,145],[71,144],[71,143],[72,141],[72,139],[73,135],[73,132],[75,127],[76,124],[76,123],[75,125]],[[218375,240225],[49,-138],[37,-157],[35,-169],[43,-173],[58,-169],[77,-162],[97,-152],[109,-143],[104,-144],[94,-150],[84,-153],[75,-156],[70,-156],[71,-152],[76,-146],[87,-133],[94,-113],[95,-99],[89,-93],[77,-96],[63,-103],[51,-116],[45,-130],[49,-135],[64,-125],[75,-114],[84,-105],[87,-98],[85,-93],[77,-92],[60,-96],[44,-109],[31,-120],[23,-121],[20,-116],[20,-107],[25,-97],[36,-88],[49,-85],[62,-93],[70,-111],[75,-132],[74,-148],[68,-155],[57,-152],[42,-143],[24,-134],[15,-137],[13,-142],[17,-146],[26,-151],[37,-152],[45,-149],[48,-139],[49,-122],[49,-104],[49,-89],[49,-80]],[[221753,232842],[92,43],[93,42],[93,39],[95,36],[95,33],[96,27],[98,23],[99,17],[102,13],[104,10],[106,7],[108,4],[108,2],[110,0],[111,-1],[110,-1],[111,-1],[110,-1],[110,1],[109,2],[107,4],[106,7],[103,6],[101,7],[99,7],[97,6],[97,6],[97,6],[96,6],[98,6],[99,5],[100,5],[102,5],[105,5],[107,4],[110,4],[110,1],[111,-2],[111,-3],[111,-3],[110,-4],[110,-4],[108,-3],[108,-2],[106,0],[105,2],[103,5],[100,8]],[[226730,233221],[40,159],[38,159],[39,157],[40,154],[40,149],[38,148],[32,149],[24,156],[13,166],[3,173],[-5,181],[-7,185],[-4,186],[3,185],[13,179],[22,174],[33,168],[40,161],[45,156],[46,154],[42,155],[38,161],[31,164],[31,163],[31,163],[29,166],[27,171],[24,176],[24,179],[23,180],[26,177],[30,168],[33,162],[33,155],[34,148],[33,139],[33,131],[32,123],[31,116],[29,111],[28,106],[27,106],[25,106],[25,111],[23,117],[21,119],[23,119],[23,123],[24,132],[24,145],[25,160],[25,173],[25,184],[23,189]],[[141411,240856],[280,-263],[313,304],[-247,-833],[61,-193],[-143,-545],[90,-345],[-118,-423],[-40,-578],[111,5],[275,1045],[-112,493],[112,10],[286,-310],[72,287],[260,-127],[86,-41],[-119,10],[-224,-134],[-23,-351],[217,-312],[-187,-745],[-101,-176],[-27,-312],[-78,-330],[225,34],[439,-364],[0,235],[328,-75],[97,204],[217,38],[7,194],[459,26],[-288,-207],[-207,-812],[133,-266],[196,-611],[345,118],[-150,-513],[-1,-400],[63,-93],[-133,-294],[46,-206],[144,-307],[57,-26],[24,-33],[-123,2],[-113,276],[-110,-118],[80,-201],[11,-62],[-237,209],[-134,-93],[-216,20],[-198,-149],[-294,-310],[-17,-178],[-195,-224],[391,-83],[75,-356],[-68,-214],[155,-178],[-96,-131],[-122,-449],[-265,-317],[-158,-62],[-507,-403],[145,-147],[158,-567],[187,121],[66,181],[484,-122],[160,-131],[109,-173],[149,-242],[250,-88],[100,144],[80,124],[237,119],[114,111],[110,129],[224,-212],[-8,-327],[-8,-217],[51,-137],[-72,-389],[-287,-426],[-246,-144],[0,-217],[433,-188],[385,-83],[-33,258],[107,-10],[85,10],[105,41],[231,80],[-43,302],[112,-116],[197,-13],[30,-155],[50,150],[54,-26],[105,-224],[205,142],[307,67],[192,-106],[221,-75],[81,155],[421,232],[140,250],[278,199],[55,570],[-378,-101],[-260,101],[-133,211],[-117,-85],[142,147],[93,39],[148,15],[102,297],[290,392],[-176,201],[209,-18],[217,294],[141,996],[-86,531],[-316,325],[-263,104],[-341,-11],[-161,-397],[-79,39],[-223,232],[260,382],[15,301],[-101,426],[-174,242],[-184,212],[-98,183],[-336,-49],[216,49],[129,47],[215,-243],[156,44],[-246,554],[-38,560],[-169,243],[-143,456],[-187,178],[-349,139],[-48,233],[-81,317],[-18,100],[-49,178],[-32,147],[-89,478],[-58,639],[-161,119],[-172,364],[-106,252],[-182,83],[-236,222],[-142,15],[-219,-250],[-17,0],[-317,103],[-48,24],[-200,103],[-83,116],[76,-72],[104,121],[206,13],[106,472],[180,216],[190,39],[256,250],[80,338],[187,294],[129,498],[19,266],[242,544],[-58,307],[-236,191],[-281,-72],[-341,67],[-211,-65],[-176,98],[-401,-196],[-311,-72],[174,464],[-96,330],[691,759],[118,234],[-105,547],[-519,-188],[-486,-111],[-512,222],[-56,-390],[-229,-451],[18,-570],[-160,-273],[-102,154],[-177,-180],[45,-467],[-99,-276],[54,-317],[185,-168],[-201,-619],[82,-214],[-227,-609]],[[137770,231374],[7,-296],[198,10],[87,-152],[-285,-176],[25,-299],[104,-229],[213,15],[76,-351],[-24,-314],[320,234],[63,-170],[211,155],[481,219],[196,237],[-71,263],[3,37],[218,-194],[240,369],[226,36],[129,289],[358,28],[24,289],[0,18],[170,-139],[360,-59],[-67,369],[199,410],[52,436],[134,482],[-77,513],[-84,258],[27,150],[70,335],[-113,199],[-37,211],[0,297],[-114,111],[90,400],[-280,-122],[-42,289],[-191,330],[-143,176],[-124,-150],[35,-186],[-143,-301],[-448,191],[-87,206],[-193,361],[389,312],[248,746],[146,257],[266,369],[-338,292],[-150,-225],[-11,-291],[-244,147],[-386,-88],[-164,-356],[-34,-320],[-263,-340],[173,-170],[407,56],[-151,-366],[-71,-18],[-420,-446],[-152,62],[-70,-276],[-63,219],[-491,168],[-179,-276],[132,-545],[191,-147],[40,-216],[-288,-78],[0,-252],[177,-93],[-262,0],[-127,-124],[107,-348],[442,-346],[338,75],[148,0],[-54,-253],[-225,0],[-142,-395],[-102,-722],[229,-103],[297,217],[163,-26],[-527,-227],[-259,-46],[-147,-264],[6,-381],[-372,33]],[[87153,234849],[97,-71],[98,-71],[99,-72],[99,-73],[98,-74],[98,-76],[97,-77],[97,-78],[96,-80],[95,-81],[95,-83],[93,-83],[92,-85],[91,-85],[91,-86],[89,-86],[88,-86],[86,-85],[86,-84],[86,-84],[85,-82],[84,-81],[84,-80],[83,-77],[82,-76],[83,-75],[81,-73],[81,-72],[79,-71],[77,-70],[77,-70],[75,-71],[74,-72],[73,-73],[72,-75],[71,-77],[70,-79],[70,-80],[69,-83],[69,-85],[69,-87],[69,-88],[69,-89],[70,-91],[71,-91],[71,-90],[73,-91],[75,-90],[76,-89],[78,-87]],[[91284,230834],[61,128],[76,119],[84,109],[88,104],[88,102],[84,105],[77,110],[69,118],[61,127],[53,136],[50,145],[46,149],[42,153],[38,154],[38,155],[37,153],[35,152],[33,149],[33,143],[36,140],[40,140],[49,140],[58,138],[69,136],[78,134],[84,132],[85,129],[81,126],[71,123],[64,125],[60,126],[58,121],[57,117],[59,111],[62,105],[67,97],[71,89],[75,79],[77,74],[75,77],[71,85],[69,95],[66,102],[65,107],[65,107],[68,102],[70,91],[73,82],[75,82],[72,84],[66,89],[58,95],[50,102],[41,106],[37,112],[36,114],[41,117],[51,118],[63,121],[74,124],[81,130],[31,49]],[[95076,238018],[-64,241],[56,319],[-365,625],[-482,245],[-26,554],[-143,-64],[-247,389],[63,240],[-26,90]],[[226730,233221],[49,-109],[39,-80],[31,-60],[27,-47],[27,-45],[31,-51],[40,-68],[53,-95],[70,-108],[83,-115],[90,-122],[91,-128],[88,-131],[85,-133],[80,-128],[78,-120],[76,-112],[78,-104],[78,-102],[81,-104],[82,-112],[82,-125],[81,-141],[84,-148],[85,-155],[84,-162],[78,-166],[70,-169],[61,-170],[53,-167],[53,-157],[61,-145],[71,-138],[81,-132],[87,-129]],[[229118,229043],[100,54],[98,55],[96,54],[95,55],[94,54],[92,53],[91,53],[90,51],[89,52],[90,51],[89,50],[88,51],[89,51],[88,52],[88,52],[88,53],[87,54],[88,55],[88,55],[88,55],[88,57],[89,56],[89,57],[89,58],[90,57],[91,58],[91,58],[92,58],[93,58],[94,56],[94,52],[94,49],[94,46],[95,44],[94,42],[95,41],[95,40],[96,40],[95,41],[97,41],[96,43],[97,44],[97,46],[97,47],[97,50],[98,51],[98,52],[97,54],[98,55],[97,55],[97,55],[97,54],[96,54],[95,51],[95,49],[94,47]],[[234335,231919],[14,135],[15,143],[14,143],[10,136],[6,123],[5,110],[6,107],[8,110],[10,119],[13,132],[16,147],[19,162],[22,173],[23,178],[25,176],[22,164],[15,145],[8,126],[5,112],[7,107],[9,109],[12,117],[15,129],[21,142],[26,154],[30,163],[35,167],[40,168],[45,163],[47,159],[49,156],[49,155],[50,160],[47,166],[43,171],[40,176],[35,180],[30,180],[27,181],[24,180],[22,179],[20,175],[20,172],[21,170],[21,168],[21,167],[22,166],[24,166],[28,162]],[[49799,239276],[48,-198],[61,-190],[71,-183],[73,-176],[70,-174],[61,-173],[61,-171],[63,-166],[60,-159],[53,-154],[43,-148],[31,-142],[20,-138],[11,-134],[7,-133],[10,-139],[16,-147],[22,-157],[24,-166],[21,-171],[13,-176],[5,-177],[-3,-175],[-9,-168],[-7,-169],[-3,-170],[4,-168],[9,-163],[16,-156],[21,-149],[24,-140],[26,-130],[25,-120],[21,-107],[18,-101],[13,-104],[10,-115],[6,-130],[5,-146],[6,-158],[10,-165],[17,-164],[21,-156],[23,-144],[30,-135],[36,-134],[39,-137],[42,-147],[44,-156],[46,-165],[47,-168],[45,-165],[36,-161],[23,-157],[14,-153],[7,-147]],[[51305,230681],[108,-32],[108,-33],[107,-32],[105,-32],[104,-33],[101,-32],[99,-31],[96,-32],[93,-31],[94,-28],[95,-26],[95,-24],[97,-23],[96,-21],[97,-21],[97,-19],[96,-20],[97,-20],[96,-19],[96,-21],[96,-21],[95,-22],[95,-24],[94,-25],[95,-27],[94,-28],[93,-29],[94,-29],[94,-29],[95,-29],[96,-28],[98,-28],[100,-26],[101,-26],[104,-25],[105,-24],[106,-24],[108,-23],[108,-23],[109,-22],[109,-23],[108,-24],[107,-24],[104,-25],[103,-27],[101,-29],[100,-30],[98,-31],[96,-34],[95,-35],[94,-36],[93,-38],[92,-39]],[[56562,229244],[32,130],[38,136],[48,143],[53,133],[58,110],[66,95],[75,91],[81,95],[78,107],[65,122],[42,133],[18,126],[4,122],[6,124],[17,130],[38,137],[59,140],[64,139],[52,135],[40,122],[28,105],[23,92],[28,87],[44,97],[66,106],[85,107],[94,109],[92,110],[79,109],[59,108],[34,114],[18,135],[12,154],[11,159],[13,157],[20,149],[26,138],[33,125],[31,111],[31,102],[33,99],[40,99],[48,108],[57,124],[60,155],[59,192],[56,214],[49,221],[44,218],[40,205],[38,188]],[[151604,233841],[8,-10],[100,-117],[100,-119],[99,-123],[95,-125],[91,-127],[86,-129],[80,-130],[75,-130],[70,-129],[66,-127],[63,-124],[63,-120],[62,-115],[65,-114],[67,-115],[69,-116],[71,-116],[71,-115],[71,-114],[70,-112],[69,-108],[68,-104],[66,-100],[65,-96],[63,-94],[63,-92],[62,-94],[61,-97],[62,-102],[60,-106],[57,-111],[56,-113],[54,-115],[53,-115],[52,-113],[51,-110],[50,-107],[49,-101],[50,-98],[49,-92],[50,-90],[50,-88],[51,-88],[54,-92],[57,-97],[61,-102],[63,-108],[67,-111],[69,-115],[70,-117],[71,-120],[70,-122],[68,-122],[67,-123],[65,-124],[62,-123],[60,-122],[57,-122],[55,-119],[53,-119],[51,-115],[52,-113],[53,-110]],[[155682,226784],[91,52],[88,53],[87,54],[86,55],[86,56],[85,56],[85,55],[86,54],[87,53],[88,51],[91,49],[94,47],[95,44],[98,42],[102,37],[104,33],[104,29],[105,25],[105,24],[102,22],[101,20],[98,21],[96,21],[94,23],[91,25],[89,28],[87,31],[87,36],[86,37],[85,39],[86,40],[87,41],[88,42],[90,42],[91,43],[91,43],[93,44],[93,44],[93,44]],[[159277,228339],[11,140],[9,151],[7,161],[5,172],[5,179],[4,186],[5,189],[7,190],[8,189],[10,185],[11,180],[15,174],[17,165],[18,157],[19,154],[19,151],[20,149],[19,148],[20,149],[20,149],[19,150],[20,153],[21,155],[20,158],[21,161],[22,164],[25,165],[27,165],[29,165],[31,164],[31,164],[31,163],[31,162],[28,160],[27,159],[23,158],[19,157],[15,157],[9,156],[6,157],[3,161],[0,161],[-3,164],[-4,164],[-4,149]],[[159973,235649],[-843,-424],[-356,-260],[-128,41],[-5,-124],[316,-49],[-29,-335],[-237,-5],[-238,152],[-147,237],[64,80],[-116,261],[-59,283],[-178,-95],[-516,544],[-312,217],[-137,-369],[-203,-255],[-386,-85],[-166,-498],[-243,219],[-227,-126],[-138,185],[273,305],[10,348],[-260,-65],[-492,320],[-146,183],[-47,465],[-354,183],[-95,-75],[250,377],[-201,394],[179,191],[-108,390],[130,441],[-54,167],[263,8],[44,237],[182,207],[5,400],[110,234],[311,24],[183,505],[-149,196],[-359,57],[-151,271],[113,41],[-50,438],[161,594],[77,131],[8,428],[-97,294],[-403,47],[-331,-761],[-133,-173],[-371,-5],[-339,-124],[-274,-565],[192,-258],[160,493],[375,191],[57,-555],[121,-255],[-151,-70],[-38,359],[-195,-75],[-234,-583],[-142,183],[-271,-77],[-8,-952],[143,-80],[97,-330],[-186,-271],[-62,-516],[168,36],[128,-255],[143,-64],[62,-638],[-28,-521],[28,-363],[279,-498],[-130,-212],[-199,-54],[21,-242],[312,-379],[-160,-140],[150,-304],[187,-13],[149,-126],[127,-436],[159,-140],[23,-43],[-168,118],[-247,573],[-354,-72],[-248,56],[-48,-526],[33,-198],[-326,54],[-185,366],[-620,-119],[-170,-469],[142,-441],[-254,235],[-143,229],[-462,-106],[-173,-7],[-24,-15]],[[191741,235355],[54,-95],[56,-89],[54,-84],[52,-82],[48,-83],[45,-87],[41,-91],[36,-97],[35,-105],[36,-115],[37,-127],[38,-138],[41,-148],[41,-155],[41,-157],[44,-158],[47,-157],[48,-154],[49,-151],[47,-149],[41,-148],[31,-149],[20,-151],[9,-156],[0,-158],[-6,-158],[-6,-154],[3,-153],[17,-152],[33,-153],[49,-152],[62,-152]],[[192884,231097],[137,-52],[136,-53],[130,-52],[120,-52],[109,-51],[108,-48],[106,-46],[106,-46],[105,-45],[106,-46],[105,-46],[105,-48],[106,-50],[106,-52],[105,-55],[104,-57],[102,-57],[98,-55],[96,-52],[91,-46],[89,-42]],[[195154,230046],[81,75],[80,71],[80,68],[79,68],[79,67],[78,67],[77,70],[77,71],[76,76],[75,78],[71,79],[69,79],[66,77],[64,78],[64,77],[62,76],[63,77],[64,76],[66,76],[67,76],[70,75],[73,76],[75,76],[79,76],[82,75],[85,76],[87,75],[90,75],[92,75],[94,74],[94,74],[95,75],[95,77],[95,81],[95,84],[94,86],[94,89],[94,92],[94,93],[93,95],[94,95],[94,95],[94,96],[94,95],[95,95],[96,93],[96,92],[97,90],[97,88],[98,86],[98,84],[99,81],[98,79],[99,78],[97,75],[97,74],[96,74],[94,73],[93,72],[91,73],[90,72]],[[34822,237642],[7,-23],[47,-134],[12,-544],[74,-34],[76,0],[77,-13],[77,8],[48,62],[45,38],[45,62],[46,60],[242,709],[78,111],[-33,150],[-24,85],[-8,34]],[[40213,226272],[42,101],[65,158],[68,146],[78,118],[89,97],[100,95],[103,90],[103,85],[98,78],[90,73],[79,69],[79,63],[83,61],[87,63],[86,67],[85,73],[77,74],[65,75],[57,93],[51,113],[50,127],[53,133],[58,128],[69,113],[81,87],[92,77],[99,69],[104,66],[108,65],[108,67],[106,72],[105,73],[106,65],[107,65],[105,71],[102,82],[98,92]],[[43349,229516],[22,179],[13,172],[4,147],[4,119],[5,103],[4,108],[5,136],[11,176],[9,200],[2,209],[-7,217],[-15,222],[-17,222],[-11,216],[9,203],[31,194],[53,186],[67,177],[69,167],[62,157],[46,147],[28,144],[18,151],[3,158],[-15,162],[-30,164],[-36,159],[-27,150],[-3,142],[24,144],[43,146],[50,149],[38,147],[12,142],[-17,140],[-32,142],[-35,142],[-28,142],[-16,140],[-2,135],[12,131],[22,128],[29,140],[33,149],[29,156],[20,160],[7,165],[-5,163],[-8,162],[2,164],[17,164],[27,165]],[[35672,238237],[48,-327],[-182,-405],[94,-175],[-124,-596],[-137,-147],[-79,-676],[158,18],[0,-325],[138,-110],[7,-457],[659,-1205],[78,101],[7,413],[316,430],[62,-110],[10,-493],[-89,-240],[3,-297],[286,-376],[58,-591],[300,-245],[-103,-431],[130,-85],[21,-131],[42,-230],[187,-206],[492,443],[52,-221],[-103,-251],[-303,-345],[-38,-287],[-147,-64],[-22,-544],[187,-596],[-101,-511],[300,-480],[346,-265],[138,265],[320,-273],[263,75],[130,-410],[-163,-49],[-27,-310],[458,-126],[277,111],[220,-111],[51,-253],[310,-10],[83,-196],[-106,-612],[34,-49]],[[257563,237861],[5,-168],[32,-152],[57,-141],[65,-154],[65,-174],[61,-182],[51,-177],[39,-159],[29,-126],[19,-110],[9,-102],[1,-100],[-6,-106],[-12,-115],[-20,-123],[-33,-118],[-30,-121],[-13,-131],[8,-143],[29,-153],[46,-153],[58,-151],[65,-155],[71,-160],[73,-167],[71,-177],[68,-192],[70,-203],[78,-211],[88,-212],[93,-199],[86,-172],[71,-145],[53,-127],[34,-116],[24,-109],[25,-108],[38,-105],[50,-98],[56,-100],[56,-109],[49,-121],[37,-122],[29,-113],[34,-107],[43,-104],[51,-107],[55,-119],[49,-138],[37,-166],[22,-188],[19,-196],[20,-195],[25,-187],[34,-173],[36,-164],[33,-159],[32,-154],[30,-151],[28,-152],[26,-159],[14,-176],[4,-190],[2,-191],[11,-180]],[[259913,228225],[83,-4],[85,-2],[88,3],[91,6],[94,8],[95,8],[97,10],[99,10],[100,11],[101,12],[101,13]],[[260947,228300],[53,102],[54,108],[54,112],[54,118],[55,122],[54,127],[56,130],[56,133],[58,136],[60,137],[62,138],[64,137],[66,135],[69,132],[70,128],[73,123],[74,119],[77,115],[77,113],[77,117],[77,118],[74,122],[74,125],[72,128],[70,130],[68,133],[68,135],[66,136],[65,138],[64,138],[65,138],[66,138],[67,138],[68,136],[70,134],[70,132],[74,129],[75,125],[76,120],[77,115],[76,109],[75,103],[75,98],[72,93],[72,89],[71,86],[70,85],[70,84],[71,86],[72,90],[73,94],[74,102],[73,110],[25,41]],[[264585,234660],[-143,-41],[-323,-371],[-494,-119],[219,637],[-94,622],[172,361],[-200,88],[-335,-372],[195,-240],[-84,-405],[-431,-87],[2,446],[84,108],[31,544],[-67,209],[122,392],[-107,116],[-191,-98],[-242,49],[-427,-116],[-81,214],[-203,68],[-130,51],[-46,384],[273,411],[59,38],[232,158],[296,381],[86,297],[210,291],[175,75],[447,659]],[[264829,235060],[26,43],[74,122],[75,122],[76,121],[76,119],[10,15]],[[265166,235602],[-345,229],[14,-735],[-6,-36]],[[173103,236499],[8,-355]],[[173111,236144],[50,-87],[42,-90],[27,-100],[10,-108],[-2,-116],[69,-24],[67,-32],[62,-45],[56,-58],[52,-69],[50,-76],[89,-201],[-88,-385],[290,-20],[66,-29],[62,-37],[58,-48],[53,-60],[49,-71],[46,-75],[-26,-250],[228,-253],[-39,-93],[-41,-92],[-43,-89],[-46,-86],[-48,-82],[-49,-82],[-168,-211],[-251,-8],[-146,219],[-276,10],[-50,-165],[-96,-232],[53,-61],[48,-67],[42,-74],[39,-81],[37,-83],[54,-255],[6,-112],[2,-112],[0,-226],[4,-112],[9,-112],[13,-111],[14,-104],[15,-103],[19,-100],[26,-97],[31,-94],[33,-92],[278,-124],[185,209],[22,330],[160,54],[69,-27],[69,-25],[69,-25],[68,-29],[68,-33],[232,258],[173,-47],[112,-126],[232,145],[39,-84],[41,-84],[42,-81],[45,-77],[47,-74]],[[175564,231163],[6,-315]],[[175570,230848],[40,-79],[42,-77],[43,-74],[45,-72],[46,-70],[47,-69],[5,-253],[-212,-67],[6,-103],[9,-102],[15,-98],[20,-96],[25,-94],[28,-93],[28,-92],[104,-253],[65,-14],[62,-24],[57,-40],[54,-56],[51,-65],[302,39],[29,-99],[29,-99],[32,-96],[34,-95],[36,-93],[14,-104],[16,-104],[19,-102],[25,-98],[30,-95],[36,-91],[-16,-402],[35,-83],[39,-78],[44,-68],[50,-57],[53,-52],[123,168],[231,0],[147,-307],[68,-3]],[[177526,227038],[8,0]],[[177534,227038],[4,28],[18,130],[17,129],[14,127],[14,127],[14,126],[14,127],[16,127],[17,129],[19,130],[23,131],[26,134],[31,137],[34,140],[36,142],[39,143],[42,146],[44,147],[47,148],[47,148],[49,147],[49,147],[50,145],[51,145],[50,143],[51,142],[51,141],[54,144],[56,145],[59,147],[59,149],[61,149],[62,150],[62,149],[62,149],[62,148],[60,147],[59,144],[58,142],[55,139],[55,139],[54,140],[54,139],[54,140],[54,140],[53,140],[53,140],[52,140],[51,141],[51,140],[51,141],[49,140],[49,140],[49,139],[51,135],[52,132],[54,130],[55,129],[57,129],[58,128],[58,129],[58,131],[58,132],[58,135]],[[172840,237227],[-39,-59]],[[212637,232135],[78,-136],[77,-126],[74,-110],[71,-92],[70,-80],[71,-73],[74,-77],[72,-88],[67,-101],[62,-112],[58,-120],[56,-121],[56,-115],[55,-100],[55,-83],[56,-69],[58,-66],[60,-71],[62,-85],[62,-102],[63,-121],[60,-141],[57,-152],[61,-162],[66,-168],[67,-173],[68,-173],[66,-173],[59,-174],[48,-173],[38,-170],[29,-164],[27,-151]],[[214640,228113],[87,-28],[87,-24],[87,-21],[89,-18],[89,-16],[91,-17],[92,-18],[92,-21],[91,-25],[90,-23],[89,-22],[88,-22],[89,-21],[89,-21],[89,-21],[91,-20],[91,-19],[93,-17],[94,-14],[93,-12],[89,-13],[86,-14],[83,-14],[81,-14],[79,-13],[79,-13],[79,-12],[82,-11],[84,-11],[89,-9],[96,0],[103,6],[108,12],[111,14],[114,15],[114,12],[113,7],[108,0],[103,-11],[94,-23],[89,-37],[87,-49],[84,-59],[82,-67],[81,-71],[81,-75],[81,-75],[82,-72],[85,-68],[86,-60],[88,-55],[85,-52],[84,-51],[84,-50],[84,-50],[85,-52],[87,-52]],[[219771,226626],[43,153],[45,152],[46,150],[45,151],[43,153],[42,153],[40,154],[40,156],[38,156],[39,157],[39,158],[41,158],[44,157],[47,158],[52,157],[57,158],[59,159],[61,160],[61,159],[61,156],[58,151],[56,145],[54,137],[50,130],[47,123],[43,118],[41,114],[37,113],[36,115],[34,119],[36,126],[37,132],[39,138],[40,143],[43,146],[45,147],[45,145],[46,140],[44,135],[44,127],[41,122],[41,115],[41,111],[41,109]],[[63916,234258],[43,-113],[46,-116],[48,-121],[49,-127],[51,-132],[52,-137],[52,-140],[50,-142],[49,-141],[47,-140],[43,-135],[41,-129],[42,-123],[44,-117],[44,-113],[44,-112],[44,-112],[42,-113],[41,-117],[39,-121],[38,-126],[38,-131],[39,-137]],[[64942,231363],[92,-30],[94,-29],[95,-31],[95,-32],[97,-33],[97,-35],[97,-36],[98,-37],[96,-39],[97,-40],[95,-41],[95,-44],[94,-45],[92,-47],[92,-49],[91,-51],[91,-55],[91,-57],[91,-60],[91,-62],[91,-64],[90,-65],[90,-66],[90,-66],[90,-67],[89,-66],[89,-66],[89,-65],[89,-65],[88,-63],[88,-63],[89,-62],[88,-60],[88,-59],[88,-59],[89,-57],[88,-56],[89,-54],[89,-54],[89,-52],[90,-51],[90,-50],[90,-49],[90,-48]],[[68963,229083],[70,148],[74,150],[78,148],[81,142],[84,130],[85,117],[88,97],[91,80],[89,60],[83,46],[78,40],[73,44],[70,56],[71,76],[69,95],[64,112],[61,124],[63,128],[66,128],[70,123],[73,118],[70,112],[65,99],[64,88],[63,80],[65,78],[66,85],[67,100],[67,124],[67,149],[64,169],[59,179],[54,184],[47,182],[40,171],[33,155],[26,134],[21,124],[20,112],[21,99],[25,90],[30,86],[36,89],[40,101],[56,117],[77,129],[96,137],[105,141],[106,145],[98,142],[85,138],[71,128],[57,119],[50,113],[50,109],[55,107],[65,108],[74,113],[86,117],[93,121],[89,111],[85,104],[85,100],[88,99],[93,100],[97,105],[102,112],[105,111],[105,109],[97,115],[89,127],[79,139],[70,147],[65,150],[63,147],[49,109]],[[74239,237904],[-295,76],[-264,279],[-208,343],[-185,157],[-334,150],[-501,399],[-376,122],[-260,286],[-302,753],[-283,209],[-544,691],[-748,266],[-650,555],[-377,72],[-1018,-529],[-377,-39],[178,475],[0,500],[-252,893],[-24,236]],[[43349,229516],[104,-61],[103,-61],[103,-62],[102,-61],[101,-61],[99,-60],[98,-60],[95,-59],[93,-58],[92,-57],[89,-55],[87,-54],[86,-53],[84,-51],[82,-50],[82,-49],[80,-49],[79,-48],[79,-48],[78,-49],[79,-50],[78,-51],[79,-51],[80,-52],[80,-52],[82,-52],[82,-54],[83,-53],[85,-54],[86,-55],[86,-56],[88,-56],[88,-57],[89,-58],[90,-58],[90,-59],[90,-59],[91,-60],[90,-59],[90,-59],[90,-58],[90,-58],[89,-57],[89,-57],[89,-57],[89,-55],[88,-55],[87,-55],[87,-54],[86,-54],[86,-54],[85,-53],[85,-54],[85,-54],[84,-53],[84,-54],[83,-53],[83,-53],[83,-53],[82,-52],[81,-52],[81,-52],[81,-52]],[[48838,226056],[74,160],[70,152],[63,148],[58,147],[54,144],[53,144],[53,146],[59,148],[65,148],[74,137],[76,129],[75,129],[71,134],[64,137],[61,140],[62,136],[75,111],[87,84],[97,62],[102,51],[97,55],[86,77],[71,107],[62,125],[57,134],[56,135],[58,130],[62,119],[64,109],[59,102],[48,101],[38,104],[29,109],[24,111],[26,110],[35,106],[53,103],[69,101],[80,100]],[[234335,231919],[78,-85],[80,-69],[81,-60],[83,-63],[80,-84],[77,-113],[70,-140],[64,-162],[60,-172],[59,-173],[63,-163],[67,-143],[71,-122],[71,-104],[70,-93],[68,-88],[66,-92],[65,-104],[64,-127],[59,-144],[50,-149],[42,-149],[37,-143],[36,-143],[39,-145],[49,-147],[60,-169],[67,-188],[70,-197],[68,-198],[62,-188],[55,-174],[45,-155],[33,-140],[23,-127],[17,-115],[17,-106],[22,-103],[35,-110],[50,-123],[60,-137],[66,-144],[72,-140],[74,-126],[77,-109],[76,-90],[78,-80],[87,-83],[90,-87],[91,-90],[89,-92],[87,-92],[85,-91],[82,-91],[70,-105],[58,-120],[52,-127]],[[237902,224845],[80,59],[80,60],[80,60],[81,61],[82,61],[83,62],[83,63],[85,64],[85,65],[87,66],[87,67],[89,67],[89,68],[90,68],[90,68],[91,68],[91,68],[92,68],[90,69],[90,69],[90,68],[87,69],[87,68],[85,68],[84,67],[82,66],[81,66],[79,65],[77,65],[77,63],[76,63],[75,61],[75,61],[74,59],[75,58],[76,57],[76,56],[77,53],[79,51],[79,50]],[[241218,227380],[31,151],[29,145],[24,142],[16,141],[7,142],[-1,144],[-5,147],[-6,149],[0,149],[7,157],[15,169],[21,177],[21,176],[23,167],[24,152],[26,131],[27,111],[29,94],[29,82],[35,79],[47,84],[58,92],[68,103],[73,112],[74,115],[70,116],[62,114],[51,111],[39,109],[28,113],[25,123],[25,136],[27,148],[30,159],[31,168],[32,172],[31,172],[29,169],[26,162],[25,154],[24,150],[23,150],[23,152],[21,154],[19,159],[19,162],[20,166],[23,169],[28,171]],[[91284,230834],[25,-144],[28,-137],[32,-135],[33,-133],[35,-134],[36,-136],[36,-141],[35,-145],[34,-150],[32,-155],[30,-158],[30,-159],[29,-159],[31,-159],[31,-158],[31,-155],[32,-151],[31,-148],[31,-145],[31,-144],[32,-146],[32,-149],[31,-152],[29,-157],[28,-161],[9,-52]],[[92078,227071],[113,21],[10,6],[230,-196],[229,152],[277,26],[856,-189],[117,-253],[343,220],[124,-39],[279,160],[255,-59],[403,56],[187,145],[33,276],[195,85],[140,395],[355,258],[41,559],[197,134],[47,233],[175,234],[189,-87],[480,358],[363,147],[124,-186],[123,11],[528,763],[349,317],[207,408],[-113,431],[144,304],[-295,147],[57,263],[-109,284],[204,139],[-117,428],[179,258],[-62,413],[-187,219],[-1,325],[-506,165],[1,176],[-448,0],[-172,885],[-557,208],[-188,-12],[-153,-196],[162,-176],[-536,-273],[-191,-307],[-6,-248],[-246,-69],[-125,-217],[-447,-173],[-59,163],[3,456],[270,196],[216,-59],[474,335],[433,568],[189,43],[54,227],[434,42],[244,278],[-48,307],[-192,-31],[-141,227],[-248,0],[-59,132],[-416,44],[-289,448],[18,279],[-210,137],[-158,-158],[-361,0],[-74,207],[-290,-8],[-49,185]],[[185511,228990],[85,-43],[89,-40],[90,-39],[92,-37],[94,-34],[94,-33],[94,-32],[93,-31],[91,-31],[88,-33],[85,-34],[82,-33],[75,-23],[71,-16],[68,-13],[68,-13],[70,-16],[73,-23],[78,-33],[83,-44],[89,-56],[95,-70],[98,-85],[97,-96],[95,-103],[93,-108],[90,-108],[87,-107],[85,-103],[84,-96],[85,-88],[88,-77],[91,-65],[95,-50],[97,-36],[101,-24],[103,-17],[104,-12],[105,-13],[103,-18],[101,-29],[98,-44],[94,-60],[94,-70],[95,-76]],[[189541,226778],[68,106],[68,101],[68,96],[66,90],[65,86],[64,83],[64,79],[62,78],[63,77],[62,76],[63,76],[63,77],[64,78],[65,79],[65,80],[66,83],[68,84],[68,87],[70,89],[71,91],[72,93],[74,96],[74,98],[72,100],[70,102],[70,104],[70,105],[70,107],[71,109],[72,110],[74,110],[76,111],[77,112],[80,112],[82,111],[84,111],[87,109],[89,109],[92,106],[93,105],[96,103],[97,101],[97,100],[96,99],[95,100]],[[185070,236651],[7,-147],[3,-140],[-3,-136],[-7,-137],[-10,-140],[-14,-146],[-16,-155],[-17,-164],[-17,-171],[-16,-178],[-14,-181],[-9,-180],[-3,-178],[4,-177],[12,-185],[18,-192],[24,-196],[27,-196],[29,-193],[30,-184],[31,-176],[29,-165],[27,-156],[24,-149],[20,-144],[16,-145],[16,-148],[15,-153],[16,-160],[16,-165],[16,-170],[16,-173],[13,-174],[13,-169],[11,-163],[11,-156],[9,-150],[10,-146],[10,-145],[11,-148],[12,-152],[12,-156],[13,-161],[12,-164],[12,-167],[11,-167],[11,-163]],[[77139,231051],[8,-124],[12,-149],[18,-151],[28,-149],[33,-151],[34,-153],[31,-151],[25,-147],[18,-142],[10,-136],[3,-134],[-2,-134],[-2,-138],[1,-149],[5,-161],[8,-169],[9,-176],[7,-181],[5,-183],[1,-183],[-4,-183],[-7,-181],[-9,-180],[-10,-176],[-8,-173],[-5,-169],[0,-165],[10,-165]],[[77358,226598],[80,-72],[82,-73],[83,-73],[83,-73],[85,-74],[85,-73],[85,-74],[86,-74],[86,-74],[86,-73],[87,-74],[87,-73],[87,-73],[87,-72],[86,-73],[86,-72],[85,-72],[85,-71],[84,-72],[83,-72],[81,-73],[80,-73],[79,-73],[78,-74],[78,-76],[78,-77],[76,-79],[76,-80]],[[79682,224536],[92,77],[89,72],[84,64],[74,49],[61,34],[53,23],[48,16],[46,14],[47,17],[53,24],[62,36],[72,50],[75,59],[75,64],[75,68],[76,72],[77,75],[78,78],[79,78],[81,79],[83,76],[85,74],[87,74],[89,69],[90,62],[93,55],[95,49],[95,46],[98,45],[99,49],[105,57],[113,62],[121,66],[125,69],[129,70],[129,70],[126,67],[120,64],[113,58],[102,50],[94,43],[89,39],[85,39],[84,40],[85,45],[86,49],[90,56],[92,62],[96,68],[94,83],[92,97],[88,105],[85,108]],[[84336,227651],[7,209],[-1,200],[-5,191],[-6,182],[-2,174],[8,165],[18,160],[27,155],[31,148],[34,141],[33,134],[28,126],[23,123],[16,121],[10,123],[7,129],[5,139],[5,152],[4,167],[5,173],[5,173],[3,171],[2,167],[2,163],[0,159],[1,155],[2,151],[4,150],[7,157],[9,173]],[[79259,237103],[-62,-101],[-604,-350],[133,-256],[43,-575],[93,-240],[195,-198],[99,-573],[-33,-495],[135,-919],[-65,-270],[162,-447],[-7,-459],[231,-381],[17,-276],[-78,-547],[-211,-576],[-151,-95],[73,-299],[111,-121],[-67,-441],[-405,562],[-175,-230],[37,-183],[0,-1148],[-190,382],[-316,384],[-275,145],[-136,761],[-324,634],[-350,260]],[[252546,233600],[53,-116]],[[252599,233484],[268,-193],[73,7],[71,12],[70,24],[68,36],[67,45],[57,-57],[54,-62],[53,-66],[54,-64],[56,-57],[60,-50],[88,28],[40,-93],[40,-94],[41,-91],[43,-90],[44,-88],[44,-88],[47,-85],[51,-80],[-55,-217],[203,-209],[7,-112],[7,-111],[14,-107],[22,-100],[32,-92],[43,-83],[49,-79],[50,-77],[48,-80],[-68,-364],[27,-100],[29,-98],[31,-97],[31,-97],[32,-96],[33,-95],[34,-94],[32,-96],[30,-98],[25,-101],[-5,-248],[92,-134],[41,-67],[0,-99],[-1,-98],[-3,-99],[-5,-98],[-5,-98],[-6,-98],[53,-67],[48,-72],[42,-80],[36,-87],[31,-92],[31,-93],[31,-93],[33,-90],[63,-430],[-61,-186],[37,-302],[205,-242],[-76,-418],[19,-444],[117,-121],[157,-374]],[[255518,225545],[231,-106]],[[255749,225439],[69,20],[68,21],[68,21],[69,19],[69,20],[68,18],[69,20],[90,-67],[20,-20],[50,-75],[45,-82],[42,-87],[41,-87],[43,-85],[212,-64],[45,-5],[63,-23],[63,-21],[61,-28],[60,-40],[57,-51],[56,-81],[47,-90],[31,-105],[20,-115],[19,-117],[52,-55],[48,-63],[46,-69]],[[257440,224148],[43,-65]],[[257483,224083],[25,39],[74,116],[75,116],[75,117],[75,117],[74,117],[72,118],[69,117],[66,119],[62,120],[59,121],[55,120],[52,121],[50,121],[48,120],[49,117],[51,115],[53,112],[56,107],[60,104],[62,101],[66,96],[67,94],[68,90],[67,89],[65,86],[63,84],[61,82],[58,81],[56,81],[54,83],[51,83],[50,85],[50,86],[49,88],[51,89],[52,92],[55,95],[58,98],[62,101],[65,104]],[[84336,227651],[61,-127],[61,-127],[61,-128],[61,-128],[62,-127],[62,-127],[63,-126],[64,-125],[65,-124],[66,-123],[65,-121],[67,-119],[66,-119],[67,-117],[66,-117],[67,-116],[66,-115],[67,-116],[66,-115],[65,-115],[65,-115],[65,-116],[64,-117],[63,-118],[63,-118],[62,-121],[62,-121],[62,-122],[62,-123],[62,-124],[61,-123],[61,-123],[61,-123],[60,-122],[60,-121],[60,-120],[59,-119],[59,-117],[59,-115],[58,-112],[58,-110],[58,-108],[56,-107],[55,-107],[14,-27]],[[87093,222370],[224,345],[255,661],[66,345],[369,570],[224,261],[162,-31],[51,317],[640,150],[108,265],[98,797],[153,338],[174,160],[178,341],[327,-39],[190,227],[160,-98],[416,150],[308,-101],[360,101],[197,-119],[325,61]],[[177534,227038],[60,-4]],[[177594,227034],[68,-9],[67,-16],[67,-20],[203,181],[62,41],[62,38],[64,32],[64,26],[65,19],[66,16],[66,14],[134,-279],[31,-92],[29,-93],[24,-96],[17,-101],[13,-103],[57,-61],[53,-66],[50,-74],[47,-79],[47,-79],[275,168],[60,-39],[60,-42],[60,-43],[60,-42],[61,-38],[61,-36],[62,-33],[72,-129],[220,126],[38,-214],[58,-19],[59,-17],[58,-18],[58,-21],[57,-28],[43,-222],[149,-147],[274,93],[-66,-292],[81,-451],[-53,-67],[-46,-76],[-36,-87],[-28,-98]],[[180587,224461],[-4,-16]],[[180583,224445],[50,2],[103,5],[103,5],[102,5],[103,6],[102,8],[101,11],[99,13],[99,17],[101,17],[103,17],[105,16],[106,15],[106,15],[107,14],[106,13],[105,12]],[[182284,224636],[71,93],[73,95],[73,97],[73,100],[73,105],[73,108],[72,108],[70,108],[69,107],[69,106],[67,107],[67,106],[67,105],[67,104],[66,104],[68,101],[68,101],[68,98],[70,97],[70,95],[72,93],[73,93],[74,92],[77,93],[80,93],[80,93],[82,93],[82,92],[83,92],[83,91],[82,91],[82,90],[82,91],[80,91],[79,91],[77,92],[76,93],[74,95],[73,98],[71,100],[69,106],[68,110],[67,116],[67,120]],[[56562,229244],[46,-140],[44,-142],[38,-151],[34,-163],[27,-173],[20,-183],[15,-191],[10,-194],[8,-194],[9,-189],[11,-182],[17,-174],[20,-164],[24,-156],[25,-149],[25,-144],[23,-140],[22,-138],[20,-137],[20,-137],[22,-139],[24,-142],[28,-145],[31,-147],[34,-150],[37,-150],[40,-151],[41,-152],[41,-150]],[[57318,224677],[83,-33],[83,-31],[82,-29],[82,-29],[83,-27],[83,-26],[84,-26],[84,-25],[85,-25],[87,-28],[88,-29],[89,-31],[91,-33],[92,-36],[94,-38],[96,-41],[97,-42],[99,-44],[100,-45],[101,-47],[103,-47],[103,-49],[105,-49],[104,-49],[105,-49],[106,-48],[105,-48],[104,-48],[104,-46],[102,-45],[101,-43],[99,-41],[98,-40],[96,-40],[97,-42],[96,-44],[95,-45],[95,-46],[94,-47],[93,-48],[93,-49],[92,-49],[92,-50],[91,-49],[90,-50],[91,-49],[89,-49],[90,-47],[89,-47],[88,-45],[88,-44],[88,-42]],[[62187,222528],[54,123],[43,153],[34,175],[30,186],[29,196],[32,196],[37,188],[42,173],[37,158],[25,148],[15,141],[7,139],[5,143],[8,153],[19,169],[35,186],[54,191],[68,192],[72,190],[71,183],[63,173],[54,158],[48,139],[41,125],[38,121],[37,118],[39,116],[43,111],[49,106],[56,97],[63,90],[69,88],[72,86],[69,81],[63,77],[58,73],[54,71],[58,72],[63,79],[63,95],[61,114],[58,134],[56,146],[55,148],[52,142],[54,123],[57,107],[57,107],[53,121],[46,144],[38,169],[29,191],[22,202],[21,203],[23,193],[24,180],[27,166],[31,157],[33,154],[38,156],[47,160],[56,159]],[[202340,225389],[84,-101],[87,-107],[88,-108],[90,-106],[89,-100],[87,-93],[85,-84],[79,-71],[79,-65],[79,-59],[76,-56],[73,-55],[70,-56],[68,-59],[66,-66],[66,-75],[66,-86],[63,-97],[57,-107],[51,-115]],[[203843,223723],[83,17],[82,14],[82,15],[83,14],[84,14],[85,15],[87,16],[89,18],[90,20],[93,21],[91,20],[89,19],[88,18],[87,17],[86,17],[86,15],[85,16],[85,15],[85,15],[86,15],[87,15],[87,16],[90,16],[91,17],[95,21],[98,23],[100,26],[103,28],[104,28],[104,28],[106,28],[105,27],[104,26],[103,23]],[[206946,224376],[41,116],[41,117],[40,119],[40,122],[41,125],[40,130],[40,135],[39,136],[41,139],[42,141],[44,143],[48,146],[51,147],[54,148],[56,149],[59,148],[59,146],[60,142],[58,138],[56,131],[52,123],[47,114],[43,107],[39,101],[36,96],[35,93],[35,92],[35,92],[37,94],[39,97],[42,101],[44,106],[48,111],[51,118],[54,124],[57,133],[57,140],[57,146],[56,151],[54,155],[52,156],[47,157],[45,156],[41,154],[38,153],[36,149],[33,145],[33,140],[29,140],[26,142],[23,144],[21,145],[20,148],[19,147],[20,147],[21,147],[23,145],[26,144],[29,143],[32,142],[36,141],[39,141]],[[201869,233588],[-3,-131],[-12,-123],[-19,-118],[-24,-118],[-25,-120],[-20,-124],[-11,-128],[-5,-133],[-3,-134],[1,-132],[5,-130],[9,-128],[14,-124],[18,-124],[18,-122],[17,-124],[14,-129],[14,-141],[15,-152],[16,-164],[15,-177],[15,-187],[12,-193],[10,-194],[6,-192],[4,-189],[4,-184],[4,-180],[9,-175],[16,-172],[26,-168],[37,-165],[43,-160],[45,-153],[43,-147],[38,-142],[30,-138],[21,-136],[14,-134],[8,-135],[6,-136],[4,-139],[3,-144],[2,-150],[3,-156],[4,-159],[2,-155],[0,-152],[-1,-145],[-2,-139],[-1,-134],[-1,-129],[2,-128],[7,-130],[10,-137],[14,-146]],[[159277,228339],[75,-81],[72,-80],[71,-80],[70,-80],[70,-79],[68,-81],[68,-83],[66,-86],[67,-88],[65,-90],[66,-93],[66,-94],[67,-96],[67,-95],[69,-94],[71,-88],[74,-81],[77,-76],[79,-71],[81,-70],[82,-72],[83,-78],[84,-85],[86,-94],[86,-104],[87,-114],[86,-122],[84,-128],[85,-129],[88,-123],[88,-118],[90,-110],[90,-102]],[[161805,225274],[79,105],[79,104],[78,103],[78,100],[77,96],[76,94],[75,90],[74,87],[74,85],[73,83],[72,80],[74,75],[75,70],[76,67],[78,63],[80,60],[80,57],[83,55],[83,53],[83,52],[84,52],[85,51],[86,52],[86,53],[88,55],[87,57],[88,61],[88,62],[87,64],[86,65],[85,66],[84,69],[83,70],[83,72],[82,73],[82,76],[82,76],[82,76],[83,77],[84,75],[85,75],[88,73],[89,70],[93,69],[96,71],[99,72],[102,74],[104,75],[105,77],[105,78],[105,78],[104,79],[102,79],[100,79],[98,80],[96,80],[93,81],[91,82],[88,83],[86,85],[84,86],[83,89]],[[167143,229870],[17,151],[19,154],[19,155],[20,158],[22,156],[24,156],[25,154],[26,154],[27,154],[28,155],[28,154],[27,156],[27,158],[27,158],[25,162],[24,163],[23,167]],[[164612,237196],[-113,-80],[-465,134],[258,433]],[[164260,237724],[-137,-293],[-234,-214],[-284,7],[-166,-768],[-185,-312],[-202,-173],[-321,-73],[-354,189],[-138,756],[-90,129],[-378,-31],[-466,-158],[-464,-387],[-245,-90],[-241,-557],[-306,-62],[-76,-38]],[[68963,229083],[41,-151],[43,-150],[45,-148],[47,-146],[49,-146],[50,-147],[51,-149],[51,-151],[51,-155],[52,-158],[51,-161],[50,-163],[51,-166],[50,-165],[53,-164],[56,-164],[61,-163],[63,-162],[65,-163],[67,-162],[68,-162],[67,-162],[65,-162],[62,-165],[58,-168],[52,-170],[48,-171],[42,-169]],[[70472,224620],[88,-41],[86,-40],[85,-40],[84,-40],[82,-40],[81,-41],[80,-41],[79,-42],[77,-42],[78,-41],[76,-41],[77,-41],[77,-41],[76,-42],[76,-42],[77,-43],[76,-44],[77,-46],[77,-46],[77,-47],[77,-49],[77,-49],[78,-51],[78,-51],[78,-51],[78,-52],[78,-51],[78,-52],[78,-51],[78,-50],[78,-49],[77,-47],[78,-46],[77,-46],[78,-46],[79,-47],[78,-47]],[[73381,222944],[68,97],[71,100],[75,100],[75,101],[76,100],[75,99],[73,97],[72,92],[74,82],[76,75],[78,71],[80,68],[83,66],[86,67],[91,65],[97,65],[99,66],[102,63],[102,58],[104,51],[104,45],[104,41],[103,38],[102,40],[97,47],[88,55],[82,62],[77,69],[74,72],[73,74],[72,75],[73,74],[80,72],[90,73],[99,76],[104,78],[106,80],[104,82],[99,84],[90,84],[79,84],[68,80],[57,79],[50,79],[44,81],[42,83],[45,86],[51,89],[63,89]],[[77139,231051],[-12,9],[-155,412],[11,328],[-303,469],[-57,263],[-273,361],[60,555],[100,119],[-88,717],[87,459],[-106,549],[-159,351],[5,343],[190,978],[-65,456],[-153,214],[-302,11],[-27,54],[-66,111],[-276,10],[-447,121],[-138,91],[-585,-165],[-141,37]],[[167143,229870],[45,-112],[45,-109],[43,-106],[43,-105],[42,-103],[41,-105],[41,-105],[41,-108],[42,-110],[43,-113],[44,-117],[47,-120],[48,-125],[48,-129],[47,-133],[47,-135],[48,-137],[50,-139],[52,-139],[54,-139],[56,-140],[57,-142],[57,-142],[55,-146],[53,-149],[52,-155],[49,-161],[49,-164],[47,-166],[45,-167],[43,-166],[42,-161],[41,-155],[41,-149],[40,-141],[42,-134],[41,-128],[43,-124],[44,-120],[47,-119],[49,-118],[53,-119],[56,-119],[56,-116],[58,-111],[57,-109],[57,-107],[56,-109],[55,-110],[53,-112],[50,-114],[47,-117]],[[169645,223191],[97,-7],[95,-10],[92,-16],[91,-22],[89,-29],[89,-36],[89,-41],[89,-45],[89,-48],[89,-50],[88,-51],[87,-52],[85,-51],[84,-49],[83,-46],[82,-43],[80,-45],[77,-50],[75,-54],[74,-56],[73,-57],[75,-56],[75,-54],[77,-51],[78,-47],[81,-42],[82,-35]],[[171910,222048],[52,103],[53,103],[54,105],[55,107],[57,109],[58,113],[61,117],[63,122],[65,128],[67,133],[68,136],[69,139],[68,140],[68,140],[67,140],[66,139],[63,137],[61,136],[59,134],[56,132],[53,130],[50,127],[47,130],[42,134],[40,139],[37,142],[34,146],[33,149],[32,152],[31,155],[31,157],[32,157],[34,159],[35,158],[37,158],[40,156],[44,153],[48,149],[52,143],[56,138],[58,133],[61,128],[62,125],[64,123],[65,121],[65,120],[64,120],[65,122],[63,124],[62,128],[59,132],[57,138],[55,141],[54,143],[54,142],[54,142],[54,139],[55,137],[55,134],[55,132],[55,129],[57,127],[56,125],[58,122],[59,119],[60,117],[62,116],[31,55]],[[175567,231027],[-3,136]],[[173111,236144],[-6,287]],[[49309,221035],[87,-40],[87,-40],[87,-41],[87,-42],[87,-43],[87,-42],[86,-42],[85,-41],[84,-41],[84,-40],[83,-40],[81,-38],[80,-37],[79,-37],[78,-36],[77,-35],[76,-35],[75,-35],[74,-34],[75,-32],[76,-31],[76,-31],[77,-31],[77,-31],[78,-33],[78,-34],[79,-35],[80,-37],[80,-39],[81,-41],[81,-42],[81,-44],[82,-45],[81,-46],[81,-47],[81,-47],[81,-48],[80,-48],[80,-47],[79,-47],[78,-49],[78,-49],[78,-49],[77,-50],[78,-49],[77,-50],[77,-50],[77,-50],[76,-50],[77,-49],[77,-49],[77,-49],[78,-48],[79,-47],[79,-48],[79,-46],[80,-47],[81,-45],[81,-45],[83,-45],[82,-44],[83,-44],[83,-45],[83,-46],[84,-48],[83,-50],[84,-52]],[[54686,218167],[58,105],[57,117],[54,133],[53,144],[53,144],[56,135],[61,117],[66,104],[67,98],[67,100],[63,108],[57,120],[50,135],[46,156],[44,174],[46,191],[48,202],[51,204],[54,195],[55,174],[54,148],[55,127],[55,116],[58,120],[61,137],[63,160],[64,182],[63,188],[63,174],[65,151],[68,125],[70,106],[69,100],[67,113],[49,127],[27,135],[14,136],[10,132],[21,118],[38,102],[56,87],[64,81],[60,81],[53,86],[47,91],[41,97],[41,101],[45,100],[46,107],[39,126]],[[48838,226056],[-5,-188],[-3,-195],[1,-199],[5,-202],[8,-197],[8,-187],[7,-170],[4,-164],[3,-161],[5,-157],[9,-156],[16,-156],[23,-155],[28,-153],[33,-148],[34,-139],[31,-130],[27,-122],[21,-119],[17,-117],[15,-115],[18,-119],[22,-130],[26,-142],[30,-150],[26,-149],[21,-148],[16,-145],[11,-143],[7,-142],[3,-140],[2,-141],[2,-142]],[[147882,227593],[59,-86],[68,-98],[68,-100],[68,-103],[68,-107],[67,-111],[65,-114],[62,-116],[59,-117],[56,-118],[53,-117],[50,-117],[48,-116],[47,-116],[47,-115],[48,-115],[50,-117],[53,-118],[55,-118],[59,-119],[61,-119],[62,-122],[61,-126],[61,-126],[58,-129],[57,-129],[53,-131],[51,-131],[48,-133],[45,-133],[45,-134],[43,-135],[44,-137],[44,-140],[47,-143],[48,-146],[49,-148],[51,-149],[52,-149],[52,-149],[53,-147],[53,-144],[54,-141],[53,-137],[53,-134],[53,-130],[52,-127],[51,-125],[50,-124]],[[150536,221437],[85,69],[85,62],[86,52],[86,42],[87,31],[87,23],[87,17],[88,12],[88,10],[90,8],[90,8],[90,11],[91,15],[91,20],[91,27],[90,35],[90,45],[90,52],[90,57],[89,60],[89,61],[88,61],[86,60],[86,56],[85,52],[85,45],[85,38],[86,29],[86,19],[84,13],[84,7],[83,2],[84,0],[84,-2],[84,-2],[86,-2],[86,2],[87,4],[88,10],[88,15],[90,22],[93,27],[96,31],[99,35],[101,38]],[[154500,222714],[42,145],[41,147],[40,147],[38,148],[36,147],[37,151],[37,154],[39,154],[39,156],[39,155],[40,154],[41,153],[40,151],[41,150],[42,147],[42,145],[44,142],[44,139],[43,135],[42,131],[41,128],[41,126],[40,123],[41,122],[40,122],[41,122],[42,123],[44,125],[45,128]],[[151604,233841],[-313,-205],[-178,-464],[-172,-188],[-231,-232],[-137,141],[-127,-1008],[-80,-361],[-307,-728],[-110,-56],[83,-723],[65,-74],[14,-47],[22,-152],[30,-162],[-372,355],[-230,-41],[-25,-286],[254,-147],[95,126],[276,-170],[30,-230],[-66,227],[-249,-361],[-244,171],[-212,-88],[-37,294],[-193,-106],[-515,-529],[-387,-157],[-287,-155],[-128,-162],[9,-730]],[[195154,230046],[31,-104],[28,-98],[24,-101],[22,-109],[15,-127],[10,-145],[5,-164],[3,-178],[2,-181],[6,-181],[12,-175],[21,-167],[30,-156],[38,-144],[44,-131],[44,-125],[39,-126],[34,-130],[28,-134],[24,-137],[22,-138],[24,-136],[30,-134],[37,-129],[45,-126],[51,-124],[55,-123],[53,-125],[49,-126],[43,-128],[36,-129],[31,-132],[26,-134],[25,-137],[26,-140],[31,-138],[36,-137],[41,-137],[40,-142],[38,-148],[33,-156],[26,-164],[20,-171],[15,-175],[11,-180],[11,-180],[14,-178],[22,-173],[32,-164],[41,-155]],[[196578,222874],[87,54],[90,56],[91,57],[94,58],[96,60],[96,59],[97,60],[97,60],[98,59],[97,57],[96,55],[95,54],[94,51],[92,48],[89,45],[87,43],[85,41],[83,40],[82,39],[81,38],[79,37],[80,37],[79,37],[79,36],[80,37],[81,36],[83,36],[84,35],[86,34],[89,34],[92,33],[94,31],[96,32],[97,30],[99,29],[99,29],[100,28],[101,27],[101,26],[101,26],[101,26],[100,25],[99,26],[97,26],[96,26],[93,27],[91,29],[88,33],[85,34],[83,37],[82,38],[80,40],[80,42],[79,42],[80,43],[80,43],[82,43],[83,43],[86,41],[88,40],[91,38],[95,33],[97,30],[99,26]],[[62187,222528],[27,-115],[26,-108],[25,-105],[23,-101],[23,-99],[22,-99],[22,-98],[22,-100],[24,-102],[26,-105],[29,-108],[32,-112],[34,-115],[34,-120],[34,-123],[35,-127],[34,-131],[36,-135],[36,-137],[38,-139],[40,-141],[42,-142],[43,-141],[43,-142],[43,-140],[42,-140],[40,-137],[38,-132],[35,-128],[32,-124],[30,-122]],[[63197,218760],[82,-45],[83,-47],[83,-50],[84,-51],[84,-55],[85,-56],[87,-60],[87,-61],[87,-64],[89,-66],[89,-67],[89,-68],[89,-68],[90,-69],[89,-68],[89,-67],[88,-65],[87,-62],[85,-61],[84,-59],[83,-59],[81,-58],[79,-58],[79,-56],[78,-56],[77,-55],[77,-54],[76,-53],[77,-53],[76,-52],[77,-52],[78,-53],[78,-52],[79,-52],[80,-53],[80,-53],[82,-53],[83,-53],[84,-53],[85,-52],[87,-52]],[[66603,216419],[60,134],[64,148],[64,163],[60,174],[55,175],[50,165],[45,144],[38,119],[34,101],[34,88],[37,77],[43,71],[48,68],[51,70],[53,76],[54,85],[61,97],[64,114],[68,128],[67,139],[65,143],[60,137],[54,126],[50,114],[46,111],[43,118],[41,128],[41,145],[43,160],[44,175],[46,183],[45,188],[44,188],[46,186],[48,180],[48,172],[50,160],[50,146],[51,130],[45,119],[42,114],[44,112],[50,115],[58,117],[67,119],[75,116],[82,111],[81,117],[76,120],[72,123],[68,121],[69,117],[71,108],[77,92],[78,74],[70,60],[67,56],[65,56],[65,64],[68,73],[71,83],[76,90],[77,108],[78,127],[76,144],[71,155],[65,164]],[[260947,228300],[101,-68],[97,-62],[91,-58],[84,-36],[81,-15],[84,-12],[90,-24],[97,-44],[99,-69],[94,-92],[88,-106],[84,-117],[82,-124],[80,-124],[82,-119],[80,-105],[60,-94],[42,-85],[35,-79],[41,-77],[57,-77],[81,-83],[90,-89],[95,-98],[98,-107],[100,-113],[101,-111],[99,-99],[99,-92],[95,-89],[84,-87],[70,-85],[61,-80],[60,-79],[67,-85],[74,-93],[77,-98],[80,-97],[77,-90],[69,-78],[63,-50],[62,-16],[62,-1],[62,-7],[62,-30],[63,-66],[70,-102],[88,-118],[102,-129],[108,-139],[107,-143],[94,-147],[74,-156],[57,-184],[47,-205],[45,-215],[49,-210],[59,-191],[77,-166],[85,-170],[81,-152]],[[265690,222363],[241,430],[107,258],[12,443],[169,1063],[-32,168],[191,768],[-27,408],[-102,227],[65,260],[145,163],[-128,196],[30,433],[-95,441],[85,717],[103,134],[43,859],[165,217],[7,392],[174,147],[74,315],[191,260],[-101,209],[184,294],[-304,413],[-40,199],[138,260],[-18,596],[-62,309],[205,349],[-42,356],[-109,2],[-255,372],[-353,399],[-241,488],[-8,369],[-300,286],[-64,54],[-15,181],[-365,-222],[-178,16],[-14,10]],[[264829,235060],[-78,-498],[-133,-402],[-218,-23],[250,541],[-65,-18]],[[267312,231622],[11,-1027],[113,-232],[5,-297],[230,-428],[149,-874],[-107,-387],[-80,-805],[101,-392],[15,-560],[-38,-415],[29,-482],[-86,-784],[17,-256],[-105,-740],[-89,-188],[54,-361],[191,-630],[41,-771],[-197,-769],[9,-675],[75,-547],[-201,-978],[93,-1238],[91,-237],[140,224],[65,653],[149,660],[229,240],[42,-286],[483,-98],[-3,-338],[69,-400],[179,325],[-84,449],[-8,420],[-87,62],[-207,-204],[-119,782],[-15,407],[-217,380],[-183,732],[1,557],[202,1179],[178,782],[-13,268],[167,446],[277,217],[430,-168],[372,-560],[-135,521],[-47,609],[-190,1050],[-184,660],[-278,2515],[-203,134],[71,480],[-123,266],[-56,492],[16,519],[187,797],[-35,980],[-74,457],[-82,134],[-147,709],[-26,361],[83,483],[-234,611],[-173,-258],[-103,-147],[255,-614],[-83,-537],[-101,-141],[67,-318],[-98,-240],[-129,-23],[-60,336],[-399,-331],[142,-761],[-80,-954],[-149,-446]],[[241218,227380],[71,-105],[79,-114],[83,-116],[86,-116],[86,-115],[85,-113],[82,-111],[77,-109],[72,-113],[70,-121],[66,-125],[64,-123],[64,-118],[68,-108],[75,-96],[83,-85],[80,-92],[81,-99],[84,-103],[86,-103],[91,-99],[94,-87],[99,-72],[109,-75],[117,-77],[121,-79],[121,-77],[116,-75],[106,-71],[93,-67],[83,-61],[73,-62],[60,-68],[50,-71],[42,-78],[42,-83],[48,-86],[56,-93],[64,-103],[73,-112],[79,-117],[78,-116],[73,-107],[59,-90],[46,-69],[38,-56],[34,-52],[36,-59],[40,-72],[50,-90],[64,-104],[78,-112],[27,-34]],[[245120,222521],[31,41]],[[245151,222562],[57,52],[60,44],[-19,113],[-9,114],[2,114],[9,115],[7,114],[27,92],[30,88],[33,84],[35,82],[74,160],[8,230],[24,105],[22,107],[20,107],[21,108],[22,106],[26,103],[30,101],[34,97],[38,95],[38,95],[36,96],[31,99],[26,104],[21,107],[17,110],[40,99],[36,101],[28,108],[20,113],[18,115],[62,-32],[60,-37],[56,-48],[51,-62],[47,-73],[45,-78],[62,3],[61,-4],[60,-14],[59,-26],[57,-37],[56,-43],[244,-217],[49,81],[52,74],[56,62],[61,49],[64,38],[66,34],[41,94],[43,90],[46,84],[50,77],[54,71],[57,66],[57,64],[57,65],[63,27],[63,24],[63,15],[65,7],[64,-1],[65,-5],[191,240],[4,111],[8,110],[8,110],[7,110]],[[248287,227069],[4,111]],[[248291,227180],[-90,217],[46,338],[166,296],[16,359],[21,44],[175,356],[10,250],[134,286],[52,87],[47,91],[34,97],[21,105],[8,112],[2,116],[-1,117],[71,47],[66,57],[57,72],[49,86],[42,97],[40,103],[130,72],[118,451],[-21,106],[-26,103],[-29,101],[-31,99],[-28,102],[90,423],[-249,201],[-64,-12],[-65,-13],[-64,-15],[-64,-19],[-63,-23],[-29,363],[217,217],[142,315],[48,90],[49,89],[50,87],[52,83],[55,81],[56,78]],[[249531,233492],[12,16]],[[245776,221740],[64,-102],[71,-120],[70,-117],[67,-110],[65,-115],[62,-122],[60,-126],[58,-129],[56,-126],[59,-122],[69,-111],[71,-97],[78,-80],[87,-66],[97,-57],[106,-57],[110,-69],[111,-91],[114,-97],[117,-101],[115,-104],[113,-108],[106,-109],[97,-108],[1,-2]],[[247800,219294],[36,71]],[[247836,219365],[202,-212],[222,-108],[57,3],[56,-6],[56,-12],[56,-15],[56,-14],[27,-10],[190,265],[-2,302],[-64,237],[-112,441],[-34,98],[-40,89],[-45,78],[-50,70],[-54,65],[-53,64],[-52,67],[-48,74],[-43,82],[-39,90],[-62,325],[-57,27],[-55,32],[-53,41],[-51,47],[-51,49],[-50,78],[-46,83],[-40,92],[-32,101],[-28,105],[-62,27],[-61,30],[-61,31],[-61,29],[-62,25],[-64,-1],[-64,-5],[-63,-13],[-62,-23],[-61,-32],[-61,-37],[-59,-68],[-57,-70],[-52,-77],[-48,-85],[-41,-94],[-37,-101],[-33,-106],[-32,-108],[-47,60],[-45,65],[-42,69],[-41,72],[-40,74],[-182,132],[-61,5],[-61,-1],[-60,-13],[-59,-25],[-59,-33]],[[245859,221720],[-83,20]],[[219771,226626],[31,-179],[38,-184],[44,-187],[51,-180],[55,-172],[55,-163],[54,-154],[51,-147],[46,-141],[41,-138],[36,-141],[27,-141],[14,-135],[5,-132],[2,-132],[1,-133],[3,-134],[10,-138],[17,-138],[26,-138],[25,-133],[9,-61]],[[220412,223425],[72,180]],[[220484,223605],[35,289],[-51,338],[140,253],[198,44],[25,-8],[142,-85],[61,26],[60,26],[61,27],[61,26],[60,25],[61,25],[61,25],[-26,-103],[-19,-104],[-9,-107],[0,-109],[6,-111],[46,-278],[196,-142],[-82,-286],[53,-77],[55,-73],[57,-68],[58,-63],[60,-59],[62,-55],[62,-53],[61,-55],[61,-57],[18,-289],[56,-68],[56,-67],[56,-67],[56,-68],[56,-67],[57,-67],[56,-66],[174,-33],[252,116],[40,-86],[39,-86],[37,-90],[32,-95],[30,-97],[249,121],[32,-273],[214,-284],[91,-299],[20,-382],[20,-103],[21,-103],[24,-100],[31,-93],[36,-88],[40,-84],[40,-84],[184,-289],[70,-415],[29,-268],[-17,-99]],[[224138,218843],[-1,-6]],[[224137,218837],[49,58],[78,94],[76,95],[74,96],[72,96],[70,99],[68,99],[66,99],[66,100],[64,100],[64,101],[63,101],[63,101],[63,102],[62,103],[63,102],[63,103],[63,103],[64,104],[64,104],[65,103],[67,104],[67,104],[69,104],[70,104],[71,104],[72,105],[73,107],[74,108],[75,108],[75,109],[75,110],[76,109],[76,110],[76,109],[77,110],[76,108],[76,108],[76,107],[76,106],[75,105],[76,104],[74,102],[74,101],[74,99],[73,97],[71,94],[71,91],[70,89],[69,87],[68,86],[68,84],[68,83],[67,83],[68,82],[67,82],[67,81],[68,82],[68,82],[69,83],[70,85],[71,85],[73,88]],[[228533,224989],[20,124],[24,130],[28,141],[29,153],[31,165],[31,175],[30,178],[28,176],[21,171],[13,162],[6,151],[0,139],[-1,130],[2,121],[10,111],[19,102],[30,93],[38,83],[43,81],[41,86],[38,97],[31,111],[25,126],[18,138],[14,148],[11,149],[11,148],[4,150],[-4,155],[-6,160]],[[171910,222048],[42,-107],[43,-105],[43,-106],[41,-111],[41,-116],[38,-120],[36,-124],[35,-123],[37,-117],[38,-110],[40,-102],[43,-95],[44,-90],[45,-85],[45,-85],[44,-87],[42,-93],[38,-100],[35,-109],[33,-119],[31,-129],[32,-139],[32,-144],[32,-150],[36,-154],[39,-159],[29,-109]],[[172944,218960],[177,116],[571,0],[86,214],[55,-214],[265,-140],[-54,-203],[-360,105],[-28,-82],[377,-779],[202,-111],[248,121],[429,13],[109,-180],[178,157]],[[175199,217977],[186,162],[222,-227],[217,-87],[84,-212],[199,36],[79,-361],[184,-170]],[[176370,217118],[-111,431],[-52,523],[258,287],[132,-73],[15,-18],[81,253],[444,617],[250,36],[425,242],[114,-111],[178,328],[142,111],[107,-103],[214,443],[544,39]],[[179111,220123],[-15,407],[22,96],[19,98],[17,99],[16,99],[18,99],[20,97],[22,96],[63,43],[63,39],[65,31],[66,24],[67,18],[119,389],[137,-7],[62,-2],[61,-5],[61,-13],[60,-23],[59,-32],[61,24],[62,18],[62,8],[62,-7],[63,-15],[18,102],[15,102],[13,103],[11,105],[8,105],[7,105],[132,332],[-14,105],[-18,103],[-22,100],[-25,99],[-27,96],[-28,97],[-26,97],[-153,8],[15,111],[13,111],[14,111],[18,110],[22,107],[27,105],[-66,276],[207,64]],[[180564,224358],[23,103]],[[177594,227034],[-68,4]],[[175570,230848],[-3,179]],[[206946,224376],[79,-74],[73,-78],[65,-84],[62,-86],[61,-89],[60,-92],[61,-96],[61,-101],[63,-105],[65,-111],[67,-115],[68,-122],[67,-132],[65,-137],[63,-137],[62,-133],[62,-124],[62,-114],[61,-104],[63,-96],[62,-91],[59,-88],[55,-86],[52,-82],[49,-80],[48,-81],[50,-85],[54,-89],[61,-96],[70,-104],[74,-110],[76,-113],[79,-116],[81,-119],[83,-119],[84,-120],[85,-121],[88,-123],[90,-125],[91,-127],[90,-129],[86,-130],[81,-131],[78,-130],[74,-126],[73,-121],[71,-118],[70,-118],[69,-119],[67,-118],[62,-117]],[[210448,218814],[89,25],[89,24],[88,21],[87,20],[86,17],[85,17],[84,15],[81,14],[80,13],[79,16],[79,20],[78,24],[78,28],[77,30],[77,31],[77,33],[76,33],[76,32],[76,31],[75,27],[74,24],[75,20],[73,13],[74,8],[71,6],[70,6]],[[212502,219362],[38,150],[31,145],[26,140],[23,137],[19,135],[18,135],[18,139],[17,144],[19,153],[22,161],[24,170],[29,176],[34,179],[35,182],[36,181],[37,180],[37,177],[37,173],[37,170],[38,166],[38,162],[38,159],[37,157],[37,155],[36,154],[36,155],[41,152],[46,150],[49,148],[53,148],[55,148],[56,150],[57,152],[55,155],[53,156],[49,156],[45,156],[40,154],[35,151],[32,147],[29,144],[28,141],[27,137],[26,134],[26,130],[25,125],[24,121],[23,117],[23,115],[25,112],[25,110],[28,110],[30,108],[34,109],[39,112],[44,118],[49,125],[54,134],[57,141],[59,150]],[[161805,225274],[29,-164],[27,-155],[24,-147],[21,-139],[18,-138],[14,-138],[11,-141],[10,-143],[8,-144],[7,-144],[7,-145],[7,-145],[8,-144],[8,-144],[10,-141],[11,-137],[13,-137],[13,-140],[14,-140],[13,-142],[14,-143],[15,-142],[15,-141],[16,-140],[15,-137],[16,-135]],[[162169,221568],[88,-48],[88,-43],[90,-40],[90,-39],[91,-39],[90,-42],[89,-48],[87,-55],[84,-65],[80,-76],[76,-81],[71,-80],[66,-77],[65,-75],[65,-73],[67,-70],[68,-69],[72,-66],[75,-66],[78,-66],[81,-68],[82,-71],[85,-74],[87,-76],[90,-75],[89,-74],[89,-73],[89,-72],[86,-71],[84,-70],[82,-71],[79,-72],[75,-74],[70,-76],[67,-78],[64,-81],[63,-84],[62,-84],[60,-86],[60,-86],[60,-86],[61,-85],[60,-84],[62,-83],[62,-83],[64,-82],[68,-83],[72,-88],[78,-92],[83,-92]],[[165963,217976],[67,104],[66,103],[65,103],[65,101],[64,100],[63,100],[62,98],[62,98],[61,98],[62,97],[63,97],[65,97],[66,98],[68,103],[71,108],[71,111],[74,113],[74,114],[75,113],[76,110],[76,106],[75,102],[76,96],[75,89],[75,84],[74,79],[74,74],[73,71],[73,70],[73,71],[72,73],[72,77],[72,82],[72,88],[72,94],[72,100],[73,106],[73,112],[74,115],[75,118],[75,121],[76,123],[77,123],[78,125],[78,124],[79,124],[80,124],[81,122],[82,120],[83,119],[82,117]],[[228533,224989],[64,-69],[71,-77],[78,-88],[80,-103],[84,-108],[84,-110],[78,-110],[71,-108],[62,-110],[56,-111],[53,-118],[55,-130],[58,-144],[62,-152],[65,-155],[68,-153],[68,-144],[68,-128],[66,-106],[64,-88],[65,-74],[65,-64],[65,-59],[67,-58],[67,-63],[69,-72],[69,-87],[62,-114],[57,-134],[51,-146],[49,-147],[50,-141],[52,-124],[59,-98],[67,-92],[72,-96],[74,-99],[76,-100],[75,-99],[73,-97],[71,-95],[68,-88],[71,-72],[70,-57],[67,-47],[63,-44],[63,-50],[66,-65],[75,-94],[83,-107],[91,-113],[96,-118],[100,-124],[102,-126],[102,-129],[100,-131],[96,-137],[91,-148],[83,-152],[75,-152]],[[232805,218664],[79,60],[80,60],[80,59],[80,58],[81,59],[80,58],[82,58],[81,58],[82,58],[81,58],[82,59],[82,58],[82,60],[82,59],[81,60],[82,61],[82,60],[82,60],[83,59],[83,58],[83,59],[84,59],[84,59],[84,59],[85,60],[85,62],[85,62],[85,64],[85,65],[86,66],[86,67],[85,69],[86,69],[86,71],[85,71],[86,71],[85,72],[85,72],[85,70],[85,70],[84,69],[83,67],[83,64],[83,63],[81,59],[82,56],[81,53],[81,50],[81,47],[81,46],[81,45],[80,43],[80,42]],[[237193,221865],[42,106],[44,99],[45,97],[43,101],[43,108],[44,120],[45,135],[45,151],[44,163],[42,172],[38,173],[32,167],[26,158],[19,147],[14,136],[12,130],[13,129],[15,130],[20,133],[24,137],[28,142],[31,146]],[[248291,227180],[-1,-25]],[[248290,227155],[45,-66],[52,-75],[50,-68],[50,-68],[53,-72],[60,-81],[67,-91],[74,-101],[77,-104],[82,-102],[85,-95],[89,-88],[87,-83],[81,-82],[70,-83],[62,-80],[55,-77],[51,-76],[49,-76],[49,-83],[52,-91],[44,-104],[38,-114],[36,-119],[41,-124],[51,-123],[67,-124],[84,-127],[95,-141],[98,-153],[96,-160],[92,-164],[89,-163],[91,-159],[98,-152],[113,-134],[126,-115],[132,-103],[130,-98],[119,-102],[99,-114]],[[251369,222820],[98,9],[95,11],[93,14],[90,17],[88,19],[86,22],[84,23],[83,25],[82,26],[83,27],[83,27],[84,26],[86,25],[86,24],[89,22],[89,19],[84,13],[82,8],[78,4],[76,2],[75,1],[74,-1],[73,0],[74,0],[75,3],[77,6],[79,10],[83,14],[86,20],[91,27],[93,30],[95,35],[98,36],[98,38],[99,39],[99,39]],[[254457,223480],[64,111],[66,115],[69,117],[72,122],[74,124],[76,126],[77,127],[77,126],[76,123],[72,118],[71,115],[69,109],[67,106],[65,101],[63,99],[61,98],[60,100],[34,58]],[[255670,225475],[-152,70]],[[252599,233484],[-144,317]],[[249588,233569],[-57,-77]],[[40869,218651],[78,-9],[86,-11],[86,-12],[85,-12],[86,-12],[85,-12],[84,-12],[84,-12],[84,-11],[83,-11],[83,-10],[81,-9],[80,-8],[80,-7],[81,-7],[81,-6],[82,-5],[83,-5],[85,-5],[86,-6],[88,-6],[90,-9],[92,-10],[93,-19],[93,-28],[94,-36],[94,-41],[95,-46],[95,-48],[95,-50],[95,-49],[95,-48],[95,-44],[95,-39],[94,-33],[95,-25],[95,-16],[97,-5],[97,2],[99,10],[99,14],[100,18],[100,20],[99,19],[100,19],[98,16],[98,11],[96,5],[95,-1],[93,-11],[92,-19],[91,-23],[92,-27],[92,-30],[91,-32],[91,-33],[91,-33],[92,-33],[91,-33],[93,-32],[92,-30],[94,-29],[93,-25],[94,-23],[93,-19],[91,-17],[88,-14],[86,-12],[83,-12],[83,-10],[81,-11],[80,-10],[81,-11],[81,-12],[82,-13]],[[47614,217496],[38,147],[51,137],[65,124],[69,114],[72,110],[74,110],[73,114],[70,121],[65,129],[61,138],[56,146],[52,151],[47,152],[46,147],[46,135],[49,119],[55,109],[61,104],[62,97],[61,89],[58,84],[53,84],[49,90],[47,88],[47,94],[48,107],[51,118],[55,128],[57,130],[57,123]],[[40213,226272],[241,-353],[204,31],[169,-565],[359,-279],[48,266],[215,183],[0,-28],[26,-998],[103,-297],[41,0],[75,198],[170,-198],[1,0],[-18,-108],[1,-127],[50,-72],[52,-65],[48,-74],[55,-42],[21,-103],[14,-108],[18,-62],[26,-132],[-83,-451],[124,-142],[-4,-106],[7,-103],[11,-100],[10,-106],[31,-59],[36,-55],[32,-62],[34,-56],[-54,-49],[-45,-106],[-74,-655],[71,-588],[-337,-617],[-26,140],[-37,116],[180,283],[22,96],[25,95],[18,93],[2,111],[-102,382],[133,134],[-211,552],[-25,85],[-38,75],[-47,54],[-50,31],[-49,13],[-50,31],[-44,64],[-42,67],[-49,34],[-49,33],[-50,-23],[-45,-62],[-49,-28],[-52,0],[-50,-5],[-49,15],[-51,-18],[-48,-23],[-76,8],[-74,33],[-76,29],[-75,-47],[-54,72],[-52,78],[-54,69],[-49,93],[-60,-5],[-58,39],[-55,15],[-63,62],[-43,-93],[-39,-98],[-26,-126],[-30,-119],[24,-165],[7,-126],[22,-142],[28,-139],[41,-109],[45,-93],[34,-41],[64,-121],[6,-108],[3,-111],[5,-104],[7,-110],[16,-106],[26,-85],[17,-104],[11,-105],[22,-75],[14,-85],[54,-124],[32,-405],[65,-88],[72,-31],[-68,-534],[77,-33],[76,0],[10,-397],[-10,-70],[14,-157],[-19,-20]],[[189429,219430],[246,169],[213,369],[280,176],[272,-124],[222,-320],[203,-44],[203,-175],[187,405],[132,-104],[260,13],[225,-505],[-83,-632],[56,-209],[-1,-9]],[[191844,218440],[37,21],[85,54],[85,57],[86,59],[84,61],[85,60],[86,60],[85,57],[86,54],[86,49],[87,44],[88,39],[93,36],[97,35],[100,35],[102,33],[106,31],[107,31],[108,30],[108,31],[108,31],[106,32],[103,33],[101,35],[98,38],[93,40],[89,44],[87,44],[85,42],[84,42],[83,42],[83,40],[82,40],[82,40],[82,39],[82,39],[82,38],[83,39],[84,40],[85,39],[87,41],[87,42],[87,41],[84,40],[84,40],[82,39],[81,39],[81,39],[81,40]],[[196181,220455],[31,175],[32,174],[31,172],[32,170],[31,167],[30,164],[28,161],[26,159],[24,157],[22,154],[22,153],[21,153],[21,152],[22,153],[24,155]],[[189541,226778],[14,-178],[13,-183],[12,-186],[9,-186],[8,-185],[6,-182],[5,-178],[3,-173],[4,-168],[3,-162],[3,-154],[-3,-146],[-11,-137],[-16,-130],[-21,-122],[-23,-116],[-22,-115],[-21,-116],[-18,-119],[-14,-125],[-10,-130],[-5,-137],[-1,-141],[1,-145],[0,-147],[-3,-148],[-4,-150],[-7,-151],[-10,-152],[-11,-154],[-11,-154],[-11,-155],[-9,-154],[-8,-154],[-5,-153],[-3,-152],[0,-154],[1,-154],[3,-153],[5,-151],[7,-149],[8,-145],[8,-142],[9,-141],[7,-139],[6,-139],[3,-141],[0,-143],[-3,-149],[0,-10]],[[154500,222714],[47,-121],[45,-125],[45,-129],[45,-133],[45,-137],[45,-140],[46,-140],[46,-140],[49,-135],[50,-130],[53,-121],[54,-114],[56,-107],[56,-101],[57,-97],[56,-94],[54,-96],[50,-99],[47,-103],[43,-110],[38,-117],[35,-125],[33,-131],[32,-137],[34,-141],[35,-144],[38,-146],[41,-150],[44,-152],[46,-155],[49,-158],[50,-159],[53,-161],[53,-164],[54,-169],[54,-174],[54,-177],[55,-181],[55,-182],[57,-182],[56,-180],[57,-177],[56,-172],[56,-168],[54,-162],[54,-157],[52,-153],[51,-150],[50,-150],[48,-150],[47,-153],[46,-158],[44,-162]],[[157070,215145],[49,5]],[[157119,215150],[87,260],[-124,207],[-51,268],[-104,235],[-42,41],[107,382],[179,-8],[387,364],[132,56],[33,256],[247,-98],[145,131],[121,-173],[-13,-252],[-35,-109],[-59,-7],[-13,-109],[-66,-113],[113,-800],[181,-534],[93,13],[227,704],[86,431],[152,-111],[283,-459],[31,-116],[3,-159]],[[159219,215450],[51,140],[53,144],[52,145],[51,144],[50,145],[49,145],[49,145],[47,146],[46,145],[46,145],[47,145],[48,146],[49,144],[52,145],[55,144],[58,146],[60,149],[60,150],[62,152],[62,152],[64,151],[65,152],[66,151],[67,149],[67,147],[66,145],[67,142],[66,137],[65,133],[65,127],[63,121],[65,114],[65,107],[66,99],[66,92],[66,85],[65,79],[64,73],[63,69],[62,67],[61,66],[61,66],[59,69],[60,74],[59,80],[60,88],[60,98],[61,103],[60,108],[59,109]],[[182284,224636],[63,-81],[59,-79],[56,-78],[54,-80],[52,-89],[52,-102],[52,-118],[53,-135],[54,-149],[55,-161],[55,-168],[53,-167],[52,-161],[50,-153],[48,-141],[48,-130],[46,-123],[44,-121],[43,-120],[42,-123],[42,-127],[43,-131],[43,-134],[46,-138],[49,-138],[53,-138],[57,-135],[63,-135],[66,-137],[70,-139],[73,-140],[73,-139],[75,-136],[75,-132],[75,-128],[73,-125],[71,-121],[68,-118],[64,-118],[60,-119],[53,-120],[46,-124],[40,-127],[37,-129],[32,-128]],[[184762,218901],[79,-6],[77,-5],[78,-5],[79,-5],[80,-5],[81,-4],[84,-2],[85,-1],[83,4],[81,7],[81,9],[79,10],[79,11],[80,12],[79,10],[81,8],[82,6],[83,2],[85,-2],[87,-5],[88,-8],[89,-10],[89,-11],[90,-11],[91,-13],[91,-12],[91,-11],[92,-11],[91,-10],[89,-6],[88,-3],[87,0],[86,4],[86,7],[85,9],[85,10],[84,12],[84,13],[83,12],[82,13],[82,11],[82,11],[81,8],[83,8],[85,7],[86,6],[86,6],[87,3],[88,3],[87,1],[87,-1],[9,0]],[[189079,218977],[105,117],[115,247],[130,89]],[[145506,215874],[20,-6],[84,-25],[84,-26],[82,-25],[82,-25],[81,-24],[80,-24],[81,-23],[81,-21],[82,-20],[83,-18],[84,-15],[86,-11],[87,-2],[90,7],[91,13],[92,18],[93,22],[93,22],[93,22],[94,19],[92,14],[91,8],[90,-3],[89,-14],[87,-25],[87,-36],[86,-43],[87,-48],[86,-53],[86,-54],[86,-53],[86,-50],[87,-45],[87,-37],[88,-27],[89,-15],[88,-6],[88,1],[87,7],[87,10],[86,12],[86,12],[85,11]],[[149260,215298],[25,145],[24,143],[22,142],[21,138],[20,135],[19,132],[20,128],[19,125],[19,125],[20,123],[21,125],[21,127],[24,131],[25,135],[30,141],[35,145],[39,148],[42,151],[44,152],[44,153],[45,152],[43,151],[42,149],[39,148],[37,146],[34,146],[30,145],[29,145],[29,147],[30,151],[31,154],[31,160],[33,165],[34,171],[35,175],[37,179],[37,183],[37,183],[37,184],[37,181],[35,180]],[[147882,227593],[5,-348],[-193,-676],[-158,-227],[-438,-186],[-369,-325],[-137,-392],[159,-175],[196,69],[-168,-129],[-439,-345],[-165,129],[-562,129],[-47,-116],[-227,797],[-173,-117],[-186,65],[-59,-338],[54,-291],[185,-398],[43,-1018],[-32,-230],[-208,-44],[-95,-186],[-87,253],[-143,-108],[-82,175],[-277,-320],[-376,630],[-373,26],[-103,-336],[-284,103],[-509,-224],[-172,-232],[-21,-320],[282,-273],[77,-297],[-53,-304],[178,-369],[114,152],[204,-160],[265,-67],[169,-119],[226,-304],[270,137],[15,-202],[207,-54],[35,-147],[-81,-155],[231,-304],[254,-462],[-116,-456],[226,-410],[39,-287],[263,-183],[222,-296],[98,69],[-43,-183],[106,-418],[-23,-301],[-126,-220],[26,-193],[300,-434],[119,-417],[-302,451],[-69,-88],[-48,-720]],[[257483,224083],[3,-4]],[[257486,224079],[46,-67],[48,-64],[65,-18],[65,-10],[64,4],[64,20],[63,33],[-4,-107],[-12,-104],[-17,-102],[-19,-101],[-18,-102],[143,-307],[11,-100],[17,-98],[22,-94],[23,-93],[21,-95],[-134,-356],[35,-84],[35,-85],[35,-85],[35,-84],[36,-83],[37,-82],[93,-436],[58,9],[57,12],[56,18],[56,24],[55,29],[55,32],[140,-150],[62,-14],[62,-14],[62,-10],[62,-4],[62,6],[61,16],[61,25],[61,31],[148,104],[162,-68],[119,362],[59,56],[57,63],[52,71],[49,77],[48,81],[47,81],[49,79],[64,-17],[65,-15],[64,-10],[65,-3],[65,3],[45,68],[43,71],[42,72],[44,71],[45,67],[63,35],[62,37],[62,37],[63,37],[62,36],[63,34],[63,30],[64,28],[65,25],[51,-60],[51,-58],[53,-54],[55,-48],[56,-43],[-32,-92],[-27,-94],[-22,-99],[-18,-101],[-17,-102],[15,-110],[14,-110],[17,-109],[20,-106],[28,-100],[36,-94],[46,-88],[-42,-78],[-41,-80],[-39,-83],[-36,-86],[-32,-90],[-29,-95],[-27,-96],[-165,-47],[-113,-322],[53,-312],[-79,-106],[-34,-92],[-26,-96],[-18,-101],[-9,-106],[-5,-108],[-20,-431]],[[260773,219104],[-32,-95]],[[260741,219009],[84,-47],[87,-51],[89,-52],[93,-54],[95,-53],[94,-56],[89,-58],[85,-58],[82,-56],[80,-52],[79,-47],[80,-41],[82,-37],[86,-31],[93,-25],[99,-23],[104,-22],[109,-25],[112,-27],[113,-30],[112,-31],[109,-30],[106,-26],[102,-23],[100,-17],[96,-14],[96,-10],[94,-12],[96,-15],[98,-25],[102,-33],[106,-37],[107,-43],[108,-47],[72,-36]],[[264080,217765],[197,449],[85,488],[122,201],[3,258],[156,694],[301,699],[121,185],[200,864],[425,760]],[[79682,224536],[13,-162],[14,-158],[18,-151],[21,-143],[25,-138],[27,-132],[30,-130],[31,-130],[30,-134],[28,-141],[24,-146],[17,-151],[13,-154],[8,-158],[6,-162],[6,-165],[7,-169],[8,-171],[10,-174],[12,-174],[13,-175],[14,-173],[15,-173],[18,-176],[20,-178],[24,-180],[25,-180],[27,-178],[25,-174],[25,-172],[22,-169],[21,-165],[18,-161],[15,-157],[14,-152],[17,-152],[19,-151],[22,-151],[25,-152],[27,-152],[30,-154],[31,-154],[32,-155],[33,-156],[33,-156],[32,-158],[30,-161]],[[80657,217078],[89,7],[88,3],[90,1],[91,-1],[92,-1],[93,-2],[93,-1],[94,0],[95,2],[95,4],[95,6],[94,10],[95,13],[94,18],[89,23],[84,28],[79,32],[76,33],[74,36],[73,35],[74,34],[74,33],[77,29],[80,25],[84,20],[90,13],[96,10],[101,11],[106,12],[110,12],[111,11],[112,9],[111,6],[110,4],[107,2],[103,2],[93,-1]],[[84069,217556],[86,310],[137,302],[333,201],[122,214],[174,150],[20,180],[296,297],[161,-34],[293,142],[339,599],[202,227],[192,681],[218,128],[34,240],[14,18],[210,359],[168,761],[25,39]],[[212502,219362],[41,-115],[39,-116],[40,-117],[42,-116],[47,-115],[55,-113],[64,-112],[71,-108],[74,-99],[74,-88],[75,-75],[74,-64],[75,-55],[75,-52],[75,-52],[74,-60],[74,-70],[77,-74],[79,-78],[79,-82],[79,-83],[78,-85],[77,-87],[75,-85],[71,-84],[68,-86],[65,-87],[62,-84],[57,-81],[55,-76],[54,-73],[56,-74],[60,-78],[70,-86],[81,-91],[91,-96],[101,-102],[107,-107],[109,-111],[105,-111]],[[215327,215834],[4,2]],[[215331,215836],[134,-36],[56,46],[56,45],[57,43],[57,42],[57,39],[58,36],[59,32],[59,31],[59,28],[60,28],[60,27],[59,29],[59,30],[56,-319],[119,-101],[232,139],[3,103],[18,98],[14,109],[-4,118],[6,106],[18,106],[10,108],[0,13],[4,-5],[29,104]],[[216726,216835],[25,107]],[[216751,216942],[20,110],[19,111],[20,111],[23,108],[25,107],[9,109],[7,110],[7,110],[11,109],[15,107],[21,105],[89,292],[-1,118],[0,118],[3,117],[10,113],[19,108],[29,104],[38,99],[42,97],[4,111],[12,104],[26,92],[40,80],[49,72],[-17,111],[-9,111],[5,108],[17,108],[23,107],[113,36],[53,-36],[53,-40],[50,-44],[49,-52],[48,-55],[73,-80],[57,-19],[57,-23],[55,-30],[53,-39],[51,-47],[51,-51],[64,33],[64,27],[64,20],[64,11],[65,2],[64,-7],[64,-12],[65,-17],[64,-17],[65,-17],[63,-361],[156,75],[46,85],[48,81],[50,78],[51,75],[51,75],[249,42],[134,338],[9,397],[-8,106],[-11,106],[-14,104],[-18,103],[-19,103],[-20,102],[-17,103],[-12,105],[-8,106],[-4,108],[-1,109],[0,102],[6,100],[14,96],[21,94],[23,93],[19,105],[24,101],[28,98],[31,95],[33,94],[31,95],[59,-1],[58,-1],[59,2],[58,3],[59,5],[58,5],[62,52],[63,51],[62,50],[63,48],[64,47]],[[220333,223226],[79,199]],[[245639,221774],[220,-54]],[[247836,219365],[-86,-171]],[[247750,219194],[-56,46],[-57,38],[-58,25],[-59,10],[-60,-3],[-60,-12],[-61,-16],[-62,-43],[-61,-45],[-60,-49],[-58,-55],[-56,-61],[-55,-66],[-53,-69],[-53,-71],[-103,188],[-155,-57],[-21,-94],[-16,-97],[-15,-98],[-15,-97],[-18,-96],[-60,27],[-60,22],[-60,14],[-61,8],[-61,4],[-61,1],[-61,1],[-186,-188],[-42,-80],[-39,-85],[-37,-87],[-37,-86],[-39,-85],[-117,-431],[-38,-425],[-134,-85],[-148,-230],[-173,-266]],[[245124,216501],[-22,-9]],[[245102,216492],[61,-56],[101,-95],[101,-101],[99,-102],[93,-110],[87,-116],[81,-118],[73,-116],[68,-114],[65,-112],[61,-106],[55,-95],[46,-84]],[[246093,215167],[71,29],[70,31],[69,31],[69,31],[69,31],[68,30],[70,28],[70,25],[71,23],[73,18],[75,15],[76,12],[75,11],[75,12],[73,11],[73,11],[74,12],[73,11],[74,11],[74,11],[75,11],[76,11],[77,12],[79,11],[81,11],[83,12],[86,10],[89,10],[90,9],[92,11],[94,12],[94,13],[94,15],[94,16],[94,18],[93,20],[93,21],[90,24],[90,26],[87,28],[89,27]],[[249375,215889],[38,95],[39,90],[38,92],[35,98],[32,105],[29,113],[26,123],[25,132],[24,140],[25,149],[27,153],[29,151],[35,147],[40,143],[46,147],[49,152],[51,157],[52,162],[51,168],[50,172],[48,175],[48,176],[47,174],[48,171],[46,170],[45,166],[46,163],[47,160],[46,159],[45,160],[43,161],[42,163],[39,163],[38,161],[36,156],[37,149],[37,140],[39,132],[39,120],[41,112],[42,108],[45,106],[48,109],[49,114],[48,121],[48,129],[44,135],[39,142],[33,147]],[[248290,227155],[-3,-86]],[[245151,222562],[-50,-67]],[[245101,222495],[-45,-79],[-42,-85],[40,-415],[36,-92],[39,-86],[42,-82],[44,-79],[45,-78],[46,-76],[106,10],[32,94],[38,83],[46,67],[54,52],[57,45]],[[196181,220455],[33,-174],[33,-176],[32,-177],[34,-176],[34,-172],[36,-164],[34,-156],[32,-149],[28,-140],[27,-131],[27,-128],[27,-125],[27,-120],[28,-117],[28,-113],[28,-112],[30,-112],[33,-107],[33,-97],[34,-86],[34,-79],[34,-75],[33,-73],[36,-74],[37,-76],[38,-81],[38,-87],[39,-96],[40,-109],[40,-121],[40,-132],[41,-145],[41,-154],[41,-162],[40,-167],[40,-167],[39,-164],[39,-155],[39,-141],[40,-129],[39,-118],[39,-117],[36,-120],[32,-127],[28,-136],[24,-147],[21,-155],[22,-163],[25,-168],[30,-170],[37,-169],[42,-165],[48,-167],[51,-169],[52,-171]],[[198094,213074],[86,31],[87,31],[88,31],[88,31],[89,32],[88,33],[89,33],[89,35],[88,37],[87,38],[86,41],[85,44],[84,45],[86,46],[87,46],[87,46],[89,47],[89,48],[88,48],[88,51],[87,52],[86,54],[84,56],[83,59],[81,61],[79,64],[76,65],[75,66],[71,68],[70,67],[67,64],[67,60],[67,57],[66,54],[67,51],[68,48],[69,46],[70,43],[71,42],[72,41],[73,41],[74,41],[74,43],[74,44],[75,47],[74,52],[74,54],[75,54],[76,52],[76,50],[77,49],[77,48],[79,46],[78,44],[79,44],[79,44],[80,43],[79,42],[79,42],[80,42]],[[202850,215908],[4,147],[1,148],[-3,147],[-3,145],[-3,142],[-1,138],[1,136],[5,133],[9,131],[14,132],[19,134],[24,140],[26,149],[28,156],[29,164],[29,170],[29,176],[29,178],[27,178],[25,178],[21,175],[18,172],[15,167],[12,162],[10,160],[11,157],[12,155],[14,153],[18,152],[21,151],[24,150],[27,152],[29,153],[29,157],[30,160],[28,165],[26,169],[24,171],[23,173],[23,175],[24,175],[27,177],[29,178],[31,178],[35,177],[36,175],[37,173],[36,168],[34,163]],[[237193,221865],[32,-105],[36,-117],[38,-123],[39,-121],[38,-116],[38,-114],[40,-123],[42,-129],[44,-130],[46,-131],[46,-130],[42,-134],[37,-137],[36,-132],[35,-124],[35,-123],[35,-127],[38,-145],[40,-168],[44,-195],[57,-206],[66,-207],[67,-199],[64,-186],[57,-174],[48,-164],[39,-160],[24,-157],[10,-150],[1,-143],[-3,-135],[1,-130],[14,-125],[34,-119],[42,-107],[41,-98],[40,-95],[37,-99],[35,-104],[35,-110],[38,-115],[42,-118],[42,-122],[42,-124],[42,-123],[41,-122],[38,-123],[36,-123],[40,-118],[49,-110],[59,-112],[68,-122],[71,-136],[69,-152],[59,-166],[42,-178],[24,-190],[10,-197],[5,-198],[9,-195],[25,-185],[46,-167],[68,-150],[75,-126],[77,-111],[76,-105],[74,-105],[71,-111],[68,-119],[71,-133],[65,-152],[58,-169],[50,-178],[47,-179],[44,-171],[42,-153],[44,-134],[48,-118],[50,-107],[51,-97],[26,-47]],[[240685,210712],[10,30]],[[240695,210742],[41,71],[41,72],[39,75],[35,80],[30,87],[25,94],[22,98],[50,75],[46,82],[37,94],[28,106],[22,113],[133,180],[60,20],[59,23],[57,29],[56,38],[53,48],[51,57],[49,65],[48,69],[137,304],[1,3],[146,72],[-9,108],[-15,106],[-18,104],[-18,103],[-16,105],[-156,302],[-14,111],[-69,320],[-76,309],[-20,186],[89,405],[14,111],[18,108],[23,103],[30,98],[36,92],[39,89],[208,253],[55,-16],[56,-18],[55,-17],[55,-14],[56,-9],[56,-1],[57,5],[148,-315],[56,-57],[56,-51],[59,-41],[60,-31],[62,-22],[62,-18],[63,-17],[63,-30],[63,-27],[64,-21],[64,-15],[64,-9],[65,-4],[65,0],[50,57],[47,63],[45,70],[41,76],[41,77],[136,85],[49,70],[47,74],[45,77],[44,81],[42,82],[41,84],[42,84],[100,408],[175,93],[171,-116],[57,2],[56,3],[56,5],[57,9],[56,10],[56,12]],[[244865,216388],[259,113]],[[247750,219194],[50,100]],[[245776,221740],[-137,34]],[[245101,222495],[19,26]],[[254457,223480],[34,-106],[36,-111],[27,-131],[14,-164],[11,-182],[13,-184],[16,-175],[20,-158],[23,-144],[20,-137],[14,-146],[16,-161],[18,-173],[18,-178],[16,-174],[13,-161],[10,-142],[4,-125],[1,-120],[1,-117],[5,-113],[9,-114],[15,-122],[19,-136],[16,-142],[5,-128],[0,-121],[-3,-123],[3,-135],[12,-152],[25,-176],[26,-190],[20,-190],[14,-183],[8,-175],[6,-166],[7,-161],[14,-162],[20,-170],[19,-175],[21,-178],[22,-174],[22,-164],[19,-152],[18,-144],[18,-148]],[[255142,216497],[83,-53],[84,-60],[85,-65],[86,-70],[88,-70],[89,-67],[90,-58],[91,-43],[90,-25],[88,-10],[85,1],[83,6],[82,5],[82,-3],[84,-18],[86,-41],[85,-57],[82,-68],[82,-76],[80,-76],[79,-75],[78,-66],[78,-56],[78,-40],[86,-30],[96,-25],[101,-22],[103,-20],[102,-18],[96,-20],[88,-21],[77,-24],[68,-31],[65,-42],[63,-49],[62,-51],[47,-36]],[[258214,215023],[-53,160]],[[258161,215183],[58,48],[58,44],[59,40],[61,35],[60,33],[61,31],[61,32],[157,266],[30,90],[30,89],[32,89],[31,88],[31,89],[31,89],[128,-204],[59,-39],[58,-43],[58,-47],[57,-49],[58,-48],[58,-45],[58,-40],[61,-31],[61,-25],[62,-23],[62,-21],[62,-18],[63,-16],[63,-16],[130,203],[-10,279],[11,99],[10,100],[11,98],[15,98],[19,95],[23,93],[181,131],[0,118],[5,116],[12,112],[20,111],[23,108],[23,109],[129,123],[17,442],[186,260],[-42,475]],[[260652,218751],[121,353]],[[257486,224079],[-46,69]],[[255749,225439],[-79,36]],[[73381,222944],[27,-150],[28,-144],[30,-142],[29,-138],[29,-138],[30,-142],[30,-146],[31,-150],[31,-152],[33,-152],[32,-150],[30,-150],[26,-148],[23,-147],[21,-145],[20,-142],[20,-145],[21,-149],[22,-154],[24,-158],[25,-162],[25,-164],[23,-166],[20,-166],[13,-165],[8,-164],[1,-161],[-3,-160],[-7,-159],[-8,-159],[-8,-161],[-8,-166],[-6,-172],[-5,-176],[-3,-180],[-1,-181],[1,-183],[3,-182],[6,-182],[8,-181],[11,-178],[11,-176],[12,-172],[11,-168],[10,-161],[10,-152]],[[74067,215605],[85,-66],[85,-64],[84,-62],[82,-59],[82,-58],[79,-58],[79,-56],[77,-57],[77,-56],[77,-57],[76,-58],[77,-58],[77,-59],[77,-60],[78,-61],[79,-62],[79,-64],[81,-63],[82,-64],[82,-64],[83,-62],[84,-62],[85,-59],[86,-58],[88,-55],[89,-51],[90,-49],[90,-45],[91,-42],[91,-38],[92,-35],[91,-33],[91,-32],[90,-31],[91,-31],[89,-32],[89,-33],[89,-36],[87,-39],[86,-43],[85,-48],[82,-52],[81,-53],[78,-54],[76,-55],[75,-55],[74,-55],[73,-56],[74,-55],[74,-54],[76,-54],[77,-53],[78,-52],[80,-52],[82,-51],[85,-50],[86,-50]],[[78770,212634],[35,134],[40,128],[45,121],[52,114],[60,110],[65,107],[68,106],[68,105],[64,110],[58,116],[50,124],[49,125],[52,120],[54,118],[56,119],[57,121],[57,126],[55,129],[53,132],[49,134],[44,138],[39,144],[34,148],[32,147],[34,138],[38,122],[45,105],[51,89],[54,80],[58,78],[59,82],[59,95],[57,113],[53,130],[50,143],[48,149],[45,144]],[[180619,212013],[68,328],[139,88],[213,-147],[181,36],[48,-53],[47,-55],[46,-58],[46,-58],[46,-57],[48,-52],[62,-23],[61,-27],[62,-23],[62,-14],[64,-1],[146,-232],[54,-38],[54,-32],[55,-22],[56,-12],[56,-2]],[[182233,211559],[30,1]],[[182263,211560],[32,125],[38,147],[39,148],[39,149],[39,151],[40,150],[40,151],[40,151],[40,151],[41,149],[40,149],[41,147],[40,146],[41,144],[42,144],[44,145],[46,146],[47,146],[50,147],[51,147],[52,146],[53,146],[55,146],[54,144],[55,143],[55,142],[54,141],[53,138],[50,138],[47,136],[46,135],[44,135],[43,133],[43,134],[43,132],[43,133],[44,134],[46,133],[49,134],[50,135],[55,137],[56,136],[58,138],[59,137],[59,138],[60,137],[59,138],[59,138],[58,137],[57,138],[56,138],[54,138]],[[180583,224445],[-19,-87]],[[179111,220123],[346,67],[264,116],[131,201],[157,-46],[-6,-555],[-159,54],[-342,-363],[-169,-11],[-89,-283],[-286,-217],[-156,-21],[-25,-314],[254,-209],[149,-372],[227,-219],[-99,-165],[-163,230],[-267,-258],[-101,-586],[-199,-263],[126,-562],[-98,-96],[-397,-10],[-278,253],[-47,-119],[49,-622],[304,-247],[244,-681],[380,-137],[212,-451],[355,-163],[331,-402],[300,-547],[330,-722],[230,-390]],[[54686,218167],[13,-121],[13,-123],[15,-131],[16,-140],[17,-145],[18,-152],[20,-157],[21,-160],[23,-160],[25,-158],[27,-154],[30,-152],[31,-149],[34,-148],[34,-148],[36,-150],[39,-149],[41,-149],[41,-148],[43,-147],[41,-148],[41,-146],[38,-146],[37,-144],[34,-142],[31,-140],[29,-138]],[[55474,214222],[73,-51],[72,-50],[71,-51],[71,-49],[70,-50],[70,-49],[70,-49],[70,-49],[70,-48],[71,-48],[70,-49],[72,-47],[72,-48],[72,-48],[74,-48],[74,-47],[75,-48],[77,-48],[77,-49],[79,-50],[82,-50],[83,-51],[86,-52],[86,-52],[88,-53],[89,-52],[89,-52],[89,-51],[89,-51],[89,-49],[88,-49],[87,-48],[87,-47],[86,-46],[85,-45],[84,-45],[84,-43],[83,-44],[83,-43],[82,-42],[82,-43],[84,-43],[84,-44],[86,-43],[88,-45],[89,-45],[91,-45],[93,-46],[95,-46],[95,-47],[96,-48],[97,-48],[97,-49],[97,-49],[96,-50],[96,-50]],[[60109,211540],[81,110],[71,113],[60,114],[63,109],[64,105],[67,103],[68,103],[68,107],[64,111],[59,118],[51,127],[46,133],[42,138],[41,143],[40,143],[41,143],[42,137],[45,127],[42,121],[38,116],[34,115],[33,116],[33,117],[35,121],[39,124],[46,128],[47,137],[43,147],[40,155],[38,159],[39,157],[43,149],[50,134],[56,121],[59,121],[62,124],[64,125],[67,128],[70,127],[73,126],[74,119],[75,109],[73,100],[68,94],[63,93],[60,97],[60,107],[61,120],[64,141],[57,165],[51,180],[48,182],[47,171],[48,154],[52,131],[59,110],[64,95]],[[149260,215298],[50,-113],[53,-115],[54,-116],[55,-118],[55,-121],[56,-123],[55,-126],[54,-130],[52,-132],[50,-135],[47,-135],[44,-136],[39,-136],[37,-138],[36,-141],[35,-143],[33,-142],[33,-142],[31,-138],[30,-134],[29,-131],[28,-125],[27,-122],[27,-118],[6,-26]],[[150276,212162],[98,-2],[45,-185],[212,-65],[179,470],[31,-498],[238,15],[8,-255],[274,-88],[309,-217],[550,269],[50,446],[168,162],[186,377],[185,152],[38,91],[23,-44],[55,108],[161,0],[230,142],[139,186],[93,356],[144,185],[54,240],[137,188],[172,88],[343,-157],[241,-310],[215,-291],[226,-67],[98,-160],[95,-346],[34,-523],[121,-416],[71,-388]],[[155499,211625],[15,28],[56,103],[57,104],[60,104],[60,106],[61,108],[62,109],[61,110],[61,110],[61,110],[60,110],[58,110],[58,111],[56,112],[55,113],[52,115],[52,121],[52,128],[51,134],[51,139],[52,142],[52,147],[53,149],[52,150],[53,151],[53,151],[53,150],[52,149],[52,146]],[[249375,215889],[67,-58],[74,-69],[78,-77],[78,-79],[75,-78],[67,-68],[60,-65],[56,-74],[54,-79],[52,-81],[51,-83],[50,-85],[49,-89],[52,-91],[59,-99],[66,-113],[73,-130],[75,-142],[73,-151],[64,-149],[53,-143],[42,-141],[37,-141],[37,-146],[41,-148],[50,-151],[60,-153],[71,-144],[81,-122],[83,-100],[82,-81],[76,-69],[70,-69],[66,-83],[62,-107],[63,-118],[64,-126]],[[251686,211987],[84,10],[84,11],[83,10],[84,12],[84,14],[83,16],[84,18],[84,22],[84,26],[83,27],[81,27],[79,26],[78,24],[77,24]],[[252838,212254],[61,101],[58,104],[56,106],[55,108],[53,111],[52,112],[51,113],[52,114],[51,114],[53,113],[54,112],[56,110],[59,108],[61,105],[62,101],[64,99],[65,98],[66,96],[66,96],[65,96],[64,97],[64,99],[63,100],[62,103],[60,106],[60,108],[59,112],[59,114],[59,117],[59,119],[59,121],[58,121],[59,121],[58,120],[59,119],[60,116],[60,113],[61,111],[61,109]],[[202850,215908],[62,-108],[57,-106],[43,-96],[31,-89],[25,-86],[22,-91],[25,-100],[29,-113],[38,-127],[46,-138],[55,-145],[61,-146],[66,-147],[68,-147],[70,-144],[69,-142],[69,-137],[68,-135],[66,-133],[63,-132],[60,-133],[57,-126],[55,-112],[52,-103],[49,-98],[45,-95],[43,-97],[40,-101],[41,-108],[43,-119],[47,-130],[52,-140],[55,-145],[58,-148],[61,-147],[62,-145],[63,-143],[62,-136],[62,-130],[59,-120],[58,-107],[58,-95],[60,-88],[62,-84],[65,-86]],[[205252,210510],[80,39],[81,39],[80,37],[80,37],[79,35],[78,31],[78,28],[77,24],[76,19],[76,16],[75,12],[76,9],[77,5],[76,3],[78,1],[78,0],[78,-1],[79,-2],[81,0],[81,2],[81,6],[83,10],[83,18],[85,25],[86,32],[87,37],[87,41],[89,43],[89,44],[90,44],[89,41],[90,38],[90,33],[88,25],[88,17]],[[208121,211298],[43,146],[43,142],[40,139],[40,135],[36,130],[34,125],[31,121],[29,118],[29,118],[29,119],[29,121],[31,124],[32,127],[35,130],[36,133],[38,135],[39,136],[40,133],[40,127],[40,120],[40,114],[39,109],[39,106],[39,104],[40,103],[40,105],[41,108],[41,113],[43,121],[43,130],[44,142],[44,151],[42,156],[41,161],[41,165],[41,168],[42,170],[42,171],[43,172],[45,171],[46,170],[48,168],[50,165],[52,163],[55,159],[59,158],[61,155],[62,154],[62,153],[61,152],[61,152],[58,150],[55,150],[53,148]],[[165963,217976],[17,-168],[21,-165],[24,-160],[27,-155],[30,-155],[30,-157],[30,-159],[30,-158],[29,-159],[29,-158],[27,-157],[26,-155],[25,-154],[23,-153],[23,-151],[23,-150],[20,-147],[16,-140],[11,-135],[6,-131],[4,-127],[0,-127],[-1,-126],[-3,-128],[-4,-131],[-4,-134],[-3,-139],[-1,-145],[2,-150],[5,-155],[7,-159],[9,-161]],[[166441,213227],[66,-90],[64,-90],[63,-89],[62,-90],[62,-89],[62,-90],[63,-90],[64,-91],[67,-90],[69,-83],[71,-75],[70,-70],[72,-65],[71,-63],[72,-64],[72,-68],[73,-77],[73,-88],[72,-102],[72,-115],[71,-126],[70,-131],[69,-130],[69,-124],[68,-117],[69,-106],[68,-94],[69,-83],[68,-76],[68,-72],[69,-73],[69,-78],[69,-89],[64,-101],[59,-112],[55,-120],[51,-125],[50,-124],[51,-120],[53,-112],[58,-104],[62,-92],[67,-80],[72,-70],[74,-61],[42,-36]],[[169455,208992],[135,181]],[[169590,209173],[193,24],[43,-84],[45,-81],[45,-80],[44,-82],[43,-84],[229,184],[185,-39]],[[170417,208931],[-30,211],[-200,460],[-49,309],[-191,88],[35,196],[196,351],[127,-16],[-4,302],[53,689],[115,420],[205,157],[119,-100],[122,348],[-24,441],[80,565],[-28,717],[176,353],[-43,411],[113,162],[-36,451],[140,96],[44,-495],[433,160],[43,786],[84,238],[-8,312],[-136,201],[236,248],[89,366],[147,-36],[297,567],[245,684],[-20,258],[197,129]],[[159219,215450],[11,-546]],[[159230,214904],[32,-68],[50,-106],[51,-106],[51,-106],[53,-108],[53,-109],[53,-111],[21,-42]],[[159594,214148],[243,32],[44,242],[-126,457],[43,392],[145,126],[-14,-332],[147,-147],[191,-439],[77,-366],[7,-315],[97,-271],[172,-250],[156,-425],[294,-532],[155,-111],[22,-278],[155,-434],[129,-165],[-13,-283],[60,-119],[181,-160],[433,-526],[53,-34],[55,-320],[137,86],[24,54],[-33,-132],[14,-62],[23,-67],[85,-178],[151,-196],[151,-356],[6,-53]],[[162858,208986],[48,72],[69,103],[71,103],[72,103],[73,103],[73,103],[72,103],[72,101],[71,97],[70,94],[68,90],[68,87],[68,83],[68,81],[70,79],[70,80],[70,82],[72,83],[72,85],[73,89],[73,91],[74,93],[74,95],[74,97],[75,96],[75,96],[75,94],[75,91],[77,88],[79,85],[81,83],[82,81],[83,80],[83,78],[83,78],[82,78],[81,77],[80,77],[79,77],[77,77],[75,77],[74,77],[72,78],[71,79],[69,79],[69,80],[67,79],[68,80],[66,79]],[[66603,216419],[41,-134],[41,-133],[43,-134],[43,-133],[43,-134],[42,-133],[43,-135],[42,-136],[44,-141],[46,-145],[47,-150],[49,-153],[50,-156],[51,-157],[51,-159],[51,-160],[50,-158],[49,-155],[47,-152],[44,-146],[40,-141],[36,-133],[33,-127]],[[67629,213114],[82,-29],[81,-29],[79,-31],[77,-32],[76,-32],[76,-33],[75,-34],[74,-34],[73,-35],[74,-35],[74,-36],[74,-35],[74,-36],[76,-34],[76,-34],[78,-32],[79,-30],[79,-27],[81,-25],[82,-24],[82,-24],[83,-24],[83,-25],[84,-26],[83,-25],[83,-27],[82,-27],[82,-29],[80,-29],[80,-32],[78,-33],[76,-34],[75,-35],[72,-37],[72,-35],[70,-33],[70,-31],[69,-31],[68,-28],[69,-28],[68,-27],[69,-27],[68,-27],[69,-28],[69,-28],[70,-31],[71,-33],[71,-35],[73,-38],[74,-41],[75,-44],[77,-47],[78,-49],[79,-52]],[[71721,211377],[54,118],[60,117],[62,116],[64,117],[63,119],[61,121],[57,124],[53,127],[50,123],[45,123],[42,123],[39,125],[38,124],[39,124],[43,119],[49,112],[55,117],[58,125],[61,129],[63,131],[64,129],[64,124],[62,115],[59,102],[56,88],[54,77],[56,73],[58,73],[61,78],[66,87],[68,97],[69,105],[68,108],[68,103],[69,89],[70,76],[69,67],[70,63],[69,66],[70,74]],[[85905,216186],[3,-15],[33,-156],[36,-157],[38,-158],[42,-160],[47,-157],[50,-154],[53,-151],[56,-149],[57,-146],[58,-145],[57,-143],[54,-141],[52,-140],[49,-141],[46,-142],[41,-144],[37,-147],[33,-149],[31,-152],[30,-154],[29,-157],[5,-26]],[[86842,213002],[16,48],[164,-273],[34,85],[30,88],[32,80],[24,98],[145,-42],[48,16],[13,20],[64,37],[13,0],[47,41],[32,51],[34,47],[32,57],[25,77],[30,139],[28,134],[26,142],[19,150],[10,273],[73,29],[60,90],[62,-312],[102,77],[5,3],[1,5],[308,245],[50,-70],[21,-38],[38,-57],[36,-49],[170,77],[23,80],[23,85],[5,34],[30,134],[198,-49],[199,134],[24,0],[73,67],[60,67],[53,98],[54,91],[44,116],[-107,503],[-9,95],[-29,83],[-21,108],[74,-181],[289,-74],[217,203],[52,-160],[202,217],[62,214],[179,-160],[318,268],[187,292],[474,361],[155,431],[262,28],[-315,-611],[-160,-163],[-95,-288],[186,-52],[133,188],[153,-103],[277,101],[399,-39],[-196,-248],[-246,-147],[-89,-240],[-252,276],[-303,-211],[-782,-952],[-52,-309],[-227,-454],[-81,-521],[56,-230],[21,-562],[293,-165],[93,-372],[178,67],[177,315],[184,88],[184,523],[221,281],[190,552],[-12,263],[341,364],[16,-247],[184,-117],[159,137],[-57,320],[267,-54],[140,240],[80,-119],[401,387],[777,457],[216,170],[52,149],[226,-20],[-348,1013],[-124,-159],[-239,208],[-20,398],[-471,-606],[-230,330],[-274,36],[-106,-83],[-220,176],[-304,144],[-200,227],[190,310],[-374,219],[-222,10],[-179,735],[9,238],[-167,441],[68,438],[-433,23],[320,426],[53,575],[184,361],[-124,196],[-316,11],[-236,-297],[-137,-26],[-151,514],[-383,201],[-100,155],[-298,-191],[-95,25],[-430,-314],[-230,314],[-424,0],[-226,-154],[-8,-797],[-137,-261],[-439,-312],[10,268],[-117,29],[-18,18],[-49,0],[-53,-142],[-30,-49],[-44,-83],[-41,-103],[-41,-95],[-49,-75],[-38,-98],[-43,-96],[-38,-110],[-34,-114],[-45,-101],[-52,-61],[-16,-140],[-32,-121],[-25,-88],[-51,-126],[-10,-103],[-11,-54],[-31,-142],[-2,-83],[-11,-80],[7,-77],[1,-85],[-49,-44],[-44,-85],[-106,-627],[42,-325],[-70,-235],[-31,-67],[-24,-116],[-241,-343],[-26,-222],[-60,-39],[-48,-72],[-39,-118],[-52,-78],[-115,-59],[-10,-6]],[[224007,216032],[27,-101]],[[224034,215931],[196,24],[2,-8],[99,-145],[173,16],[176,-157],[59,10],[59,7],[59,5],[59,6],[59,5],[158,-131],[241,-42],[236,96],[55,-22],[56,-19],[55,-15],[57,-11],[56,-8],[62,-26],[62,-25],[63,-21],[62,-17],[64,-12],[63,-10],[163,-170],[32,-85],[33,-82],[36,-80],[37,-77],[39,-74],[40,-72],[193,-13],[127,-312],[214,-157],[89,-206],[58,-37],[59,-37],[58,-38],[58,-42],[56,-48],[57,42],[57,33],[58,16],[60,-3],[61,-18],[-29,-95],[-24,-96],[-14,-100],[-2,-102],[9,-105],[13,-106],[162,-61],[13,-111],[15,-108],[18,-107],[20,-105],[23,-103],[24,-102],[26,-100],[26,-101],[26,-101],[27,-100],[26,-101],[26,-100],[66,-441],[45,-67],[45,-67]],[[228391,211492],[44,-67]],[[228435,211425],[44,-70],[42,-73],[39,-78],[37,-82],[35,-86],[58,-467],[57,41],[57,38],[58,34],[57,28],[58,22],[59,14],[59,6],[59,-2],[60,-8],[60,-11],[60,-12],[60,-11],[57,-1],[57,-5],[56,-11],[56,-15],[56,-19],[56,-19],[55,-20],[56,-18],[56,-16],[56,-15],[60,-15],[61,-13],[61,-10],[61,-7],[61,-2],[62,2],[62,5],[62,7],[62,9],[62,7],[61,3],[62,-2],[60,-10],[61,-17],[59,-26],[60,-30],[59,-33],[59,-37],[58,-37],[59,-38],[59,-38],[59,-36],[59,-33]],[[231344,210218],[98,57]],[[231442,210275],[22,126],[29,156],[29,155],[25,152],[20,148],[14,143],[8,140],[6,137],[6,134],[10,134],[19,136],[31,138],[37,140],[40,139],[43,139],[40,136],[38,134],[32,134],[27,132],[21,133],[18,136],[15,141],[14,147],[16,158],[15,172],[13,184],[11,195],[12,201],[14,203],[17,202],[21,199],[23,194],[27,188],[27,183],[28,177],[25,172],[23,165],[19,158],[17,150],[18,145],[21,138],[25,132],[31,127],[37,124],[41,123],[44,123],[43,125],[42,132],[36,138],[35,145],[35,152],[32,159],[29,165],[24,172],[18,178]],[[224137,218837],[-19,-91]],[[224118,218746],[-22,-95],[-25,-93],[-25,-93],[-24,-94],[18,-101],[16,-102],[15,-103],[14,-103],[16,-102],[17,-102],[-41,-76],[-41,-75],[-39,-79],[-36,-83],[-32,-87],[-30,-92],[-27,-94],[-20,-111],[-17,-111],[-11,-114],[-6,-115],[-3,-116],[28,-100],[31,-97],[34,-93],[35,-92],[34,-94],[30,-97]],[[257965,209635],[129,495],[-165,305],[404,-44],[116,286],[172,214],[42,307],[201,462],[170,-328],[118,232],[224,225],[-56,-880],[92,140],[154,-222],[165,69],[38,-258],[153,104],[139,-253],[122,162],[254,178],[278,80],[223,447],[342,309],[326,495],[142,122],[77,376],[222,328],[144,732],[204,508],[192,155],[209,704],[158,222],[232,655],[271,385],[221,534],[236,394],[90,315],[76,175]],[[260741,219009],[-89,-258]],[[258161,215183],[115,-348]],[[258276,214835],[1,-119],[-3,-122],[-5,-121],[-2,-121],[2,-119],[9,-116],[17,-113],[24,-111],[29,-108],[32,-107],[32,-107],[29,-108],[-19,-96],[-13,-98],[-10,-99],[-7,-100],[-10,-100],[-12,-98],[13,-112],[13,-113],[12,-112],[10,-114],[9,-113],[9,-114],[19,-196],[-16,-109],[-16,-110],[-17,-108],[-21,-106],[-25,-103],[-30,-99],[-32,-98],[10,-294],[-93,-139],[-191,41],[-52,-44],[-53,-42],[-53,-44],[-52,-45],[-51,-48],[-51,-50],[31,-83],[28,-86],[23,-91],[17,-96],[14,-98],[38,-92],[35,-95],[30,-101],[21,-109],[16,-114]],[[189951,213267],[41,-101],[139,-627],[150,-404],[-46,-552],[92,-75],[241,80],[166,-653],[70,-126],[204,108],[346,-188],[144,-307],[-121,-684],[-172,-541],[68,-331],[-37,-423],[136,-252],[-28,-251],[68,-88]],[[191412,207852],[50,28],[82,45],[49,27]],[[191593,207952],[39,362],[-70,153],[121,485],[136,234],[145,-20],[330,134],[188,-134],[29,-423],[37,-158]],[[192548,208585],[20,14],[78,51],[78,50],[78,48],[79,47],[79,46],[80,46],[80,47],[80,47],[81,49],[81,52],[81,56],[81,61],[80,68],[80,73],[79,79],[79,83],[77,86],[77,88],[76,89],[76,90],[75,89],[75,87],[75,84],[75,81],[76,75],[76,70],[78,62],[78,55],[80,53],[81,53],[81,52],[82,50],[81,50],[81,48],[80,46],[79,45],[79,43],[77,40],[77,38],[75,34],[75,32],[75,30],[76,26],[76,23],[79,19],[79,16],[81,15],[83,15],[83,16],[85,16],[85,17],[86,19],[87,21],[87,22],[86,23],[86,24],[84,24],[83,24],[82,22],[83,20],[84,18],[86,17],[86,15],[87,15],[88,14],[88,15]],[[197869,211528],[32,166],[30,162],[28,158],[25,157],[22,154],[20,152],[19,151],[17,149],[16,149],[16,148]],[[191844,218440],[-48,-682],[-198,-560],[-100,-279],[-5,-250],[341,-307],[-196,-157],[-294,201],[-512,-70],[-145,78],[-337,-168],[-136,-508],[-151,-163]],[[190063,215575],[2,-35],[4,-148],[-2,-153],[-6,-137]],[[190061,215102],[116,-140],[104,-325],[-150,-238],[-114,150]],[[190017,214549],[-15,-157],[-16,-177],[-13,-177],[-10,-175],[-6,-172],[-3,-175],[-2,-175],[-1,-74]],[[182263,211560],[27,1]],[[182290,211561],[57,3],[121,78],[183,33],[18,95],[16,95],[15,96],[15,96],[16,96],[16,95],[-14,266],[174,173],[9,250],[48,46],[49,46],[49,40],[52,31],[53,22],[251,31],[59,6],[58,1],[58,-8],[56,-21],[54,-35],[53,-44],[53,-51],[151,333],[66,10],[65,-5],[61,-28],[57,-52],[56,-67],[21,-237],[57,34],[57,28],[58,14],[57,-3],[59,-19],[58,-28],[99,-62],[30,-297],[0,-175],[174,-209],[30,-97],[23,-100],[15,-103],[5,-106],[-2,-109],[-5,-110],[22,-109],[17,-110],[11,-110],[4,-112],[-1,-112],[-5,-113],[-6,-113],[-5,-113],[-81,-230],[194,-281],[52,-36],[53,-26],[54,-10],[54,1],[55,7],[105,-127],[-9,-116],[-13,-112],[-22,-106],[-28,-101],[-33,-99],[45,-78],[45,-75],[48,-71],[47,-70],[48,-70],[48,-71],[239,-80],[177,-220],[133,-224],[107,106],[166,-279],[100,-333],[134,-147]],[[186756,207873],[76,-399]],[[186832,207474],[81,-88],[57,-17],[57,-19],[56,-25],[55,-31],[55,-35],[104,-15],[26,103],[28,101],[32,97],[34,92],[38,88],[40,86],[52,65],[53,59],[55,51],[57,42],[59,36],[77,323],[98,263]],[[187946,208650],[-141,157],[-93,413],[-373,1039],[-128,243],[-18,382],[-194,337],[19,952],[-95,219],[112,480],[-220,934],[-177,307],[-291,217],[18,448],[134,207],[156,77],[202,869],[201,707],[-38,129],[116,315],[231,-36],[317,183],[166,351],[238,-39],[-28,436],[151,-5],[189,222],[96,232],[66,296],[138,220],[299,-55],[80,90]],[[190017,214549],[-137,178],[-293,-11],[-174,62],[-67,-201],[3,-371],[104,-183],[299,-109],[128,-160],[5,-322],[66,-165]],[[190063,215575],[-71,-77],[-8,-304],[77,-92]],[[47614,217496],[34,-175],[37,-179],[39,-180],[36,-177],[33,-173],[28,-167],[21,-159],[13,-145],[4,-131],[-5,-120],[-10,-112],[-11,-108],[-7,-113],[0,-127],[12,-145],[24,-166],[31,-180],[35,-188],[38,-192],[41,-191],[42,-189],[40,-185],[37,-182],[30,-179],[21,-177],[14,-170],[10,-158],[9,-148],[8,-150],[9,-159],[10,-172],[12,-185],[13,-195],[13,-197],[13,-188],[11,-171],[4,-154],[-5,-143],[-10,-136],[-12,-137],[-10,-139],[-8,-146],[-3,-152],[0,-154],[3,-153],[3,-146],[1,-134],[-3,-123],[-7,-115]],[[48252,209731],[93,-40],[93,-38],[92,-34],[91,-28],[91,-21],[90,-15],[90,-10],[90,-4],[90,-1],[88,1],[88,3],[88,4],[86,4],[86,3],[84,1],[83,-1],[81,-6],[81,-10],[78,-17],[78,-22],[79,-28],[79,-31],[79,-34],[80,-37],[78,-38],[79,-39],[77,-39],[76,-39],[76,-38],[74,-36],[73,-34],[71,-32],[70,-29],[68,-26],[67,-23],[66,-21],[66,-20],[65,-19],[66,-19],[67,-20],[68,-20],[69,-22],[69,-22],[72,-24],[72,-25],[74,-27],[74,-28],[75,-29],[76,-30],[75,-31],[74,-35],[74,-39],[73,-41],[73,-44],[73,-45],[73,-45],[74,-46],[75,-45],[76,-44],[76,-42],[78,-39],[79,-36],[81,-33],[82,-30]],[[53234,208076],[47,149],[51,164],[56,172],[62,173],[68,169],[73,161],[72,155],[68,148],[67,146],[68,146],[68,145],[69,145],[66,145],[63,145],[58,143],[54,141],[53,142],[52,136],[52,125],[50,115],[50,107],[48,108],[46,119],[47,138],[48,156],[48,165],[49,164],[50,156],[50,141],[49,128],[46,111],[39,97],[31,90],[24,89],[19,93],[20,101],[29,108],[40,120],[43,137],[44,150],[44,158],[42,156],[41,146],[39,131],[37,112]],[[143227,212219],[22,-115],[31,-165],[31,-169],[31,-173],[32,-175],[32,-176],[31,-178],[32,-176],[31,-176],[30,-172],[30,-169],[30,-165],[28,-159],[27,-154],[26,-146],[27,-138],[26,-132],[26,-129],[26,-126],[26,-125],[26,-126],[26,-128],[26,-130],[26,-133],[26,-137],[24,-142],[25,-144],[23,-147],[24,-149],[24,-149],[24,-150]],[[144076,207566],[75,-88],[76,-88],[77,-87],[78,-86],[76,-86],[76,-87],[73,-88],[72,-90],[69,-91],[68,-91],[67,-90],[65,-90],[64,-91],[63,-92],[62,-95],[62,-99],[61,-104],[62,-108],[61,-112],[63,-116],[63,-119],[63,-122],[64,-125],[63,-128],[61,-128],[61,-127],[61,-125],[62,-121],[62,-116],[62,-112],[64,-107],[63,-103],[64,-98],[64,-96],[43,-63]],[[146366,203997],[340,1005],[121,251],[144,513],[65,191],[231,209],[-135,237],[238,488],[539,340],[377,181],[203,402],[404,408],[326,428],[70,263],[-103,376],[54,630],[-115,276],[-2,621],[60,586],[114,240],[224,137],[90,206],[274,353],[146,42],[80,-215],[165,-3]],[[145506,215874],[-6,-92],[-41,-1411],[-84,-985],[-139,-1040],[-128,-302],[-113,-36],[-253,-175],[-268,56],[-301,264],[-329,-209],[-276,211],[-70,145],[-236,-60],[-35,-21]],[[40656,208380],[63,-16],[72,-23],[74,-28],[74,-31],[76,-34],[77,-36],[77,-35],[77,-36],[76,-34],[76,-32],[76,-29],[74,-24],[73,-20],[72,-13],[71,-7],[71,-2],[71,2],[71,5],[73,9],[73,10],[76,12],[77,12],[79,11],[80,10],[83,6],[82,4],[83,3],[81,3],[81,3],[81,3],[81,4],[81,4],[81,4],[82,6],[82,6],[83,8],[84,9],[85,11],[87,8],[88,6],[89,2],[91,0],[90,-1],[92,-4],[91,-4],[90,-4],[90,-5],[89,-5],[88,-4],[86,-2],[84,-1],[85,-3],[87,-5],[87,-8],[88,-11],[88,-12],[89,-14],[88,-15],[89,-16],[88,-16],[88,-17],[87,-16],[86,-17],[84,-16],[83,-13],[83,-10],[82,-7],[83,-6],[82,-4],[83,-3],[83,-4],[83,-4],[83,-6],[84,-8],[84,-10],[85,-14],[84,-17],[86,-22],[84,-24],[85,-27]],[[47211,207766],[42,100],[44,95],[45,94],[45,92],[44,94],[44,101],[48,106],[58,111],[65,124],[67,141],[68,154],[65,159],[63,151],[62,126],[64,102],[69,82],[74,68],[74,65]],[[40869,218651],[-55,-58],[-34,-49],[-33,-59],[46,-80],[13,-41],[62,-106],[50,23],[12,13],[75,47],[9,0],[49,33],[48,-15],[41,-65],[46,13],[46,5],[156,-273],[98,64],[-39,-98],[-69,16],[-64,7],[-55,104],[-58,92],[-297,-162],[-38,-72],[-20,-106],[-40,-699],[53,-212],[-26,-105],[-8,-116],[-12,-116],[0,-122],[-6,-80],[-2,-82],[1,-80],[1,-85],[-1,-78],[0,-85],[4,-80],[3,-80],[-19,-80],[-13,-90],[-10,-88],[-10,-95],[2,-88],[-4,-56],[-6,-55],[-13,-74],[-5,-88],[0,-472],[-29,-568],[-3,-23],[-5,-100],[2,-47],[-9,-214],[-3,-39],[-5,-100],[-15,-98],[0,-101],[-9,-93],[3,-106],[0,-100],[-23,-114],[-23,-121],[-17,-126],[-29,-114],[-6,-131],[14,-134],[-15,-132],[-9,-131],[-85,-176],[-10,-85],[-13,-80],[-14,-80],[-18,-77],[7,-88],[5,-90],[-11,-88],[-5,-90],[-63,-284],[-4,-13],[-21,-103],[25,-103],[20,-114],[27,-108],[39,-77],[-12,-720],[63,-472],[28,-72],[15,-21],[81,-160],[-14,-72],[-2,-88],[10,-75],[1,-87],[41,-283]],[[216731,216856],[71,-103],[94,-136],[91,-130],[89,-118],[87,-104],[88,-99],[86,-94],[84,-90],[80,-88],[78,-90],[75,-96],[74,-102],[71,-110],[60,-112],[50,-110],[43,-107],[39,-103],[40,-98],[42,-96],[51,-95],[61,-99],[76,-106],[89,-113],[99,-120],[104,-129],[107,-134],[104,-134],[96,-130],[81,-118],[64,-105],[50,-101],[38,-98],[29,-95],[28,-95],[30,-94],[37,-94],[46,-91],[51,-86],[47,-74],[39,-63],[30,-56],[24,-55],[20,-56],[21,-62],[27,-71],[37,-85],[51,-95],[65,-99],[75,-103],[81,-105],[82,-108],[79,-112],[70,-114],[61,-113],[51,-112],[46,-110],[46,-107],[49,-102],[54,-97],[61,-92],[66,-91],[69,-93],[71,-100],[69,-104]],[[220705,210454],[86,-1],[86,-2],[86,-2],[86,-4],[86,-3]],[[221135,210442],[59,114],[60,115],[61,114],[61,114],[60,114],[61,113],[60,113],[60,112],[59,111],[58,111],[58,110],[56,109],[56,108],[55,108],[56,106],[57,106],[58,106],[60,106],[60,106],[61,106],[62,106],[62,107],[63,108],[64,108],[63,110],[63,110],[63,111],[61,111],[61,113],[59,113],[59,116],[57,118],[58,120],[56,123],[57,124],[57,126],[57,127],[57,128],[59,129],[58,129],[60,128],[60,128],[60,127],[62,126],[62,124],[63,122],[64,119],[62,116],[16,29]],[[224016,216000],[-9,32]],[[224118,218746],[20,97]],[[220484,223605],[-151,-379]],[[216751,216942],[-20,-86]],[[78770,212634],[24,-114]],[[78794,212520],[79,-89],[81,-88],[81,-87],[80,-87],[81,-87],[79,-86],[79,-86],[77,-85],[75,-86],[74,-86],[73,-87],[72,-90],[73,-92],[72,-93],[72,-95],[71,-96],[72,-97],[70,-98],[71,-99],[70,-98],[70,-99],[69,-98],[69,-97],[68,-97],[68,-96],[68,-95],[67,-94],[67,-93],[66,-92],[67,-93],[65,-93],[63,-95],[63,-97],[63,-98],[62,-100],[62,-101],[61,-102],[62,-103],[63,-103],[62,-103],[62,-103],[63,-103],[63,-102],[63,-102],[64,-100],[63,-100],[64,-99],[63,-97],[63,-96],[62,-95],[64,-97],[64,-97],[65,-99],[65,-99],[66,-101],[66,-101],[66,-102],[66,-102],[66,-103],[65,-102],[65,-102],[64,-101],[63,-100],[62,-98],[60,-96],[60,-95],[55,-88]],[[83313,206079],[92,107],[42,135],[11,80],[8,79],[16,75],[18,70],[4,82],[11,83],[17,-85],[22,-111],[9,-62],[22,-72],[112,253],[6,7],[37,85],[401,372],[44,13],[33,41],[13,5],[42,-31],[43,5],[43,42],[34,56],[42,34],[39,57],[51,-11],[29,16],[95,8],[35,-29],[53,0],[51,13],[54,0],[51,26],[189,93],[14,-3],[65,49],[93,-59],[312,111],[64,438],[14,73],[1,25],[42,287],[100,-83],[37,-70],[60,-358],[54,39],[52,54],[52,41],[55,18],[40,96],[46,77],[28,52],[70,82],[-5,-113],[-12,-109],[7,-111],[10,-108],[53,52],[57,7],[39,106],[49,75],[50,-47],[55,-7],[52,-5],[54,15],[50,41],[53,34],[50,44],[52,20],[-112,212],[-47,10],[-44,-36],[-43,-44],[-38,-54],[-224,222],[-80,601],[-30,100],[-32,93],[-18,29],[-52,142],[-72,38],[-37,26],[-53,34],[-58,7],[61,212],[20,41],[47,114],[9,82],[16,70],[184,129],[-44,75],[-23,77],[-39,21],[-44,77],[11,82],[-6,88],[4,83],[0,87],[2,127],[16,108],[23,108],[19,109],[70,26],[38,131],[45,101],[2,85],[3,80],[32,139],[116,121],[24,140],[-3,149],[69,18],[63,54],[-13,155],[-20,150],[65,51],[63,62],[49,111],[28,81]],[[85905,216186],[-254,-136],[-31,-113],[-31,-111],[-7,-142],[-23,-124],[-52,26],[-51,5],[-47,59],[-48,42],[-48,61],[-46,57],[-44,59],[-42,78],[-52,5],[-50,-28],[-50,-18],[-52,-37],[-51,34],[-53,0],[-51,21],[-51,51],[-48,0],[-51,-28],[-51,-26],[-47,-33],[-52,0],[-49,-8],[-50,-11],[-52,-28],[-44,-62],[-48,-38],[-48,-29],[-49,-49],[-52,-13],[-48,-20],[-51,-34],[-44,-57],[-72,-31],[-74,-23],[-70,-62],[-74,-18],[-73,0],[-72,-41],[-74,-28],[-73,28],[-73,5],[-72,-5],[-76,-10],[-75,10],[-72,36],[-69,54],[-73,31],[-75,44],[3,0],[313,469],[166,233],[69,304],[139,155],[135,302],[151,90],[72,36],[169,325],[32,113]],[[83515,206346],[5,-87],[15,-83],[23,-70],[21,-67],[104,-134],[275,191],[32,-10],[45,64],[54,36],[361,127],[38,-13],[70,5],[62,72],[75,54],[75,60],[76,49],[79,-16],[31,60],[40,31],[29,64],[29,59],[20,42],[121,111],[11,56],[-48,29],[-49,-16],[-52,-13],[-50,-13],[-180,-141],[-79,-178],[-128,167],[-84,-7],[-24,10],[-12,-13],[-307,-23],[-55,-52],[-42,-88],[-90,31],[-19,18],[-57,34],[-57,0],[-47,-31],[-47,-31],[-44,-49],[-45,-49],[-47,-23],[-44,-49],[-46,-49],[-38,-65]],[[60109,211540],[7,-133],[9,-127],[11,-124],[18,-120],[24,-120],[31,-119],[36,-119],[39,-121],[40,-124],[37,-128],[32,-139],[28,-151],[24,-162],[24,-170],[23,-176],[22,-181],[20,-183],[18,-183],[15,-181],[14,-178],[13,-174],[12,-168],[11,-163],[12,-155],[10,-152],[12,-148],[13,-146],[14,-142],[15,-139],[16,-136],[15,-133],[16,-131],[15,-128],[15,-128],[14,-128],[12,-130]],[[60796,206300],[74,-70],[73,-72],[73,-73],[72,-73],[71,-74],[70,-73],[70,-72],[68,-72],[68,-71],[67,-70],[66,-70],[66,-68],[65,-68],[64,-67],[64,-66],[63,-65],[63,-64],[63,-63],[63,-63],[62,-62],[63,-61],[63,-62],[63,-61],[63,-61],[64,-60],[64,-61],[66,-61],[66,-61],[67,-63],[68,-63],[69,-64],[71,-64],[71,-66],[73,-66],[73,-66],[75,-68],[76,-68],[76,-69]],[[63372,203779],[67,72],[68,76],[69,77],[71,75],[73,65],[77,46],[81,34],[82,25],[83,24],[84,27],[83,34],[81,46],[79,64],[78,84],[84,99],[87,108],[90,111],[91,109],[92,104],[90,93],[87,81],[85,65],[79,50],[73,37],[67,30],[63,23],[63,19],[63,17]],[[65562,205474],[29,83],[34,88],[40,94],[47,101],[52,120],[56,142],[60,153],[63,155],[62,150],[61,139],[57,124],[54,111],[50,99],[45,97],[37,102],[28,109],[23,120],[19,129],[21,138],[25,149],[34,161],[41,170],[45,172],[44,171],[43,164],[38,158],[34,149],[30,145],[27,144],[26,149],[25,156],[18,158],[11,165],[8,162],[12,152],[17,136],[25,118],[32,104],[38,100],[41,107],[44,115],[45,128],[44,140],[42,151],[39,153],[35,150],[31,142],[25,131],[21,132],[20,136],[23,137],[29,135],[36,131],[42,128],[47,127],[47,128],[45,132]],[[252838,212254],[42,-79],[36,-73],[35,-70],[42,-76],[55,-84],[65,-84],[72,-86],[72,-89],[69,-94],[61,-103],[56,-116],[50,-130],[47,-143],[45,-160],[46,-177],[49,-191],[52,-197],[58,-191],[65,-170],[70,-134],[74,-102],[76,-85],[74,-84],[69,-95],[62,-115],[56,-137],[54,-139],[57,-127],[61,-106],[67,-80],[71,-59],[70,-48],[65,-54],[58,-66],[50,-77],[45,-85],[40,-91],[42,-90],[47,-87],[56,-81],[65,-86],[70,-93],[70,-99],[67,-106],[61,-108],[51,-106],[40,-100],[33,-88],[33,-80],[36,-77],[44,-79],[53,-88],[60,-100],[67,-117],[72,-129],[75,-139],[78,-146],[75,-150],[72,-151],[66,-147],[67,-144],[66,-138]],[[256440,205528],[139,125],[68,201],[66,307],[416,289],[-8,629],[78,539],[-122,196],[23,415],[239,550],[95,387],[109,209],[237,353],[185,-93]],[[258276,214835],[-62,188]],[[246397,205755],[87,-45],[86,-45],[83,-43],[79,-39],[75,-36],[68,-24],[60,-1],[52,17],[49,27],[48,30],[49,27],[52,18],[57,2],[64,-20],[71,-37],[74,-46],[75,-55],[76,-62],[75,-67],[74,-69],[73,-70],[71,-65],[70,-59],[68,-52],[67,-50],[68,-47],[71,-45],[72,-45],[76,-45],[79,-47],[81,-53],[84,-60],[76,-61]],[[248707,204588],[9,7],[80,152],[415,307],[157,599],[274,487],[45,307],[157,183],[160,54],[89,-106]],[[250093,206578],[4,26],[25,143],[27,136],[30,131],[33,127],[35,126],[35,128],[33,132],[31,135],[27,140],[25,146],[23,151],[24,155],[28,156],[34,154],[39,148],[46,141],[50,136],[54,130],[56,127],[56,126],[53,125],[48,125],[43,125],[38,125],[33,124],[32,122],[32,121],[36,118],[40,114],[44,112],[49,108],[50,107],[52,107],[49,112],[48,118],[46,126],[43,135],[40,143],[36,147],[33,149],[33,152]],[[246093,215167],[-27,-153],[-32,-153],[-35,-156],[-36,-160],[-34,-169],[-28,-177],[-18,-178],[-4,-161],[11,-145],[22,-131],[28,-123],[25,-129],[18,-147],[8,-170],[0,-187],[4,-193],[9,-185],[12,-170],[15,-152],[18,-138],[20,-127],[20,-125],[17,-125],[10,-110],[4,-102],[2,-101],[3,-108],[7,-120],[14,-136],[20,-152],[26,-165],[25,-164],[17,-147],[9,-127],[4,-113],[2,-109],[4,-117],[7,-133],[11,-152],[17,-172],[23,-187],[23,-199],[18,-203],[11,-203],[4,-201],[-2,-197],[-5,-193],[-6,-187],[-11,-181],[-15,-178],[-16,-177],[-12,-181],[-8,-186],[-1,-189],[7,-186],[15,-178],[20,-161],[23,-154],[22,-148],[19,-141]],[[71721,211377],[24,-170],[26,-170],[27,-169],[27,-168],[25,-166],[24,-163],[21,-159],[18,-156],[16,-151],[13,-148],[12,-143],[14,-142],[16,-141],[20,-142],[22,-143],[24,-145],[22,-144],[20,-143],[17,-147],[15,-151],[13,-155],[10,-159],[6,-158],[4,-151],[3,-145],[5,-139],[8,-136],[12,-134],[16,-133],[19,-134],[20,-137],[20,-141],[18,-148],[17,-163],[16,-180],[18,-194],[17,-203],[17,-207],[15,-206]],[[72378,205293],[68,-69],[68,-72],[69,-75],[70,-77],[70,-80],[70,-82],[71,-84],[70,-85],[71,-86],[70,-86],[69,-86],[69,-83],[68,-81],[67,-77],[66,-74],[66,-70],[65,-68],[65,-64],[64,-61],[65,-58],[65,-58],[65,-55],[65,-54],[65,-53],[67,-52],[66,-52],[68,-50],[67,-51],[69,-51],[70,-51],[70,-51],[71,-52],[72,-53],[72,-54],[74,-55],[74,-56],[75,-58],[75,-60],[76,-63],[77,-64],[76,-66],[77,-68],[76,-70],[77,-73],[77,-74],[77,-76],[76,-79],[75,-80],[76,-81]],[[75829,202015],[64,49],[64,47],[63,48],[61,55],[59,65],[55,72],[50,68],[44,63],[43,60],[42,58],[44,57],[48,58],[53,60],[58,61],[63,63]],[[76640,202899],[32,140],[35,148],[39,157],[39,165],[40,171],[39,174],[39,178],[37,178],[36,179],[33,179],[32,180],[27,186],[28,183],[30,170],[36,151],[42,128],[48,109],[50,97],[50,94],[45,104],[38,124],[33,141],[32,154],[29,161],[31,161],[31,157],[33,150],[34,142],[34,133],[31,128],[27,124],[25,112],[25,99],[26,90],[25,86],[22,91],[19,106],[17,130],[14,153],[13,172],[12,180],[7,177],[6,167],[6,155],[10,141],[13,131],[16,123],[20,122],[26,130],[32,142],[40,147],[46,139],[49,132],[49,127],[47,124],[44,123],[41,126],[40,128],[38,133],[38,139],[41,147],[46,159],[47,170],[46,173],[40,173],[32,168],[26,160]],[[161850,204809],[9,132],[10,141],[10,137],[9,133],[11,130],[10,128],[12,126],[11,111]],[[161932,205847],[-52,198],[-450,402],[-78,126],[-288,416],[-429,340],[-496,464],[-68,269],[262,485],[-48,270],[-96,57],[-494,-88],[-260,49],[-318,331],[-433,799],[-91,181],[-65,147],[-147,665],[-42,356],[-92,490],[-80,395],[-28,193],[-380,418],[-355,480],[-257,418],[-55,132],[-62,301],[-38,575],[105,369],[22,65]],[[155499,211625],[23,-128],[-42,-456],[176,0],[15,-299],[230,-212],[161,-402],[-18,-178],[250,-147],[169,-196],[68,-261],[353,-562],[75,-372],[183,-224],[144,-379],[128,-83],[102,-49],[137,-369],[231,148],[166,-145],[193,21],[228,-666],[36,-201],[209,0],[151,-248],[-1,-234],[243,129],[116,-240],[90,-369],[-78,-346],[187,-155],[131,-304],[118,-90],[200,119],[82,-266],[96,-779],[115,-276],[82,-846],[107,-333],[-4,-180],[-82,-207],[-235,-139],[62,-323],[-104,-503],[-118,-82],[17,-593],[80,-93],[272,44],[69,433],[350,707],[-36,557],[64,209],[237,247],[203,-2],[-2,895],[-94,294],[-227,310],[-203,152],[-18,260],[125,336],[7,340],[193,596],[151,278],[142,-247],[251,-217],[223,-13],[117,-93],[55,-384]],[[159230,214904],[1,-51],[84,-253],[251,-456],[28,4]],[[231442,210275],[25,15]],[[231467,210290],[53,51],[54,44],[56,33],[57,23],[59,15],[59,10],[61,-9],[60,-10]],[[231926,210447],[60,-14]],[[231986,210433],[60,-16],[60,-21],[59,-23],[60,-26],[118,-54],[59,-25],[59,-23],[60,-19],[60,-16],[60,-12],[61,-11],[125,-41],[59,-12],[60,-12],[60,-8],[59,-4],[60,0],[60,5],[24,-103],[25,-100],[32,-92],[38,-81],[45,-71],[49,-66],[128,-207],[58,-36],[58,-31],[58,-26],[60,-22],[59,-19],[60,-18],[60,-19],[59,-21],[59,-24],[59,-25],[59,-26],[58,-27],[58,-31],[58,-35],[57,-40],[53,-37],[55,-34],[54,-32],[54,-34],[53,-38],[52,-45],[49,-53],[47,-60],[45,-66],[45,-69],[44,-71],[52,55],[52,53],[53,47],[54,41],[54,33],[55,23],[57,15],[57,7],[57,0],[59,-5],[58,-9],[59,-9],[-1,-444],[59,21],[58,12],[58,-3],[57,-17],[57,-30],[56,-35],[95,-105],[42,78],[44,74],[45,69],[48,66],[48,63],[48,61],[48,59],[50,55]],[[236436,208631],[50,51]],[[236486,208682],[51,50],[52,47],[52,46],[52,47],[51,48],[51,50],[206,172],[57,46],[58,44],[57,43],[58,44],[57,45],[57,47],[56,50],[55,53],[55,55],[54,58],[61,15],[60,16],[60,16],[61,16],[60,17],[61,17],[60,19],[60,18],[60,19],[61,19],[60,19],[60,18],[60,19],[61,18],[60,17],[60,18],[61,17],[60,17],[59,7],[59,6],[59,3],[59,-1],[58,-5],[59,-8],[59,-12],[224,-73],[170,109],[215,-57],[202,57],[157,219],[57,41],[57,38],[57,36],[59,31],[59,26],[59,24],[47,48],[48,47],[48,45],[48,44],[48,44]],[[240618,210611],[48,46]],[[240666,210657],[19,55]],[[208121,211298],[53,-133],[53,-145],[51,-153],[49,-158],[48,-159],[45,-157],[44,-154],[44,-146],[44,-138],[46,-129],[43,-125],[41,-120],[38,-115],[38,-108],[38,-98],[40,-89],[44,-79],[46,-75],[50,-76],[51,-80],[49,-82],[47,-84],[46,-86],[43,-87],[41,-90],[41,-91],[41,-92],[43,-92],[44,-93],[46,-102],[46,-109],[45,-114],[45,-118],[44,-121],[44,-123],[44,-124],[46,-123],[50,-123],[60,-137],[71,-150],[81,-161],[86,-170],[90,-173],[89,-169],[85,-159],[78,-147],[57,-107]],[[210529,205634],[9,-5]],[[210538,205629],[52,-26],[51,-25],[45,58],[46,56],[46,56],[46,57],[44,61],[43,64],[42,68],[87,-395],[18,-319],[195,33],[53,20],[52,25],[49,35],[46,49],[42,62],[41,70],[173,-44],[48,68],[41,77],[30,91],[19,105],[12,113],[7,229],[43,70],[39,75],[33,82],[26,90],[21,96],[17,101],[15,103],[58,-13],[58,-11],[58,-6],[58,3],[58,12],[57,17],[58,19],[118,-93],[58,15],[57,20],[56,28],[55,35],[54,40],[54,40],[3,5],[168,-54],[141,299],[28,84],[25,87],[22,89],[17,93],[15,96],[48,45],[47,48],[44,53],[43,60],[41,63],[41,66]],[[213600,207974],[55,37]],[[213655,208011],[54,42],[52,48],[52,52],[51,53],[49,48],[47,52],[47,53],[46,56],[47,56],[46,55],[89,-23],[57,47],[56,47],[56,47],[57,45],[58,41],[85,260],[57,13],[57,13],[57,12],[57,8],[57,3],[32,361],[42,106],[-15,105],[-16,104],[-16,104],[-15,105],[-14,105],[-11,107],[-11,107],[-9,107],[76,368],[207,155],[-90,359],[178,196],[175,-16],[-6,107],[-4,108],[-4,108],[-5,108],[-8,107],[-11,105],[-17,105],[-9,118],[-6,119],[-9,117],[-16,113],[-23,107],[-33,100],[-40,96],[-44,92],[-28,131],[-112,429],[12,114],[7,113],[0,113],[-6,113],[-10,113],[-14,112],[17,108],[15,109],[10,110],[2,112],[-3,113],[-130,325],[-200,-49],[-112,237],[171,243],[259,51],[53,61],[55,52],[58,42],[59,33]],[[215270,215807],[57,27]],[[53234,208076],[28,-150],[28,-141],[29,-132],[29,-122],[32,-112],[33,-104],[34,-97],[33,-93],[32,-90],[31,-91],[28,-94],[27,-101],[24,-108],[24,-116],[24,-126],[23,-135],[19,-144],[16,-151],[14,-158],[13,-165],[13,-171],[15,-175],[15,-176],[15,-174],[13,-170],[12,-161],[9,-152],[8,-141],[8,-132],[9,-127],[11,-126],[13,-125],[17,-125],[19,-125],[23,-126]],[[53955,203440],[84,-62],[84,-63],[84,-63],[83,-64],[83,-64],[83,-65],[82,-65],[82,-64],[81,-65],[81,-63],[81,-64],[81,-62],[80,-61],[81,-60],[80,-59],[80,-57],[80,-56],[80,-56],[79,-54],[79,-54],[79,-54],[78,-53],[78,-53],[79,-54],[79,-54],[79,-55],[81,-56],[81,-57],[82,-58],[83,-59],[84,-61],[85,-63],[85,-63],[86,-66],[86,-67],[86,-68],[85,-70],[83,-71],[83,-69],[81,-66],[79,-65],[77,-62],[76,-60],[73,-56],[72,-55],[70,-52],[69,-50],[67,-47]],[[57809,200555],[21,158],[28,148],[37,134],[50,117],[59,99],[58,83],[55,76],[51,76],[45,83],[44,93],[44,103],[50,115],[59,124],[68,127],[76,127],[80,129],[82,128],[81,125],[79,119],[73,113],[66,112],[66,116],[61,123],[53,127],[43,131],[35,131],[29,129],[27,121],[30,112],[39,103],[48,97],[56,93],[60,91],[61,90],[56,94],[49,101],[40,108],[40,111],[45,109],[51,105],[57,100],[61,96],[66,91],[67,91],[65,91],[59,95],[58,97],[59,96],[61,94],[64,90],[66,87],[68,84],[70,80],[71,72]],[[65562,205474],[56,-66],[56,-66],[56,-67],[57,-69],[58,-70],[57,-72],[59,-74],[59,-75],[60,-78],[60,-81],[62,-83],[62,-86],[63,-88],[64,-91],[65,-90],[66,-90],[67,-89],[67,-88],[68,-87],[69,-87],[69,-86],[70,-86],[70,-85],[71,-86],[70,-87],[71,-86],[72,-87],[71,-88],[72,-88],[71,-88],[71,-90],[72,-90],[71,-91],[71,-93],[71,-95],[71,-94],[70,-95],[70,-95],[70,-95],[70,-96],[70,-95],[69,-96],[70,-96],[70,-97],[69,-96],[70,-98],[69,-97],[70,-98],[69,-98],[69,-99],[69,-99],[69,-99],[68,-100],[68,-100],[67,-100],[66,-101],[65,-105]],[[69374,200402],[64,71],[58,67],[51,68],[44,55],[41,43],[40,37],[43,37],[48,45],[54,58],[61,74],[65,94],[70,116],[72,133],[72,145],[70,152],[68,155],[65,155],[62,148],[62,140],[63,125],[63,108],[62,85],[62,69],[61,59],[60,55],[58,57],[58,64],[58,76],[59,89],[59,102],[57,101],[56,97],[57,92],[58,87],[59,84],[61,83],[59,84],[58,89],[55,93],[50,96],[47,95],[46,95],[47,95],[50,95],[52,95],[55,94],[58,95],[60,102],[62,115],[63,129],[61,142],[60,151]],[[240654,210646],[1,-1],[44,-85],[42,-92],[41,-106],[38,-126],[40,-149],[42,-166],[44,-175],[43,-175],[41,-173],[39,-167],[39,-163],[37,-168],[35,-174],[32,-179],[30,-182],[27,-182],[25,-177],[22,-169],[21,-152],[18,-124],[19,-111],[23,-113],[29,-128],[34,-147],[38,-164],[38,-168],[39,-156],[44,-136],[49,-115],[51,-97],[51,-92],[48,-98],[43,-120],[39,-145],[37,-157],[31,-159],[23,-156],[14,-148],[9,-140],[6,-137],[10,-141],[24,-147],[39,-145],[55,-147],[66,-148],[69,-146],[64,-147]],[[242347,203853],[89,-50],[80,-49],[71,-47],[67,-49],[64,-48],[64,-48],[64,-46],[68,-44],[71,-43],[75,-39],[82,-37],[87,-32],[90,-24],[93,-16],[94,-10],[93,-5],[93,-4]],[[243692,203262],[74,89],[74,88],[74,87],[75,86],[75,86],[74,84],[75,83],[74,82],[74,82],[74,80],[73,80],[73,79],[72,78],[72,75],[71,71],[71,68],[70,65],[70,62],[69,60],[69,57],[69,55],[69,53],[69,52],[68,50],[69,49],[68,48],[69,49],[69,49],[69,49],[69,50],[70,51],[70,52],[70,53],[70,55],[71,56],[71,58],[71,60],[71,62]],[[245102,216492],[-237,-104]],[[240695,210742],[-29,-85]],[[240666,210657],[-12,-11]],[[221135,210442],[58,-121],[58,-120],[60,-116],[62,-113],[62,-120],[65,-127],[65,-129],[66,-122],[66,-111],[66,-100],[66,-93],[64,-92],[61,-100],[62,-112],[63,-131],[64,-152],[63,-168],[63,-178],[61,-176],[61,-163],[58,-148],[54,-137],[51,-132],[49,-130],[49,-131],[50,-134],[51,-137],[53,-139],[55,-141],[56,-135],[62,-114],[69,-91],[72,-68],[76,-52],[75,-44],[73,-49],[67,-62],[57,-82],[46,-90],[40,-87],[40,-84],[45,-81],[53,-78],[63,-77],[69,-78],[73,-80],[69,-86],[60,-94],[51,-100],[42,-103],[38,-106],[34,-112],[37,-115],[43,-118],[51,-120],[58,-129],[59,-143],[57,-159]],[[224496,203932],[78,-2],[79,-4],[78,-6],[77,-5],[76,-6],[75,-5],[72,-3],[71,-2],[68,1],[66,1],[65,3],[64,3],[63,4],[63,4],[62,4],[62,4],[62,4],[62,4],[62,4],[63,3],[64,2],[66,2],[67,1],[69,0]],[[226130,203943],[39,152],[41,148],[44,143],[44,139],[45,135],[45,133],[45,133],[45,132],[44,134],[45,135],[44,139],[44,142],[44,146],[43,150],[44,153],[43,156],[42,158],[42,154],[40,148],[39,142],[37,135],[36,128],[36,121],[34,115],[34,110],[34,108],[34,107],[35,111],[36,115],[39,123],[40,133],[41,139],[41,145],[42,149],[44,154],[44,156],[47,158],[48,158],[50,158],[51,157],[52,155],[53,153],[53,150],[53,149],[52,146],[51,147],[49,145],[47,144],[44,141],[39,139],[37,135],[33,133],[30,132],[22,100]],[[228410,211464],[-19,28]],[[224034,215931],[-18,69]],[[76640,202899],[73,-48],[75,-47],[75,-45],[77,-41],[79,-38],[79,-36],[81,-34],[82,-32],[83,-31],[84,-30],[84,-30],[85,-30],[86,-31],[85,-33],[86,-34],[86,-36],[85,-40],[85,-43],[84,-46],[84,-50],[84,-51],[84,-53],[84,-54],[85,-56],[84,-56],[84,-59],[84,-59],[82,-61],[82,-63],[82,-63],[80,-65],[79,-66],[78,-66],[78,-67],[77,-67],[76,-66],[75,-67],[75,-65],[75,-65],[74,-62],[73,-58],[72,-53],[71,-48],[69,-43],[69,-40],[68,-38],[67,-37],[68,-37],[67,-37],[67,-37],[67,-39],[68,-41],[68,-44],[68,-46],[69,-49],[70,-54],[70,-57],[70,-61],[71,-65],[72,-70],[72,-70],[73,-70],[73,-71],[2,-2]],[[81484,199746],[9,80],[4,15],[2,44],[19,170],[-242,268],[-73,271],[-228,54],[-22,91],[-27,93],[-37,59],[-38,52],[-76,15],[-19,15],[-43,0],[-48,13],[-69,266],[84,446],[38,52],[38,33],[39,29],[41,18],[-1,100],[-9,106],[-2,101],[-7,98],[11,-119],[28,-98],[-14,-111],[-6,-111],[-138,-338],[-2,-2],[-45,-109],[52,-283],[42,44],[38,38],[34,70],[39,59],[7,-111],[25,-92],[27,-86],[27,-82],[63,-72],[66,-21],[64,-21],[68,-41],[36,-49],[37,-62],[34,-23],[47,-54],[50,-18],[47,28],[-17,114],[-19,108],[-15,49],[-47,235],[0,23],[-15,116],[-26,77],[-25,124],[-33,542],[129,521],[-15,149],[0,52],[-18,88],[-10,111],[22,273],[53,-3],[52,-10],[23,5],[85,-2],[-28,-121],[-19,-52],[-19,-96],[-15,-98],[118,-69],[-7,-124],[-15,-113],[-9,-122],[11,-124],[-160,-363],[40,-44],[43,-52],[45,-20],[40,-26],[-147,-415],[83,-292],[38,-69],[38,-65],[39,-54],[50,-31],[101,64],[10,-90],[15,-77],[31,-54],[23,-67],[-26,-65],[-21,-83],[-12,-82],[-2,-95],[52,-16],[5,0],[147,-31],[-28,-108],[-29,-106],[-25,-108],[-26,-116],[-26,-111],[-35,-93],[-26,-121],[-2,-16]],[[81830,199418],[17,-16],[72,-68],[72,-67],[25,-24]],[[82016,199243],[24,36],[19,72],[18,72],[12,85],[10,83],[14,80],[8,82],[15,73],[24,74],[31,83],[21,108],[21,109],[1,0],[23,100],[113,459],[77,34],[62,467],[31,0],[0,90],[-7,93],[-24,562],[-72,-2],[-15,85],[-12,95],[-21,85],[-30,57],[-27,67],[-26,78],[-32,59],[-31,46],[-36,560],[-28,93],[-25,103],[-37,62],[-40,67],[-13,341],[44,85],[45,82],[30,124],[37,113],[60,49],[2,11],[169,149],[66,158],[-12,-49],[-9,-44],[-41,-119],[-182,-157],[-5,0],[-63,-62],[-14,-77],[-2,-47],[-62,-523],[122,-240],[25,-101],[49,-49],[39,-75],[19,-26],[63,-121],[113,26],[238,-343],[78,325],[251,758],[45,78],[54,38],[32,111],[36,98],[45,372],[16,54],[15,82],[16,78],[21,72],[-7,93],[1,95],[6,88],[0,8],[41,340],[2,5],[10,86],[-52,201],[-51,56],[-15,0],[-149,106],[66,305],[57,65]],[[161850,204809],[30,-214],[174,-302],[148,-69],[37,461],[76,186],[-186,632],[-172,250],[-25,94]],[[162858,208986],[14,-122],[165,-201],[142,-31],[72,-441],[-44,-109],[-128,-436],[90,-268],[-62,-544],[-123,-784],[149,-436],[-1,-524],[325,-356],[48,-294],[90,-144],[-14,-338],[148,-145],[-33,-196],[135,-436],[334,-572],[319,-70],[-256,-325],[221,-624],[113,-647],[184,214],[145,-204],[267,168],[123,43],[467,-229],[132,33],[311,-299],[128,-49],[-113,-227],[-117,54],[-65,-309],[-161,265],[-280,220],[-22,-361],[-82,-359],[-184,-121],[-155,167],[-48,-167],[14,-421],[141,-149],[-89,-294],[-146,-5],[0,-207],[-98,-278],[117,-439],[5,-291],[206,-65],[-5,410],[180,93],[182,-750],[-17,-354],[101,-137],[58,552],[79,215],[112,5],[184,-612],[91,119],[-48,304],[58,189],[-77,487],[-211,805],[-32,312],[209,-46],[145,-153],[-49,-203],[317,126],[-232,206],[5,217],[-19,720],[250,170],[191,-160],[73,-281],[267,-276],[-2,387],[-65,560],[65,178],[-265,306],[-402,503],[-73,230],[-371,219],[19,217],[175,181],[-29,335],[-113,232],[161,206],[114,-74],[51,-256],[107,52],[-202,668],[-150,214],[-59,389],[-125,341],[-116,260],[-15,253],[131,735],[176,312],[61,-216],[-133,-145],[169,-340],[225,-188],[91,95],[235,-134],[127,-426],[146,204],[-186,181],[-69,268],[112,111],[152,-121],[129,-96],[120,-328],[71,122],[-175,366],[-144,80],[-156,155],[43,214],[-154,307],[133,185],[219,-116],[197,230],[68,245],[121,5],[53,-198],[147,-13],[169,198],[263,13],[200,-162],[327,-49],[105,-248]],[[168732,206238],[81,62],[29,99],[33,93],[38,84],[43,78],[44,74],[-7,107],[-5,106],[-3,107],[-2,108],[-2,107],[-3,107],[48,66],[49,61],[52,54],[53,46],[55,42],[-32,474],[-41,64],[-43,57],[-45,49],[-48,42],[-48,41],[35,222],[152,152],[61,175],[184,16]],[[169410,208931],[45,61]],[[197869,211528],[23,-196],[19,-196],[15,-194],[12,-189],[10,-186],[9,-180],[12,-176],[15,-170],[20,-162],[23,-154],[26,-148],[28,-144],[26,-141],[24,-139],[22,-138],[19,-139],[17,-138],[14,-138],[11,-135],[9,-133],[7,-132],[5,-132],[5,-132],[5,-130],[8,-129],[11,-126],[15,-124],[19,-124],[25,-125],[28,-124],[32,-123],[35,-122],[37,-123],[37,-127],[36,-130],[35,-133],[33,-136]],[[198596,206160],[83,-27],[83,-27],[83,-28],[81,-29],[81,-29],[78,-30],[76,-36],[75,-42],[73,-46],[73,-48],[71,-49],[72,-47],[72,-45],[72,-40],[73,-35],[74,-27],[74,-19],[71,-5],[68,6],[66,15],[64,21],[65,24],[64,23],[66,21],[67,14],[70,5],[72,-8],[75,-21],[78,-29],[82,-35],[82,-42],[84,-48],[84,-53],[83,-57],[83,-58],[80,-60],[80,-59],[76,-55],[76,-54],[75,-60],[75,-66],[74,-68],[73,-72],[73,-72],[73,-74],[73,-73],[74,-72],[76,-71],[77,-68],[76,-64],[76,-60],[74,-57],[74,-54],[73,-52],[74,-50],[74,-49],[75,-50],[76,-49],[77,-51],[79,-53],[81,-53],[84,-54]],[[203262,203709],[33,132],[35,140],[40,147],[42,152],[46,156],[48,159],[50,162],[51,163],[52,165],[52,164],[52,165],[50,163],[49,161],[46,158],[43,154],[40,152],[37,151],[36,153],[34,154],[33,154],[33,154],[33,154],[32,153],[34,153],[34,152],[36,150],[37,149],[39,146],[41,145],[44,140],[47,135],[48,130],[50,126],[49,122],[50,119],[50,118],[48,116],[48,115],[46,115],[44,116],[42,117],[41,119],[40,123],[36,125],[33,126],[31,127],[28,126],[27,125]],[[47089,202126],[52,-103],[52,-102],[52,-101],[51,-100],[52,-99],[52,-99],[52,-99],[52,-99],[52,-99],[53,-100],[53,-101],[53,-103],[54,-104],[54,-107],[55,-109],[54,-111],[56,-111],[55,-109],[56,-109],[56,-107],[56,-106],[57,-106],[56,-105],[56,-104],[57,-104],[56,-104],[57,-103],[56,-103],[56,-103],[56,-103],[56,-103],[56,-104],[55,-105],[56,-107],[56,-109],[57,-113],[57,-116],[57,-118],[58,-120],[58,-122],[59,-123],[58,-123],[59,-124],[58,-124],[59,-122],[59,-122],[58,-120],[58,-118],[58,-115],[58,-112],[57,-108],[57,-105],[57,-101],[56,-99]],[[50095,196280],[72,-4],[73,-2],[75,2],[78,4],[81,6],[82,8],[85,9],[85,10],[86,10],[86,11],[85,11],[85,10],[83,10],[82,9],[79,7]],[[51312,196381],[52,148],[49,162],[49,173],[47,179],[45,180],[44,172],[43,157],[42,141],[36,125],[26,113],[19,102],[17,96],[20,90],[24,88],[31,90],[41,93],[50,106],[57,118],[60,126],[64,128],[65,119],[64,105],[61,86],[56,71],[52,68],[51,75],[50,87],[49,101],[51,113],[52,122],[56,126],[60,123],[68,126],[72,130],[74,131],[72,136],[68,141],[60,146],[51,149],[42,152],[35,156],[29,155],[23,153],[19,147],[19,142],[21,139],[27,138],[36,133],[44,127],[49,122],[51,115],[52,112],[51,111],[49,113],[46,114],[48,100],[54,88]],[[47211,207766],[14,-145],[16,-153],[13,-158],[6,-156],[-2,-150],[-12,-141],[-20,-133],[-24,-127],[-22,-126],[-14,-131],[-2,-138],[6,-145],[10,-151],[15,-157],[17,-162],[20,-168],[21,-171],[18,-170],[13,-167],[6,-159],[3,-158],[2,-161],[1,-165],[-1,-167],[-2,-167],[-4,-166],[-5,-163],[-8,-160],[-11,-156],[-15,-151],[-22,-155],[-27,-163],[-28,-173],[-29,-178],[-29,-177],[-26,-172]],[[180441,206782],[42,-76],[67,-114],[66,-107],[65,-99],[62,-91],[62,-88],[62,-87],[62,-86],[61,-85],[60,-82],[56,-80],[54,-79],[51,-78],[51,-80],[51,-85],[55,-92],[58,-98],[62,-102],[67,-106],[70,-111],[75,-116],[77,-122],[77,-126],[77,-130],[73,-133],[71,-136],[66,-136],[62,-136],[63,-134],[63,-133],[60,-132],[58,-131],[54,-129],[51,-129],[47,-126],[46,-123],[45,-120],[45,-118],[47,-115],[51,-108],[56,-101],[58,-98],[59,-97],[58,-96],[57,-95],[55,-96],[53,-97],[50,-99],[47,-103],[45,-109]],[[183371,201432],[56,110],[56,109],[56,110],[55,111],[54,111],[54,113],[53,113],[52,114],[51,115],[50,115],[50,113],[51,110],[51,106],[53,102],[53,98],[54,96],[55,92],[57,89],[57,87],[59,86],[59,84],[60,84],[60,84],[60,86],[59,88],[59,92],[58,96],[56,101],[56,107],[53,110],[53,114],[52,117],[52,119],[50,121],[51,121],[52,123],[52,123],[54,123],[55,122],[57,122],[59,120],[61,119],[62,116],[63,112],[65,110],[66,104],[65,102],[65,99],[64,97],[62,96],[60,95],[58,94],[57,94],[54,93],[53,93],[51,93],[51,94],[50,94],[50,94],[51,96],[51,95]],[[186774,207779],[-18,94]],[[182290,211561],[-57,-2]],[[180619,212013],[196,-154],[106,-382],[438,-165],[143,-168],[108,-418],[202,-85],[98,-260],[48,-501],[134,-756],[52,-340],[-85,-524],[-134,-327],[-103,-294],[-167,-168],[-427,-439],[-295,-239],[-178,-163],[-314,152]],[[139822,200879],[41,80],[59,105],[62,92],[66,83],[69,77],[71,74],[74,73],[75,74],[76,77],[76,82],[76,86],[75,89],[74,93],[71,94],[69,94],[66,92],[62,90],[60,91],[59,95],[57,99],[55,100],[53,100],[51,100],[50,98],[48,95],[48,92],[46,89],[47,87],[47,85],[49,86],[50,89],[53,93],[57,101],[59,109],[64,118],[67,126],[70,130],[70,132],[71,130],[71,129],[71,124],[70,119],[68,114],[67,108],[65,102],[63,97],[62,94],[60,93],[59,95],[57,96],[57,99],[54,101],[55,103],[53,105],[55,104],[55,104],[57,103],[59,103],[62,102],[63,102],[67,100],[69,101],[72,101],[73,102],[74,101],[75,98],[74,95],[74,92]],[[143227,212219],[-272,-167],[-275,-5],[-570,183],[-204,162],[-683,80],[-244,-108],[-122,65],[-297,-44],[-37,-168],[-275,441],[-287,108],[-214,-10],[-305,-392],[-166,-467],[-160,-82],[-129,87],[-179,-299],[-140,-95],[-27,-297],[90,-217],[60,-704],[294,199],[-120,-601],[57,-328],[-82,-340],[129,-305],[-104,-239],[40,-524],[41,-338],[98,-978],[-56,-797],[-61,-273],[-97,-699],[4,-340],[-155,-1012],[-218,-624],[-79,-580],[-50,-702],[146,-77],[183,88],[4,232],[148,503],[114,77],[0,-31],[-130,-113],[-56,-222],[62,-310],[-95,-180],[-167,-54],[58,-256],[-19,-302],[250,220],[92,-323],[24,-392],[-81,-456],[55,-323],[175,-157],[70,216],[161,-7],[30,278],[-44,364],[180,165],[-27,217],[198,-31],[59,-56]],[[213652,208009],[41,-70],[54,-100],[49,-101],[45,-103],[42,-106],[42,-109],[41,-112],[43,-112],[45,-108],[48,-99],[49,-88],[48,-74],[48,-62],[47,-53],[48,-51],[50,-56],[53,-70],[57,-91],[63,-113],[72,-129],[79,-138],[81,-147],[80,-152],[77,-154],[73,-154],[68,-152],[63,-147],[60,-141],[56,-136],[52,-132],[49,-128],[46,-125],[46,-124],[47,-122],[52,-124],[56,-129],[62,-131],[69,-127],[70,-120],[70,-116],[64,-111]],[[215957,203392],[85,-12],[83,-11],[82,-12],[80,-12],[78,-15],[77,-20],[76,-25],[77,-30],[78,-33],[78,-35],[80,-35],[80,-36],[82,-35],[83,-33],[84,-30],[85,-26],[85,-22],[86,-19],[86,-19],[86,-17],[85,-17],[85,-17]],[[217758,202881],[54,110],[54,110],[54,110],[54,111],[53,112],[52,112],[52,113],[51,114],[51,116],[50,117],[49,119],[47,119],[47,119],[46,119],[45,119],[44,120],[43,120],[43,121],[43,121],[42,123],[41,123],[41,123],[42,125],[41,125],[41,126],[41,127],[42,127],[41,127],[41,126],[42,125],[41,124],[42,124],[43,122],[43,123],[43,121],[44,121],[45,121],[46,121],[46,120],[46,121],[47,121],[47,122],[48,122],[47,126],[48,128],[48,131],[48,133],[49,135],[49,135],[50,136],[50,136],[51,135],[53,134],[52,132],[53,129],[53,127],[53,124],[54,119],[55,115],[55,112],[55,112],[56,112]],[[216731,216856],[-5,-21]],[[215331,215836],[-61,-29]],[[213655,208011],[-3,-2]],[[250019,202433],[5,-27],[24,-150],[24,-158],[2,-17]],[[250074,202081],[173,58],[-2,302],[143,-51],[265,368],[-7,129],[238,462],[520,586],[146,-36],[201,299],[148,-34],[29,194],[311,-142],[184,149],[129,253],[13,219],[55,-588],[106,-15],[103,-426],[164,189],[148,-240],[206,-176],[142,119],[-90,-245],[76,-333],[-128,-340],[-122,-759],[105,-214],[221,31],[92,-139],[1,-6]],[[253644,201695],[3,2],[73,56],[73,58],[73,58],[74,61],[74,61],[75,64],[76,64],[76,67],[76,68],[76,69],[77,70],[76,72],[77,72],[76,72],[77,73],[76,73],[76,73],[75,74],[76,74],[58,58]],[[255137,203034],[45,305],[116,407],[-37,333],[86,170],[211,152],[114,323],[251,-18],[46,131],[260,230],[-13,261],[224,200]],[[250093,206578],[92,-110],[237,-18],[169,-194],[212,-542],[-166,-397],[-14,-188],[-268,-671],[-205,-126],[-59,-250],[-20,-521],[93,-318],[105,-601],[-250,-209]],[[250798,198996],[29,-77],[43,-114]],[[250870,198805],[52,64]],[[250922,198869],[-124,127]],[[253070,201257],[9,7],[70,55],[71,55],[71,53],[70,54],[71,53],[72,54],[71,54],[42,32]],[[253617,201674],[-112,135],[-175,-77],[-174,-219],[-86,-256]],[[174120,196308],[4,-11],[170,-181],[198,-154],[123,175],[513,96],[459,402],[-1,170],[166,390],[238,384],[187,116],[131,-206],[360,-382],[142,144],[81,271],[169,83],[105,204],[114,90],[108,-237],[0,-195]],[[177387,197467],[23,140],[24,143],[23,142],[22,141],[22,141],[21,141],[21,144],[19,147],[17,153],[15,157],[14,163],[13,168],[12,172],[13,175],[12,176],[13,177],[14,176],[15,172],[16,169],[17,163],[20,155],[23,148],[25,142],[26,138],[28,135],[29,133],[29,134],[30,135],[28,138],[27,143],[26,149],[22,156],[20,166],[20,177],[19,185],[20,192],[20,198],[20,200],[20,201],[20,199],[20,195],[20,188],[20,180],[21,169],[20,155],[19,142],[19,131],[19,123],[17,116],[18,111],[17,108],[16,106],[16,107],[15,109],[15,112],[15,118],[15,125],[14,133],[11,137],[10,140],[8,142],[7,143],[6,139]],[[178563,206980],[-61,-82],[-203,235],[-96,0],[-141,323],[-317,180],[-145,-304],[-264,479],[-11,362],[-193,185],[-233,-167],[-108,15],[-231,261],[-108,338],[7,245],[-349,-176],[-410,31],[-755,134],[-454,-363],[-157,-39],[-295,-253],[-116,-271],[-403,-443],[-215,-168],[-55,-351],[-68,-34]],[[173182,207117],[-1,-15],[-4,-126],[-2,-131],[-1,-138],[3,-144],[6,-149],[10,-152],[15,-152],[18,-151],[21,-149],[23,-145],[25,-140],[27,-135],[29,-131],[29,-129],[30,-128],[28,-131],[26,-135],[23,-143],[20,-152],[17,-156],[15,-156],[15,-157],[15,-159],[14,-162],[16,-168],[17,-174],[17,-179],[20,-185],[21,-190],[23,-193],[25,-193],[26,-192],[27,-192],[28,-190],[30,-187],[30,-182],[30,-178],[31,-172],[29,-169],[29,-166],[27,-165],[24,-164],[21,-165],[16,-165],[10,-163],[5,-160],[1,-157],[-1,-153],[0,-150],[1,-146],[4,-143],[7,-139],[10,-135],[13,-134],[14,-130],[15,-129],[12,-128],[9,-131],[6,-133],[2,-137],[-3,-140],[-6,-143],[-9,-146],[-10,-145],[-10,-145],[-8,-143],[-6,-137],[-2,-133],[-1,-128],[-1,-126],[-2,-120]],[[177144,196198],[33,26]],[[177177,196224],[29,159],[27,159],[26,159],[26,156],[26,155],[25,152],[1,3]],[[177337,197167],[-79,-104],[-213,-456],[99,-409]],[[175199,217977],[64,-470],[-652,-541],[-353,-431],[-16,-255],[338,15],[304,-428],[127,64],[129,-206],[52,-335],[-43,-178],[-21,-320],[-145,-323],[303,-343],[192,-31],[323,364],[112,390],[254,191],[210,33],[326,359],[131,250],[256,-276],[173,126],[152,-82],[184,123],[-19,356],[164,398],[-269,134],[-135,-18],[-98,-214],[-197,98],[-83,-184],[-183,-69],[-129,162],[-280,782]],[[226130,203943],[47,-146],[48,-142],[47,-134],[45,-123],[44,-110],[43,-101],[45,-102],[51,-107],[52,-113],[53,-123],[53,-130],[55,-136],[56,-139],[58,-137],[58,-130],[59,-119],[60,-111],[61,-112],[61,-115],[60,-123],[58,-130],[55,-137],[53,-139],[51,-134],[50,-120],[48,-108],[47,-99],[46,-94],[46,-87],[48,-83],[49,-81],[51,-81],[54,-84],[61,-83],[72,-77],[80,-76],[84,-80],[85,-89],[83,-98],[79,-106],[72,-110],[63,-109],[57,-105],[54,-103],[52,-100],[51,-98],[50,-99],[48,-100]],[[228833,198680],[73,37],[74,36],[74,35],[74,33],[75,33],[74,36],[73,41],[74,45],[74,48],[74,51],[75,52],[75,54],[75,53],[77,54],[77,53],[77,51],[78,49],[79,47],[79,43],[80,40],[81,35],[82,32],[83,28],[84,25],[84,24],[84,22],[85,21],[84,20],[84,21],[84,22],[83,23],[82,25],[81,28],[80,30],[78,34],[78,33]],[[231661,199994],[-6,130],[-7,131],[-7,137],[-7,144],[-5,149],[-5,155],[-4,157],[-3,153],[-3,144],[-2,133],[0,125],[2,121],[5,124],[9,135],[12,152],[16,170],[19,188],[22,202],[24,207],[25,204],[23,198],[20,187],[15,174],[11,163],[9,152],[7,144],[3,142],[0,141],[-5,141],[-6,141],[-8,136],[-8,132],[-3,129],[1,126],[6,123],[10,122],[10,120],[10,123],[9,132],[10,143],[8,152],[6,159],[5,159],[3,155],[0,147],[-4,138],[-8,131],[-9,126],[-8,126],[-7,135],[-7,149],[-5,165],[-3,180],[0,191],[3,191],[3,185],[6,176],[7,166],[9,155],[9,146],[9,142],[7,147],[9,151],[8,156],[8,162],[8,167],[8,171],[12,171],[11,119]],[[231948,210442],[-22,5]],[[231467,210290],[-123,-72]],[[228435,211425],[-25,39]],[[42851,196054],[16,26],[60,82],[66,72],[70,71],[73,74],[71,82],[71,90],[70,99],[71,102],[73,102],[76,99],[79,93],[81,78],[80,65],[81,58],[82,57],[81,63],[81,73],[78,86],[74,101],[67,109],[58,109],[54,105],[53,99],[54,92],[57,87],[64,84],[71,79],[76,71],[81,67],[82,64],[82,65],[81,71],[78,78],[73,88],[69,96],[67,105],[63,114],[57,121],[54,125],[50,125],[50,118],[52,107],[54,95],[57,84],[59,72],[58,65],[57,66],[51,74],[44,89],[37,109],[32,121],[31,130],[30,134],[32,134],[36,132],[41,125],[47,115],[51,101],[53,85],[54,71],[57,61],[60,54],[63,55],[67,67],[70,85],[80,95],[90,101]],[[40656,208380],[65,-445],[6,-67],[20,-113],[-25,-129],[-5,-142],[0,-31],[-22,-248],[-9,-93],[-1,-92],[11,-86],[12,-90],[-61,-454],[-14,-54],[-3,-88],[-10,-90],[-54,-3],[-32,-141],[-1,-21],[-41,-206],[-16,-39],[-23,-155],[6,-98],[4,-103],[13,-95],[16,-98],[213,-341],[22,-85],[21,-88],[27,-80],[19,-93],[34,-61],[41,-37],[18,-38],[40,-111],[71,-627],[-47,-431],[116,-696],[33,-387],[339,-740],[52,-78],[54,-54],[83,-260],[12,-49],[36,-96],[7,-131],[-2,-132],[23,-121],[17,-119],[44,-67],[31,-88],[43,-62],[44,-56],[41,-54],[46,-26],[27,-39],[19,-28],[42,-52],[10,77],[7,75],[11,70],[10,82],[-2,78],[2,80],[-8,82],[6,80],[44,24],[31,79],[33,-61],[37,-52],[33,-34],[44,-59],[-57,-72],[-20,-13],[-37,-44],[-33,-62],[161,-645],[18,-116],[36,-93],[-46,31],[-46,-10],[-6,-2],[-84,15],[-54,480],[-41,-36],[-38,-34],[-11,-134],[7,-137],[-12,-139],[12,-134],[21,-103],[19,-101],[34,-82],[26,-86],[-8,-90],[1,-90],[0,-90],[4,-93],[215,-475],[183,8],[126,-382],[-21,-258],[-35,-95],[-35,-96],[-21,-118],[-20,-119],[10,-101],[1,-2],[23,-75],[7,-101],[2,-105],[34,-70],[19,-101],[19,-56],[47,-73],[46,-77],[29,-36],[60,-127]],[[191412,207852],[149,-193],[32,293]],[[192495,198830],[228,-39],[49,62],[50,58],[51,47],[53,36],[56,23],[57,15],[57,10],[141,180],[-8,115],[0,111],[13,104],[26,97],[34,94],[31,87],[34,80],[38,72],[41,64],[44,57],[45,55],[47,65],[48,62],[49,58],[51,51],[52,48],[49,12],[50,17],[49,19],[49,17],[49,13],[226,-117],[164,44],[34,101],[39,90],[45,74],[52,59],[54,53],[51,15],[51,11],[52,6],[51,2],[52,-1],[52,-42],[53,-40],[53,-37],[53,-35],[54,-34],[81,168],[67,10],[108,-400],[3,-247],[55,-19],[55,-21],[55,-24],[54,-28],[53,-31],[54,-32],[48,-33],[49,-33],[48,-33],[49,-32],[48,-32],[48,-34],[48,-37],[47,-42],[24,-199],[141,-103],[117,124],[159,-103]],[[196575,199488],[129,52]],[[196704,199540],[12,60],[31,152],[31,153],[32,150],[32,149],[34,147],[34,143],[36,140],[38,136],[40,132],[39,126],[37,123],[35,120],[35,118],[34,116],[33,115],[34,116],[34,116],[35,118],[36,120],[38,122],[40,126],[41,128],[42,128],[42,125],[42,122],[41,122],[41,121],[41,121],[40,124],[41,125],[40,129],[39,132],[40,136],[39,140],[38,144],[40,145],[41,149],[42,150],[43,151],[44,152],[44,151],[44,149],[44,148],[42,145],[42,143],[40,140],[38,137],[37,134],[34,131]],[[192548,208585],[42,-178],[14,-446],[231,-410],[245,-320],[135,-503],[-100,-263],[-534,-395],[-250,-82],[-148,304],[-376,18],[-124,526],[-193,-1158],[-34,-456],[37,-483],[125,-219],[241,98],[102,-118],[124,121],[115,-96],[-118,-410],[88,-289],[155,-193],[-118,-160],[-189,144],[-154,-46],[-68,-271],[250,-155],[163,29],[142,-612],[106,-59],[94,-276],[-130,-810],[27,-701],[-46,-382],[19,-617],[74,-887]],[[203262,203709],[34,-149],[37,-146],[39,-145],[42,-147],[43,-150],[43,-153],[42,-153],[39,-153],[37,-149],[32,-145],[24,-140],[14,-133],[7,-126],[3,-127],[2,-132],[4,-141],[7,-153],[10,-165],[15,-174],[17,-180],[19,-181],[17,-178],[15,-169],[14,-162],[14,-155],[13,-151],[13,-146],[13,-145],[12,-144],[11,-143],[11,-144],[12,-145],[13,-147],[14,-147],[1,-13]],[[203945,198578],[122,105]],[[204067,198683],[45,-63],[47,-54],[49,-39],[53,-20],[55,-5],[16,-104],[18,-101],[22,-93],[30,-84],[36,-73],[42,-63],[47,-57],[47,51],[46,55],[42,65],[38,73],[34,82],[33,87],[61,-4],[61,0],[59,8],[58,19],[55,31],[53,44],[52,54],[50,62],[49,68],[49,69],[49,67],[96,-292],[162,-118],[115,260],[-52,436],[128,328],[49,-40],[50,-33],[50,-22],[50,-12],[51,-2],[52,4],[51,9],[52,11],[127,-21],[107,351],[-101,412],[116,233],[157,301],[98,444],[141,235],[182,62],[36,-83],[38,-78],[40,-72],[43,-62],[47,-53],[50,-42],[52,-36],[23,-162],[-39,-78],[-32,-82],[-23,-90],[-10,-98],[0,-105],[6,-110],[79,-116],[130,111],[94,-103],[-36,-92],[-31,-94],[-22,-99],[-13,-104],[-4,-109],[4,-112],[7,-115],[-23,-109],[-15,-109],[-6,-109],[6,-110],[14,-111],[17,-110],[-45,-425],[9,-108],[11,-105],[14,-104],[17,-101],[21,-98],[25,-94],[29,-92],[30,-90],[184,-3],[37,74],[37,73],[38,70],[39,67],[41,64],[42,61],[43,58],[43,57],[43,57],[49,16],[49,14],[49,15],[49,16],[49,19],[49,22],[48,24],[87,353],[44,43],[44,44],[44,45],[43,47],[43,48],[43,49],[180,320],[178,39],[232,-108],[37,-436],[47,58],[49,53],[50,41],[52,29],[54,20],[55,15],[53,153],[53,11],[53,4],[54,-3],[53,-8],[53,-10],[53,-6],[53,1],[39,-71],[40,-71],[40,-70],[40,-70],[40,-69]],[[210382,198600],[49,33],[46,39],[41,51],[36,66],[31,81],[27,89],[-39,73],[-39,71],[-39,72],[-39,73],[-37,75],[-37,77],[60,359],[-65,165],[5,322],[-84,201],[-23,454],[59,209],[-54,274],[-56,39],[-54,43],[-54,47],[-53,51],[-53,54],[-52,54],[-52,55],[-166,5],[-159,-276],[-8,57],[-19,232],[38,227],[60,196],[26,224],[19,240],[7,227],[11,255],[29,214],[23,240],[-18,220],[-17,229],[-7,227],[-12,217],[-35,214],[-10,101],[51,58],[52,38],[54,12],[55,-8],[57,-18],[28,99],[31,90],[37,79],[42,67],[47,57],[49,51],[50,50],[111,371],[52,-17],[52,-23],[51,-26]],[[210487,205656],[42,-22]],[[236438,208633],[5,-32],[18,-160],[11,-164],[7,-166],[8,-165],[7,-170],[7,-176],[6,-186],[6,-196],[4,-203],[3,-206],[2,-204],[2,-193],[0,-174],[-2,-155],[-3,-138],[-4,-134],[-3,-130],[-1,-130],[2,-133],[5,-138],[8,-147],[13,-155],[19,-161],[26,-165],[32,-166],[35,-167],[36,-164],[33,-156],[25,-144],[19,-134],[12,-126],[10,-124],[11,-127],[13,-135],[15,-146],[16,-155],[16,-165],[12,-171],[4,-175],[-6,-182],[-14,-199],[-19,-209],[-23,-210],[-24,-203]],[[236787,201394],[41,-113],[40,-103],[42,-93],[43,-86],[45,-81],[52,-91],[60,-102],[68,-112],[74,-118],[77,-120],[77,-117],[74,-109],[66,-96],[57,-75],[49,-56],[42,-40],[38,-34],[39,-34],[41,-42],[47,-51],[53,-65],[59,-75],[65,-87],[68,-93],[69,-97],[69,-96],[67,-93],[64,-88],[60,-78],[55,-67],[52,-51],[48,-35]],[[238588,198796],[61,98],[62,98],[62,97],[63,96],[64,95],[64,93],[65,93],[65,91],[65,90],[65,90],[66,88],[66,87],[66,86],[65,86],[66,86],[65,85],[65,85],[64,85],[64,86],[63,86],[64,87],[63,86],[63,87],[63,85],[62,86],[63,85],[62,84],[63,84],[62,83],[63,82],[63,82],[63,81],[63,80],[64,79],[64,79],[64,79],[65,78],[66,77],[66,80],[67,82],[68,85],[68,87],[69,89],[70,91],[70,92],[71,95],[71,95],[71,97],[72,98],[72,98],[72,99],[72,99],[72,99],[72,98],[71,97],[70,96],[69,95]],[[240654,210646],[-36,-35]],[[236486,208682],[-48,-49]],[[231661,199994],[74,-58],[73,-61],[70,-63],[68,-66],[65,-69],[63,-73],[62,-79],[63,-89],[58,-103],[50,-120],[44,-135],[41,-145],[40,-152],[43,-153],[48,-150],[57,-142],[68,-133],[77,-123],[84,-115],[88,-113],[87,-112],[86,-114],[81,-115],[75,-117]],[[233226,197394],[68,70],[67,70],[67,70],[68,70],[66,70],[67,69],[66,68],[67,67],[66,66],[67,65],[67,65],[67,63],[66,64],[66,64],[66,66],[65,66],[65,68],[64,69],[64,71],[63,72],[63,73],[63,76],[62,76],[62,78],[62,78],[61,80],[62,80],[62,80],[61,81],[62,82],[63,81],[62,82],[64,82],[63,81],[65,81],[66,81],[66,80],[68,79],[69,80],[70,82],[71,83],[71,84],[73,84],[73,85],[74,85],[75,84],[74,83],[75,82],[76,81],[75,79],[75,76],[76,75],[75,73]],[[236438,208633],[-2,-2]],[[231986,210433],[-38,9]],[[173182,207117],[-263,-128],[-450,201],[-127,85],[-123,-145],[-216,21],[-547,181],[-92,-57],[-88,-513],[194,-220],[148,-227],[0,-175],[-380,-101],[-156,-209],[152,-193],[-19,-209],[-149,85],[-489,-10],[-223,-65],[19,276],[-178,83],[97,-351],[-253,-126],[-205,126],[-29,170],[-175,-2],[-73,-121],[-236,20],[-200,-423],[-74,-36],[-96,-379],[-124,-175],[0,-1045],[440,193],[191,73],[22,-204],[-211,-387],[88,-315],[91,-206],[-66,-271],[175,-168],[-247,-330],[192,-621],[-155,-147],[-131,103],[14,224],[-106,292],[-131,-73],[106,-544],[-182,-183],[295,-392],[128,247],[88,-392],[82,49],[236,-159],[21,-215],[-56,-1153],[181,106],[-4,-191],[186,-108],[-52,-310],[-217,-23],[-38,-345],[448,62],[172,98],[48,-204],[0,-483],[59,-245],[267,485],[154,-219],[422,-129],[22,-557],[118,-263],[344,-317],[407,232],[99,118],[153,-154],[33,353],[79,286],[0,545],[103,239],[554,-185],[61,-98],[524,-462],[286,-799]],[[168732,206238],[33,-281],[183,-21],[413,134],[5,145],[128,-26],[25,-348],[180,157],[212,449],[80,335],[183,52],[179,-96],[195,243],[18,598],[-34,294],[42,101],[-201,624],[44,333]],[[169590,209173],[-180,-242]],[[57809,200555],[44,-196],[41,-192],[34,-189],[25,-184],[14,-176],[5,-166],[-3,-160],[-8,-155],[-8,-148],[-7,-140],[-4,-132],[-1,-124],[2,-117],[4,-112],[3,-108],[4,-101],[4,-94],[5,-91],[6,-90],[6,-93],[7,-96],[10,-101],[13,-109],[15,-120],[18,-130],[19,-141],[20,-148],[19,-152],[18,-153],[15,-152],[14,-152],[12,-150],[12,-148],[13,-147],[14,-147],[17,-146],[19,-143],[23,-141],[25,-142],[26,-141],[25,-140]],[[58329,194888],[67,-51],[69,-51],[68,-51],[69,-50],[70,-51],[71,-50],[70,-49],[71,-49],[70,-48],[71,-46],[69,-47],[70,-48],[70,-50],[70,-54],[70,-58],[70,-60],[69,-64],[68,-68],[68,-70],[67,-72],[66,-75],[66,-76],[65,-76],[65,-77],[64,-77],[64,-75],[64,-72],[63,-70],[64,-66],[63,-62],[64,-56],[63,-52],[63,-50],[64,-47],[63,-45],[64,-43],[64,-42],[65,-41],[64,-40],[66,-40],[65,-41],[66,-41],[67,-42],[67,-43],[68,-44],[67,-46],[68,-47],[69,-49],[68,-50],[68,-51]],[[61673,192165],[60,87],[59,84],[59,84],[58,86],[60,88],[60,90],[61,89],[63,86],[64,80],[66,72],[65,64],[61,61],[57,57],[56,55],[56,50],[56,48],[60,44],[63,41],[69,38],[75,35],[82,34],[87,35],[91,37],[90,41],[89,45],[86,50],[81,55],[74,58]],[[63581,193859],[0,154],[-4,154],[-7,156],[-9,160],[-10,159],[-9,158],[-6,150],[-3,141],[4,130],[11,123],[18,118],[23,114],[23,113],[20,113],[12,118],[2,128],[-9,140],[-18,151],[-22,160],[-20,164],[-16,166],[-9,168],[-3,169],[4,170],[6,173],[9,177],[8,183],[8,189],[6,191],[5,190],[2,183],[-1,172],[-3,157],[-7,144],[-9,133],[-11,128],[-11,130],[-7,138],[-3,151],[1,165],[6,176],[8,185],[10,188],[10,181],[8,166],[7,151],[3,139],[2,132],[0,132],[-1,138],[-2,149],[-3,158],[-4,166],[-7,167],[-9,163],[-14,161],[-20,157],[-23,153],[-27,151],[-28,153],[-28,159],[-25,165],[-21,172],[-16,177]],[[69464,195207],[48,-87],[46,-88],[45,-91],[44,-90],[43,-91],[41,-91],[42,-91]],[[69773,194578],[65,-19],[65,-20],[64,-22],[64,-22],[64,-23],[65,-22],[66,-22],[67,-20],[70,-19],[71,-17],[74,-15],[75,-17],[76,-20],[76,-23],[77,-25],[77,-27],[78,-28],[77,-29],[78,-28],[78,-28],[77,-27],[77,-26],[76,-25],[75,-23],[75,-22],[74,-23],[75,-26],[75,-31],[76,-33],[75,-36],[76,-38],[75,-40],[75,-40],[75,-40],[74,-39],[75,-38],[73,-36],[74,-33],[74,-29],[73,-23],[74,-15],[75,-8],[76,-2],[77,2],[78,4],[78,7],[79,6],[78,6],[79,4],[79,0],[78,-4],[77,-10],[76,-16]],[[73703,193478],[57,90],[58,79],[60,67],[60,56],[60,45],[58,36],[56,30],[53,28],[51,31],[48,43],[49,51],[52,55],[57,58],[61,61],[64,64],[66,68],[67,71],[66,75],[63,80],[59,84],[56,89],[56,92],[56,92],[57,91],[61,86],[65,84],[67,80],[69,82],[70,88]],[[75425,195434],[23,172],[19,180],[12,185],[7,189],[1,192],[-2,194],[-2,196],[-2,191],[1,180],[6,169],[12,156],[16,147],[22,143],[26,140],[31,137],[33,135],[35,135],[36,136],[36,141],[35,147],[32,152],[25,160],[18,164],[12,168],[7,168],[3,165],[-2,155],[-6,145],[-8,134],[-10,126],[-10,124],[-9,132],[-7,146],[-5,162],[-1,177],[1,186],[2,190],[3,184],[4,173],[5,160],[5,145]],[[69374,200402],[-3,-146],[-4,-150],[-3,-151],[-2,-152],[1,-150],[3,-148],[6,-147],[8,-146],[10,-145],[11,-142],[12,-134],[16,-132],[18,-138],[19,-144],[17,-152],[13,-160],[8,-167],[2,-173],[-3,-178],[-5,-181],[-7,-182],[-7,-179],[-7,-175],[-8,-165],[-11,-159],[-12,-153],[-11,-149],[-7,-144],[-3,-142],[3,-139],[7,-140],[10,-140],[10,-144],[9,-148]],[[63581,193859],[73,-62],[72,-61],[70,-62],[70,-64],[69,-64],[68,-66],[68,-67],[68,-69],[68,-72],[68,-73],[68,-75],[67,-76],[67,-76],[67,-76],[66,-76],[65,-74],[65,-72],[64,-70],[64,-67],[64,-65],[63,-61],[63,-58],[63,-55],[62,-52],[62,-50],[60,-49],[60,-47],[60,-47],[58,-47],[58,-46],[58,-47],[56,-48]],[[65655,191865],[67,37],[68,40],[68,40],[71,42],[72,39],[75,36],[77,35],[77,42],[77,50],[76,55],[74,62],[74,66],[73,68],[71,67],[71,65],[70,58],[68,44],[67,30],[64,21],[63,17],[61,17],[60,21],[58,29],[56,41],[55,56],[54,72],[49,86],[46,94],[46,101],[47,103],[49,102],[52,98],[56,91],[60,81],[63,70],[64,62],[63,62],[62,65],[61,66],[61,68],[63,69],[64,70],[65,72],[69,70],[73,67],[79,65],[84,65],[89,64],[91,63],[93,62],[93,63],[90,63],[86,64],[82,64],[74,65],[68,57]],[[139822,200879],[165,-156],[131,-23],[205,286],[135,-317],[141,34],[-54,-382],[-215,-170],[-133,-431],[-79,-475],[88,-732],[327,23],[237,-227],[351,-426],[92,-7],[-171,-331],[34,-250],[133,-121],[14,-392],[159,-462],[96,-13],[271,-387],[209,292],[18,0],[68,351],[61,240],[233,219],[157,-39],[175,191],[77,286],[320,78],[241,-31],[304,-78],[248,104],[170,12],[143,-141],[153,268],[184,67],[137,-219],[117,85],[145,363],[71,573],[147,377],[137,124],[134,270],[335,-20],[192,154],[-123,212],[71,284],[91,302],[45,417],[241,632],[201,145],[62,185],[216,297],[-226,281],[-155,423],[-76,537],[-17,410],[111,426]],[[217758,202881],[47,-113],[44,-113],[41,-114],[44,-115],[48,-117],[52,-120],[56,-121],[55,-123],[53,-123],[50,-124],[45,-124],[41,-123],[37,-122],[35,-121],[32,-126],[32,-131],[33,-137],[34,-140],[35,-142],[35,-141],[33,-139],[32,-136],[31,-131],[31,-123],[32,-115],[30,-107],[29,-102],[27,-99],[26,-97],[25,-100],[27,-107],[29,-117],[34,-131],[40,-145],[46,-155],[49,-165],[52,-169],[52,-168],[54,-162],[54,-153],[52,-141]],[[219392,197629],[77,10],[77,17],[78,24],[78,30],[79,34],[80,37],[81,38],[80,39],[81,38],[81,35],[81,31],[80,26],[79,18],[78,10],[78,-1],[76,-10],[76,-19],[76,-24],[75,-28],[74,-30],[74,-31],[73,-30],[74,-26],[73,-21],[75,-13],[74,-4],[76,7],[78,9],[80,10],[82,11],[83,11],[84,11],[84,12],[84,10],[84,10],[83,10],[81,8],[78,7],[76,6],[73,7],[71,14],[68,22],[67,27],[65,31]],[[222797,198002],[44,122],[44,121],[43,121],[42,126],[41,134],[40,139],[39,145],[38,151],[37,154],[37,158],[38,161],[37,162],[38,161],[39,161],[39,157],[41,155],[43,149],[43,144],[43,139],[43,135],[43,132],[43,131],[43,131],[44,131],[44,134],[45,136],[46,141],[46,144],[46,150],[48,155],[47,159],[48,165],[48,168],[47,170],[45,169],[45,169],[42,167],[41,165],[40,161],[39,157]],[[75425,195434],[52,-98],[53,-96],[53,-95],[54,-95],[55,-94],[56,-93],[56,-93],[58,-92],[60,-92],[60,-93],[60,-91],[59,-89],[59,-88],[58,-85],[58,-85],[57,-83],[57,-83],[56,-82],[56,-81],[55,-81],[56,-80],[55,-81],[54,-80],[55,-79],[55,-80],[56,-81],[56,-80],[57,-81],[58,-81],[60,-81],[60,-82],[60,-83],[61,-85],[61,-85],[61,-87],[62,-87],[62,-89],[62,-90],[63,-91],[63,-91],[64,-92],[64,-93],[65,-93],[65,-93],[67,-94],[67,-94],[67,-94],[68,-93],[68,-94],[68,-94],[69,-98],[70,-100],[71,-102],[70,-103],[70,-104],[70,-104],[68,-104],[67,-103],[66,-103],[16,-24]],[[79034,190092],[22,190],[43,111],[43,129],[46,111],[34,139],[41,62],[5,15],[58,98],[12,8],[43,62],[24,62],[8,21],[40,64],[37,75],[41,51],[277,96],[46,-34],[44,-31],[40,18],[56,-28],[105,142],[65,549],[57,127],[10,15],[45,23],[37,57],[26,88],[20,100],[34,70],[26,96],[44,20],[41,-8],[36,60],[40,38],[21,93],[31,75],[39,44],[36,67],[257,194],[80,-13],[22,-16],[17,8],[83,-13],[68,23],[65,75],[145,286],[-63,73],[-28,51],[-45,57],[-50,31],[-9,276],[102,611],[57,-82],[61,-47],[65,-23],[64,26],[213,505],[65,16],[61,54],[27,475],[-114,335],[-72,36],[-43,-26],[-67,5],[-35,31],[-73,-20],[-163,-119],[-295,18],[40,237],[137,-92],[96,154],[185,44],[150,186],[132,-62],[0,137],[-4,136],[-20,124],[-19,129],[-26,88],[-10,103],[-12,23],[29,44],[25,65],[-48,0],[2,345],[28,-8],[2,-90],[1,-88],[25,-72],[12,-87],[23,0],[-8,108],[-10,103],[4,114],[-8,103],[-28,80],[-25,93],[-17,95],[-24,93],[-235,106],[11,103],[-3,103],[-14,101],[-19,98],[-30,141],[-38,129],[115,385],[-41,105],[-54,55],[58,521]],[[81830,199418],[-13,-106],[-2,-113],[3,-36],[5,-292],[53,106],[20,72],[23,60],[62,82],[35,52]],[[51312,196381],[44,-124],[42,-124],[42,-124],[41,-123],[41,-122],[41,-122],[41,-121],[42,-121],[41,-121],[43,-121],[43,-122],[43,-124],[43,-124],[41,-123],[39,-124],[38,-124],[37,-125],[35,-126],[35,-127],[35,-128],[35,-130],[36,-132],[36,-134],[38,-135],[39,-137],[40,-137],[42,-138],[43,-137],[44,-136],[45,-136],[46,-135],[47,-135],[46,-135],[48,-134],[47,-134],[48,-135],[48,-135],[47,-136],[47,-136],[47,-138],[46,-138],[45,-140],[46,-142],[47,-146],[49,-148],[50,-150]],[[53271,190342],[72,-1],[72,3],[71,7],[70,11],[69,13],[69,16],[68,17],[68,19],[67,20],[68,21],[68,20],[68,20],[68,19],[70,17],[70,16],[73,15],[76,17],[80,18],[82,18],[84,19],[84,18],[85,17],[84,17],[83,15],[81,12],[78,11],[75,7],[71,5],[68,6],[66,8],[63,7],[63,8],[62,6],[62,7],[63,5],[64,5],[66,3],[68,0],[71,-2],[74,-5],[76,-11],[75,-17]],[[56286,190769],[52,88],[55,85],[59,83],[61,84],[63,86],[65,91],[66,98],[68,104],[68,92],[67,84],[65,79],[61,81],[58,86],[54,94],[52,104],[54,115],[57,126],[59,138],[59,146],[60,153],[58,154],[57,151],[56,142],[54,132],[50,122],[48,127],[47,131],[46,133],[46,132],[46,129],[47,124],[48,118],[50,113],[50,107],[48,100],[46,95],[43,92]],[[210382,198600],[-57,-28],[-58,-16],[-58,-2],[-57,9],[-58,11],[-58,6],[-101,-163],[145,-281]],[[210080,198136],[103,75],[209,-206],[165,62],[216,-171],[50,-358],[137,41],[192,-173],[32,-97],[31,-98],[29,-99],[29,-102],[27,-102],[14,-97],[10,-98],[6,-99],[2,-100],[-1,-101],[-95,-291],[140,-240],[85,-395],[36,10],[51,24],[51,25],[52,23],[52,19],[52,15],[52,11],[2,-238],[180,-229],[47,-40],[46,-42],[46,-41],[47,-43],[46,-42],[46,-43],[53,-25],[52,-27],[52,-29],[52,-33],[51,-33],[216,-28],[119,85]],[[212862,194806],[44,-82]],[[212906,194724],[35,108],[44,128],[43,123],[45,119],[44,115],[45,112],[45,110],[46,108],[45,107],[46,106],[46,108],[45,109],[46,112],[45,115],[45,120],[45,124],[43,127],[42,128],[42,128],[40,130],[40,130],[39,130],[39,131],[39,132],[39,131],[39,132],[40,131],[40,131],[41,130],[43,129],[43,129],[45,128],[46,128],[47,128],[48,128],[50,128],[50,128],[51,127],[51,128],[51,128],[51,128],[50,128],[50,129],[48,130],[48,130],[45,134],[44,137],[42,140],[41,142],[40,144],[40,144],[41,144],[40,144],[42,142],[42,141],[44,138],[45,136],[47,133],[48,130],[50,128],[50,127],[51,127],[51,127],[50,128],[50,128],[49,128],[47,128],[47,129]],[[213652,208009],[-52,-35]],[[210538,205629],[-51,27]],[[42851,196054],[88,-185],[8,-106],[18,-100],[166,-485],[84,-60],[17,-129],[37,-105],[38,-88],[47,-65],[55,-74],[62,-42],[-28,-338],[54,-80],[25,-10],[69,-80],[14,-23],[56,-54],[-19,-119],[-2,-129],[-7,-134],[7,-119],[13,-118],[2,-116],[21,-101],[23,-103],[-19,-129],[-19,-132],[56,-113],[14,-49],[33,-49],[44,-85],[290,46],[49,-75],[53,-59],[56,-31],[57,18],[55,-31],[59,0],[57,26],[54,41],[297,-361],[22,-119],[23,-123],[38,-80],[50,-47],[53,-23],[50,-26],[48,-46],[43,-8],[39,-44],[45,11],[39,25],[10,11],[160,-11],[32,-111],[21,-129],[40,-100],[38,-96],[253,-232],[498,-861],[92,-287],[20,-95],[46,-108],[8,-127],[18,-118],[10,-124],[21,-119],[-4,-402],[23,-101],[24,-108],[33,-80],[32,-77],[-2,0],[47,-280]],[[46705,188073],[28,90],[37,124],[33,120],[35,118],[39,115],[45,112],[51,111],[56,106],[60,101],[60,97],[55,98],[51,97],[47,100],[45,104],[47,107],[51,111],[55,113],[59,116],[59,120],[60,123],[62,124],[64,123],[66,120],[66,118],[63,118],[57,121],[49,119],[39,103],[33,97],[32,99],[34,110],[40,126],[46,145],[50,164],[48,173],[42,170],[36,166],[34,158],[34,150],[36,143],[42,139],[50,138],[58,126],[67,104],[71,93],[72,91],[70,99],[66,115],[59,132],[54,144],[50,144],[48,126],[49,105],[50,85],[50,71],[50,65],[47,72],[44,90],[38,116],[33,137],[32,146],[31,144],[33,133],[36,116],[38,97],[38,81],[35,71],[33,68],[33,71],[33,77],[36,86],[40,95]],[[196704,199540],[13,5]],[[196717,199545],[153,-99],[143,-224],[113,-59],[22,-374],[118,-287],[56,-2],[54,-9],[53,-18],[49,-32],[47,-45],[45,-57],[43,-65],[43,-68],[43,-65],[35,-89],[32,-91],[32,-94],[30,-95],[31,-94],[31,-94],[31,-95],[29,-96],[28,-98],[57,15],[56,12],[57,6],[56,2],[57,-3],[57,-6],[56,-6],[57,-4],[57,-1],[56,3],[57,8],[98,-147],[-24,-387],[14,-102],[13,-102],[11,-103],[8,-105],[6,-105],[5,-105],[-41,-245],[59,-281],[4,-112],[3,-113],[3,-112],[3,-113],[4,-112]],[[198767,195077],[124,-150]],[[198891,194927],[101,-214],[226,-77],[201,18],[156,-253],[52,-3],[51,-6],[50,-14],[49,-24],[48,-37],[46,-47],[45,-55],[178,233],[41,54],[41,52],[43,48],[44,42],[45,38],[-3,398],[94,214],[-53,314],[193,-5],[43,42],[44,42],[43,42],[43,43],[43,45],[52,33],[53,32],[52,32],[52,33],[52,35],[188,253],[124,8],[148,211],[40,75],[36,80],[28,90],[20,101],[15,108],[-18,364],[35,88],[29,94],[22,101],[19,105],[18,105],[8,104],[5,105],[4,104],[3,105],[4,105],[45,47],[44,50],[43,54],[43,55],[42,56],[43,56],[52,-4],[52,-3],[52,-1],[52,1],[51,4],[52,8],[52,10],[113,227],[34,377],[161,-24],[46,-58],[46,-57],[47,-52],[48,-46],[50,-39],[51,-35],[52,-32]],[[203015,198882],[232,7]],[[203247,198889],[52,-18],[52,-15],[52,-9],[51,-1],[52,7],[51,17],[52,22],[51,26],[30,-102],[33,-96],[39,-85],[46,-71],[50,-62]],[[203858,198502],[87,76]],[[183395,199534],[53,-94],[52,-90],[52,-86],[54,-83],[55,-81],[60,-83],[61,-89],[61,-98],[62,-106],[63,-112],[63,-114],[64,-116],[64,-115],[67,-112],[67,-107],[70,-100],[70,-92],[70,-88],[69,-88],[67,-89],[66,-89],[64,-87],[62,-87],[61,-85],[60,-85],[62,-84],[65,-85],[69,-85],[71,-81],[70,-74],[70,-68],[71,-63],[70,-62],[70,-60],[71,-61],[72,-66],[72,-73],[73,-81],[73,-88],[75,-97],[78,-105],[79,-109],[79,-109],[78,-107],[76,-102],[73,-96],[70,-90],[65,-83],[62,-76],[58,-72],[55,-64],[51,-54],[48,-46],[46,-40]],[[186924,194877],[48,118],[48,117],[49,116],[50,114],[50,114],[51,112],[53,112],[53,110],[53,109],[55,108],[55,108],[55,106],[56,107],[55,106],[56,107],[55,108],[54,108],[53,108],[52,105],[49,103],[48,103],[48,103],[46,103],[46,103],[46,104],[47,105],[46,105],[48,106],[48,107],[50,109],[50,109],[53,111],[54,112],[56,114],[58,116],[60,116],[61,117],[62,116],[44,81]],[[188945,199113],[-262,50],[-268,294],[-96,240],[-91,750],[-26,772],[-13,358],[-6,317],[-8,98],[43,220],[17,90],[44,544],[224,-57],[0,274],[148,242],[-103,256],[65,338],[103,701],[-33,201],[113,307],[171,124],[101,214],[281,-72],[97,142],[-243,379],[-295,13],[-153,168],[10,260],[-143,227],[-171,555],[-83,472],[-353,964],[-69,96]],[[186832,207474],[-58,305]],[[183371,201432],[-3,-151],[-3,-153],[-2,-155],[-2,-157],[-1,-158],[1,-160],[3,-162],[5,-163],[6,-164],[7,-161],[7,-159],[6,-155]],[[243692,203262],[31,-109],[27,-112],[24,-125],[22,-144],[24,-158],[27,-169],[25,-179],[24,-188],[21,-191],[20,-186],[18,-177],[12,-168],[2,-160],[-5,-155],[-12,-148],[-15,-143],[-16,-139],[-14,-138],[-10,-137],[-2,-138],[5,-136],[3,-132],[2,-128],[1,-126],[-1,-125],[-1,-127],[2,-128],[5,-132],[11,-137],[20,-143],[27,-150],[32,-155],[36,-156],[36,-159],[36,-164],[33,-167],[30,-169],[27,-166],[28,-164],[31,-155],[35,-144],[37,-139],[37,-138],[35,-147],[33,-162],[32,-179],[32,-192]],[[244499,196178],[85,-37],[86,-40],[87,-42],[87,-43],[86,-44],[85,-44],[83,-42],[81,-41],[77,-38],[74,-35],[71,-31],[69,-29],[69,-27],[67,-23],[69,-23],[69,-22],[71,-22],[74,-25],[75,-30],[77,-36],[77,-45],[76,-51],[76,-57],[76,-60],[76,-61],[77,-60],[76,-57],[77,-51],[77,-43],[75,-35],[71,-32],[66,-29],[63,-28],[60,-27],[58,-27],[59,-27],[60,-27],[63,-27],[68,-28],[74,-27],[78,-25],[81,-22],[83,-21],[85,-20],[84,-19],[83,-18],[80,-18],[76,-18],[71,-18],[65,-18],[61,-17],[58,-17],[40,-11]],[[248391,194463],[69,88],[76,456],[147,142],[363,694],[-120,279],[5,227],[222,-26],[-11,-323],[291,233],[-46,402],[94,271],[145,219],[416,423],[129,31],[411,475],[188,-277]],[[250770,197777],[5,46],[21,147],[20,144],[18,141],[15,138],[11,135],[6,137],[4,140]],[[250798,198996],[-140,144],[-560,-31],[-76,211],[-167,18],[-38,274],[-190,255],[-152,33],[-237,-180],[-344,-668],[-173,-170],[32,-243],[-103,-217],[-286,-72],[-252,124],[-146,230],[4,714],[47,240],[184,101],[-217,433],[-130,413],[-162,-13],[-95,-183],[-279,175],[-111,-10],[-208,283],[-103,243],[-150,518],[32,434],[109,358],[10,240],[251,271],[283,-410],[235,296],[271,-59],[320,642],[-42,225],[65,382],[166,402],[261,189]],[[250019,202433],[-246,-206],[49,-377],[167,202],[85,29]],[[258096,191793],[353,-410],[181,230],[226,51],[268,-345],[128,204],[23,436],[125,392],[97,-13],[54,-305],[80,-49],[156,243],[278,-36],[152,116],[89,263],[217,124],[198,-163],[43,170],[274,400],[376,124],[185,-263],[385,103],[0,-302],[-81,-276],[-200,-286],[82,-356],[-81,-152],[-20,-392],[280,-377],[47,-353],[272,-152],[109,103],[86,340],[94,449],[146,163],[19,407],[191,271],[277,70],[59,278],[-336,542],[119,647],[80,96],[137,-542],[325,52],[151,-269],[269,-72],[220,23],[143,124],[129,444],[128,137],[31,250],[213,64],[-51,-848],[84,-302],[255,596],[-44,534],[46,265],[233,191],[97,-39],[222,449],[64,274],[189,-78],[-65,-271],[-159,-319],[40,-699],[103,18],[124,229],[160,16],[57,152],[-5,387],[85,402],[151,281],[170,101],[-180,604],[-71,595],[52,488],[145,727],[137,263],[71,895],[-16,766],[-77,356],[25,609],[114,446],[315,142],[-5,287],[100,319],[-36,129],[87,418],[231,312],[-2,483],[146,451],[-84,232],[26,232],[-51,521],[-228,993],[-137,194],[-99,616],[-15,748],[57,478],[-154,-60],[-137,235],[-174,77],[-119,-650],[25,-149],[220,113],[180,16],[-74,-606],[-178,51],[-148,-201],[-107,111],[-30,614],[-257,139],[-55,-928],[-195,-101],[-152,-351],[70,-397],[68,-145],[-46,-505],[-129,-356],[178,-299],[15,-694],[-145,-859],[-87,-637],[-194,-601],[-75,-369],[-28,-462],[-106,-263],[-380,-472],[-77,-420],[-187,-563],[-256,-415],[-130,-26],[-175,-252],[-236,-184],[-156,-111],[-80,-353],[-153,0],[-132,173],[34,242],[7,284],[-148,-21],[196,462],[106,29],[51,513],[-462,-372],[-66,-454],[83,-376],[-7,-240],[-105,-446],[-180,-506],[-167,-317],[-59,-77],[-172,-617],[123,-423],[-108,-284],[-355,-335],[-68,108],[-187,29],[37,296],[-66,181],[-310,-253],[-278,31],[-144,-155],[-112,-111],[-433,-98],[-129,55],[-212,-140],[-67,150],[-127,142],[-114,-189],[-284,-149],[3,-325],[-199,-258],[-78,-261],[-216,-322],[-171,-418],[-154,-88],[-70,-31],[-157,-526],[-151,-90],[-142,90],[-169,-314],[-15,-362]],[[259400,190380],[28,-333],[104,-149],[-68,-413],[11,-250],[143,-65],[-15,-229],[165,-135],[85,78],[88,536],[196,426],[14,281],[173,232],[237,189],[154,-106],[223,-534],[89,624],[95,268],[280,377],[-110,387],[18,369],[-150,69],[-249,390],[-180,-18],[-230,-333],[-71,-441],[-68,-137],[-166,60],[-161,-124],[-178,294],[-127,-160],[-80,-606],[-153,-196],[-97,-351]],[[265715,209537],[205,-315],[102,-273],[-17,-343],[-129,-573],[51,-255],[146,-101],[160,243],[48,374],[157,294],[274,-201],[189,201],[-181,217],[-218,469],[-138,-52],[-215,338],[70,537],[123,157],[178,-36],[238,-547],[71,173],[279,374],[262,121],[375,-351],[245,-410],[429,-356],[247,-356],[72,447],[7,376],[252,738],[350,575],[232,181],[154,-147],[203,-36],[18,219],[204,-83],[106,292],[335,121],[216,464],[-265,-294],[-122,52],[-106,748],[-98,294],[38,351],[190,642],[-120,-23],[-320,-557],[-340,0],[-180,366],[-184,54],[-187,-77],[-324,464],[-52,162],[-303,429],[-306,657],[-75,287],[-499,1078],[-225,-240],[-92,-521],[117,-439],[62,-809],[-118,-689],[-16,-725],[-213,-325],[-47,-175],[91,-759],[-58,-245],[-176,-242],[-147,188],[-157,-77],[-275,392],[-107,-106],[-20,-248],[161,-415],[-231,-570],[-321,-206],[-75,-898]],[[239349,194212],[76,-60],[74,-56],[72,-53],[70,-51],[67,-49],[65,-47],[63,-46],[63,-43],[62,-36],[62,-27],[63,-22],[64,-17],[66,-14],[66,-15],[67,-18],[65,-22],[64,-29],[62,-34],[63,-37],[63,-41],[63,-47],[65,-52],[64,-55],[65,-57],[65,-56],[66,-53],[62,-53],[57,-56],[54,-60],[53,-63],[52,-66],[53,-66],[55,-67],[60,-67],[66,-66],[73,-66],[78,-66],[82,-65],[84,-64],[86,-60],[86,-59],[84,-56],[81,-56],[77,-58],[74,-60],[71,-63],[71,-67],[70,-69],[70,-71],[70,-72],[70,-71],[70,-67]],[[242863,191521],[40,110],[40,109],[41,109],[41,108],[42,110],[42,110],[44,110],[46,113],[47,115],[48,116],[51,117],[51,116],[53,117],[53,118],[53,119],[53,120],[53,121],[52,123],[51,126],[50,129],[49,131],[49,133],[47,135],[45,136],[45,137],[43,141],[43,146],[42,148],[41,151],[41,154],[40,154],[40,156],[40,156],[40,155],[40,155],[40,153]],[[238588,198796],[-2,-98],[-1,-93],[3,-97],[11,-106],[21,-121],[30,-139],[39,-156],[42,-171],[44,-185],[42,-196],[39,-205],[37,-211],[33,-211],[31,-205],[29,-193],[28,-177],[29,-161],[29,-156],[28,-157],[30,-160],[30,-167],[32,-172],[31,-179],[31,-181],[29,-181],[25,-175],[21,-168],[20,-163]],[[177177,196224],[82,-52],[80,-49],[80,-46],[78,-41],[76,-36],[76,-32],[77,-30],[76,-31],[77,-32],[76,-34],[76,-37],[76,-41],[75,-43],[73,-46],[73,-47],[72,-49],[70,-48],[70,-41],[70,-31],[72,-22],[73,-13],[75,-6],[76,0],[78,5],[78,5],[79,4],[79,-1],[77,-10],[77,-11],[75,-8],[75,-7],[74,-6],[74,-5],[73,-6],[74,-6],[73,-8],[74,-8],[75,-9],[75,-11],[76,-16],[77,-27],[78,-37],[78,-46],[77,-52],[78,-58],[77,-60],[75,-62],[75,-61],[72,-58],[70,-51]],[[180949,194807],[57,105],[54,104],[52,104],[52,106],[50,109],[51,111],[51,111],[51,112],[51,110],[53,109],[54,107],[55,104],[56,101],[58,98],[59,95],[59,91],[60,89],[60,87],[59,86],[58,85],[58,87],[58,90],[58,92],[58,94],[58,97],[58,100],[57,102],[58,104],[56,105],[57,107],[55,108],[55,109],[54,109],[54,108],[52,108],[51,107],[51,106],[49,105],[46,107],[46,109],[43,110],[43,109],[43,109],[42,108],[43,107],[43,106]],[[180441,206782],[-155,75],[-135,201],[-243,-100],[-193,-60],[-176,-193],[-328,-80],[-190,88],[-185,49],[-207,307],[-66,-89]],[[177387,197467],[0,-234],[-50,-66]],[[222797,198002],[21,-102],[27,-113],[33,-128],[39,-143],[45,-157],[46,-164],[46,-159],[45,-147],[43,-135],[40,-122],[38,-113],[38,-107],[37,-104],[37,-105],[38,-109],[36,-115],[34,-117],[35,-123],[41,-131],[46,-142],[52,-151],[55,-159],[55,-162],[51,-162],[43,-159],[38,-174],[33,-187],[32,-191],[33,-188],[34,-179],[38,-166],[39,-152],[39,-138],[35,-128],[30,-121],[27,-112],[22,-107],[21,-103],[17,-102],[14,-107],[16,-114],[19,-124],[22,-135],[25,-144],[27,-150],[30,-152],[32,-156],[33,-159],[35,-159]],[[224509,191225],[74,-6],[74,-6],[74,-6],[73,-5],[73,-4],[72,-4],[70,1],[68,7],[66,10],[65,15],[63,16],[63,18],[63,18],[64,17],[64,16],[66,13],[67,10],[70,6],[72,1],[69,2],[68,1],[67,1],[66,1],[66,0],[66,1],[66,1],[68,0],[68,1],[71,1],[73,1],[76,1],[78,2],[79,1],[81,2],[81,2],[83,2],[82,2],[83,1],[82,2],[81,1],[80,0]],[[227444,191368],[26,141],[26,140],[26,140],[25,140],[25,142],[24,143],[22,144],[20,146],[17,147],[16,149],[13,149],[12,148],[10,147],[10,148],[9,148],[10,147],[10,148],[12,149],[13,150],[16,151],[19,150],[22,148],[27,146],[31,146],[34,147],[37,149],[37,150],[38,151],[36,151],[36,151],[34,151],[31,150],[30,148],[29,147],[28,144],[28,141],[30,138],[34,140],[36,142],[40,143],[42,145],[44,147],[45,149],[45,149],[44,151],[43,148],[41,147],[39,144],[35,141],[32,141]],[[212906,194724],[30,-55]],[[212936,194669],[140,44],[-52,-394],[20,-100],[21,-97],[25,-94],[27,-91],[28,-90],[9,-110],[12,-108],[14,-107],[14,-107],[15,-106],[16,-106],[17,-106],[18,-104],[90,-173],[198,-80],[34,-89],[35,-86],[38,-75],[43,-62],[47,-50],[50,-43],[50,-41],[28,31],[6,-44],[14,-116],[17,-111],[19,-111],[25,-98],[5,-121]],[[213959,191724],[-3,-80]],[[213956,191644],[11,4],[83,27],[82,27],[81,25],[80,23],[77,21],[77,16],[76,9],[77,5],[77,1],[77,-2],[78,-3],[78,-4],[79,-3],[79,0],[79,2],[80,7],[80,12],[80,19],[79,25],[77,30],[74,34],[73,38],[71,40],[69,41],[69,42],[68,40],[67,40],[68,36],[69,32],[71,27],[73,21],[74,17],[75,17],[74,15],[75,13],[76,13],[75,14],[75,14],[76,14],[75,15],[74,16],[75,16],[73,19],[72,20],[71,21],[71,21],[71,23],[71,22],[71,24],[71,24],[70,24],[71,24],[70,24],[71,24],[71,24],[71,24],[71,23],[75,23],[79,24]],[[218359,192828],[21,138],[23,139],[25,139],[27,133],[29,128],[32,124],[33,121],[34,118],[35,119],[36,119],[35,121],[35,124],[35,127],[34,132],[32,137],[31,140],[29,142],[28,140],[27,139],[26,134],[26,131],[25,126],[26,122],[26,118],[26,116],[27,115],[27,116],[28,120],[29,126],[29,132],[27,134],[25,135],[23,137],[22,137],[20,139],[20,140],[20,143]],[[250770,197777],[52,-77],[174,266],[-62,451],[124,127],[-46,232],[-90,93]],[[253644,201695],[10,-66],[-37,45]],[[253070,201257],[-65,-196],[17,-521],[94,-147],[0,-327],[245,-29],[39,-340],[229,147],[158,400],[80,-266],[146,-139],[285,190],[147,-252],[78,113],[15,-121],[-130,-39],[61,-451],[-1,-235],[104,-137],[-58,-265],[87,-441],[177,-318],[-91,-77],[-119,261],[-127,-3],[-198,-364],[-88,109],[-88,-230],[254,-340],[123,-663],[-36,-191],[140,-475],[98,111],[-68,-371],[-180,-661],[-71,-449],[-57,-394],[37,-748],[-118,-444],[191,-299],[-16,-348],[282,224],[63,-67],[109,423],[241,253],[-56,-400],[82,-214],[158,361],[-101,325],[102,266],[113,-405],[94,88],[48,474],[180,77],[352,-322],[81,555],[330,-44],[39,118],[201,65],[59,328],[164,435],[2,212],[68,714],[-95,132],[-38,444],[52,441],[-19,464],[40,335],[-117,1117],[-159,485],[-69,379],[-124,269],[-245,745],[-232,1039],[-295,516],[-205,552],[-270,122],[-70,167],[8,54]],[[257514,186740],[139,-371],[-96,-828],[199,8],[155,-142],[-86,719],[69,372],[148,-753],[-59,-632],[174,155],[154,446],[38,320],[161,-171],[115,805],[-20,256],[199,1431],[161,436],[95,335],[-71,207],[-24,469],[-134,155],[11,676],[-44,185],[-134,26],[-87,-211],[-190,77],[-38,-266],[-165,-20],[-98,-297],[-8,-575],[-92,98],[-123,-65],[-127,-252],[138,-354],[42,-467],[-68,-389],[-190,-583],[-138,-147],[36,-348],[-42,-305]],[[46705,188073],[46,-280],[68,-65],[81,-570],[190,-278],[-43,-671],[119,-237],[193,-632],[50,-428],[152,-313],[19,-735],[184,-286],[118,-1274],[170,-315],[176,-188],[89,-219],[188,-116],[203,-560],[77,-52],[90,-379],[49,-58]],[[48924,180417],[50,42],[72,59],[73,60],[74,62],[75,63],[73,65],[71,65],[68,66],[62,61],[59,55],[42,41]],[[49643,181056],[-118,482],[-429,799],[-106,34],[-29,255],[-87,134],[-112,470],[25,513],[-57,482],[-21,653],[-85,155],[-53,333],[30,786],[61,287],[-133,562],[667,-918],[108,-6],[132,235],[182,-209],[90,-454],[376,-162],[55,-127],[-66,-763],[41,-307],[175,-531],[23,-297],[80,-224],[0,-576],[55,-36],[125,-513]],[[50572,182113],[10,12],[54,72],[48,75],[44,77],[41,78],[39,79],[39,79],[41,78],[44,79],[49,80],[56,76],[61,71],[62,67],[65,63],[64,60],[64,59],[63,59],[61,59],[60,62],[58,61],[60,49],[63,38]],[[51718,183546],[26,116],[31,110],[37,110],[43,113],[47,120],[52,130],[54,136],[55,144],[54,151],[50,156],[47,159],[42,158],[39,156],[36,151],[37,145],[39,141],[39,142],[36,147],[32,150],[26,150],[19,151],[15,149],[11,150],[10,152],[14,154],[19,155],[25,150],[30,143],[32,135],[32,125],[31,117],[29,109],[26,105],[24,105],[23,108],[21,111],[21,121],[22,131],[22,140],[24,143],[25,141],[27,138],[28,131],[31,124],[34,121],[33,122],[31,130],[27,139],[24,150],[21,161]],[[73703,193478],[11,-162],[6,-164],[1,-173],[-1,-181],[-2,-184],[-1,-182],[0,-178],[4,-170],[6,-161],[10,-152],[11,-146],[12,-140],[10,-139],[8,-139],[4,-142],[-1,-143],[-4,-144],[-7,-141],[-8,-138],[-8,-133],[-7,-129],[-6,-125],[-5,-121],[-2,-118],[0,-119],[1,-121],[3,-128],[2,-137],[1,-151],[1,-167],[1,-182],[2,-193],[4,-200],[5,-201],[10,-197],[13,-191],[17,-182],[20,-173],[24,-166],[27,-165],[30,-169],[31,-177],[32,-185],[32,-196],[31,-204],[31,-212],[28,-215],[27,-216],[24,-209],[23,-199],[19,-185],[14,-173],[11,-166],[6,-160],[3,-152],[1,-146],[-1,-139],[-3,-135],[-4,-130],[-3,-129],[-3,-128],[-1,-132],[2,-137],[3,-144],[4,-150],[6,-157],[7,-162],[7,-166]],[[74222,182527],[73,17],[73,18],[34,7]],[[74402,182569],[74,96],[52,75],[37,90],[109,201],[52,-13],[54,-18],[52,21],[53,41],[225,-308]],[[75110,182754],[64,21],[80,27],[81,30],[81,32],[82,36],[80,38],[77,43],[75,46],[71,50],[67,57],[65,61],[62,65],[62,67],[60,69],[61,69],[62,68],[63,66],[65,63],[67,58],[70,52],[72,41],[73,33],[73,25],[73,20],[73,16],[74,15],[72,16],[67,15]],[[77082,183953],[4,105],[11,67],[-6,77],[5,114],[-58,67],[-17,137],[5,141],[-5,140],[17,136],[31,75],[31,62],[14,103],[25,91],[22,85],[24,90],[27,75],[21,98],[-79,302],[108,495],[17,77],[18,88],[118,152],[125,312],[18,31],[19,62],[28,62],[-48,64],[52,83],[41,103],[20,62],[68,150],[56,69],[16,52],[69,111],[11,10],[51,85],[13,132],[15,124],[136,111],[38,0],[29,56],[73,57],[26,10],[42,44],[130,320],[60,46],[53,93],[36,111],[61,98],[17,212],[169,10],[43,88],[10,41],[106,250],[36,303]],[[203049,198883],[32,-142],[31,-151],[24,-150],[19,-149],[17,-152],[18,-153],[20,-157],[23,-159],[27,-161],[33,-163],[36,-165],[40,-164],[40,-162],[39,-159],[36,-153],[29,-148],[24,-144],[20,-144],[21,-145],[21,-146],[25,-146],[30,-147],[33,-146],[38,-145],[41,-142],[42,-136],[43,-128],[40,-120],[37,-112],[33,-105],[30,-100],[26,-97],[23,-97],[20,-99],[17,-104],[15,-109],[14,-115],[15,-122],[16,-130],[19,-135],[26,-139],[31,-143],[37,-147],[38,-150],[36,-154],[32,-159],[24,-163],[17,-167],[10,-171],[3,-92]],[[204410,191896],[36,8]],[[204446,191904],[48,7],[49,3],[48,1],[42,-465],[38,-69],[37,-69],[38,-70],[38,-68],[38,-67],[39,-66],[39,-65],[40,-65],[40,-62],[133,251],[16,108],[15,108],[15,109],[12,109],[12,111],[12,110],[12,110],[13,109],[113,333],[183,-85],[77,129],[27,-82],[26,-82],[29,-79],[30,-76],[33,-71],[35,-67],[178,183],[83,-82],[91,-346],[6,-34],[86,29],[40,-60],[42,-53],[43,-41],[46,-24],[48,-11],[49,-5],[174,-38],[48,3],[47,7],[48,11]],[[206802,191433],[47,11]],[[206849,191444],[48,10],[47,9],[160,181],[-11,123],[-4,120],[7,116],[17,112],[25,108],[29,107],[-128,237],[12,189],[29,100],[32,94],[36,87],[41,79],[42,75],[80,269],[133,126],[17,107],[20,103],[24,99],[28,94],[32,90],[34,87],[-88,227],[60,341],[0,193],[-46,72],[-43,76],[-36,83],[-28,92],[-19,101],[-14,107],[-10,111],[-10,112],[-11,110],[-150,191],[31,92],[31,93],[32,93],[32,91],[33,88],[35,85],[37,82],[39,79],[41,75],[42,74],[42,72],[93,-134],[34,86],[35,85],[37,82],[38,77],[40,74],[41,68],[44,64],[45,62],[45,59],[46,60],[204,75],[94,136],[52,3],[52,5],[51,5],[52,5],[52,3],[55,25],[56,25],[55,21],[56,15],[57,9],[56,16],[55,16],[56,15],[56,10],[56,3],[56,-2],[56,-8],[56,-8],[53,-17],[53,-21],[53,-25],[52,-28],[53,-25],[53,-21],[45,52],[45,51],[45,53],[44,57],[41,64],[40,69],[123,69]],[[204067,198683],[-209,-181]],[[203247,198889],[-198,-6]],[[233226,197394],[24,-183],[21,-178],[21,-167],[23,-151],[25,-135],[26,-122],[25,-116],[24,-111],[20,-109],[15,-108],[12,-109],[8,-114],[3,-119],[-2,-129],[-5,-141],[-7,-153],[-8,-162],[-7,-164],[-7,-158],[-4,-142],[-4,-122],[-1,-101],[0,-88],[3,-85],[8,-87],[13,-94],[17,-103],[23,-114],[24,-125],[23,-135],[19,-144],[12,-152],[6,-166],[3,-182],[3,-189],[0,-186],[-1,-175],[-1,-159]],[[233580,192216],[70,-28],[72,-26],[73,-28],[75,-30],[78,-34],[81,-38],[85,-43],[88,-46],[91,-52],[93,-55],[95,-58],[94,-59],[94,-57],[90,-52],[86,-45],[84,-37],[82,-31],[81,-26],[81,-21],[79,-18],[78,-17],[76,-17],[76,-19],[74,-23],[73,-31],[71,-36],[67,-39],[63,-42],[62,-44],[61,-46],[60,-48],[60,-50],[62,-51],[64,-53],[67,-54],[69,-64],[70,-74],[71,-83],[72,-87],[70,-89],[70,-89],[69,-85],[66,-79],[65,-68],[64,-56],[65,-48],[68,-42],[70,-36],[72,-30],[74,-24],[74,-18],[74,-13]],[[237449,189877],[58,90],[58,92],[57,96],[57,98],[56,103],[55,108],[52,112],[51,117],[48,119],[46,121],[45,124],[44,124],[43,126],[44,127],[44,127],[44,127],[46,128],[46,126],[48,126],[48,124],[50,123],[52,121],[53,118],[53,116],[54,113],[54,111],[54,109],[54,108],[52,106],[52,106],[51,106],[49,106],[49,108],[48,109],[48,111],[46,113],[46,116],[45,120]],[[227444,191368],[53,-119],[51,-120],[50,-119],[50,-117],[50,-116],[50,-115],[52,-115],[54,-115],[57,-117],[59,-118],[59,-120],[58,-129],[55,-139],[52,-149],[49,-154],[45,-157],[43,-153],[42,-143],[42,-126],[43,-104],[42,-84],[39,-73],[39,-70],[38,-75],[39,-85],[41,-99],[43,-113],[46,-123],[50,-126],[48,-123],[48,-114]],[[228931,187738],[70,30],[70,31],[70,29],[70,29],[69,26],[67,24],[68,21],[66,18],[66,14],[66,9],[65,7],[66,7],[65,7],[65,7],[65,7],[65,7],[65,6],[65,6],[64,6],[64,6],[63,5],[62,5],[62,4],[63,1],[66,-4],[68,-7],[69,-8],[70,-11],[71,-11],[72,-11],[72,-10],[72,-9],[72,-6],[71,-3],[70,2],[69,6],[66,9],[66,12],[64,16],[64,18],[65,22],[66,23],[67,25],[68,25],[72,26],[74,24],[77,23],[81,20],[84,17]],[[232268,188238],[49,145],[50,145],[49,143],[48,142],[48,138],[46,135],[44,132],[41,128],[39,128],[38,130],[36,130],[34,132],[35,132],[34,134],[34,134],[34,134],[35,134],[36,135],[37,135],[39,134],[41,134],[43,134],[46,133],[49,129],[51,125],[53,124],[54,123],[56,124],[56,125],[57,127]],[[56286,190769],[27,-149],[29,-150],[29,-154],[29,-155],[28,-154],[25,-155],[22,-154],[20,-154],[16,-154],[16,-158],[15,-162],[18,-167],[19,-172],[22,-175],[25,-179],[27,-182],[28,-181],[30,-180],[29,-177],[28,-171],[26,-165],[22,-155],[17,-146],[14,-140],[12,-137],[12,-136],[13,-139],[15,-142],[19,-148],[21,-154],[25,-160],[28,-164],[29,-168],[29,-169],[27,-171],[24,-172],[22,-172],[18,-172],[17,-171],[15,-171],[17,-172],[18,-174],[22,-177],[26,-178],[29,-179],[32,-178],[34,-174],[35,-171],[34,-169],[33,-166],[31,-165],[29,-163],[26,-163],[24,-161],[22,-159],[19,-158],[18,-156],[16,-153],[15,-150],[11,-144],[8,-137],[6,-134],[5,-131],[4,-127]],[[57687,180495],[59,-40],[59,-38],[58,-37],[59,-34],[57,-33],[57,-30],[56,-29],[55,-28],[56,-29],[55,-28],[55,-29]],[[58313,180140],[57,102],[56,110],[56,115],[58,117],[60,117],[64,111],[67,99],[68,84],[69,71],[69,59],[69,50],[67,46],[65,45],[63,51],[62,62],[59,79],[56,95],[54,106],[52,113],[53,114],[53,112],[55,104],[58,93],[59,76],[62,58],[62,47],[60,39],[59,35],[58,29],[58,28],[58,26],[59,28],[58,33],[60,40],[62,48],[64,52],[66,56],[66,60],[67,64],[67,66],[65,67],[65,69],[63,67],[61,66],[58,66],[55,66],[54,65],[53,65]],[[61222,183511],[0,157],[4,154],[8,148],[13,144],[17,140],[19,139],[20,145],[19,147],[18,146],[16,146],[14,147],[11,151],[9,155],[9,156],[9,158],[10,156],[9,157],[9,155],[6,155],[6,159],[6,162],[6,162],[6,162],[6,162],[6,162],[7,159],[8,156],[9,153],[11,150],[11,149],[9,151],[5,162],[3,175],[0,188],[-1,200],[-3,202],[-4,201],[-2,197],[-1,192],[2,187],[4,182],[8,179],[10,177],[12,180],[14,184],[15,189],[16,193],[15,189],[16,186],[13,185],[11,182],[7,181]],[[150154,197927],[33,-161],[33,-164],[33,-164],[32,-165],[29,-167],[24,-170],[20,-172],[15,-176],[14,-184],[14,-191],[13,-196],[14,-199],[14,-201],[14,-201],[14,-200],[15,-197],[15,-191],[15,-185],[15,-176],[14,-168],[12,-162],[10,-157],[10,-154],[9,-149],[11,-147],[11,-145],[13,-142],[13,-141],[15,-140],[15,-142],[17,-144],[16,-146],[17,-141],[17,-138],[16,-135],[16,-133],[16,-132],[14,-130],[14,-131],[14,-131],[13,-131],[13,-134],[13,-135],[12,-135],[12,-131]],[[150883,190793],[61,-61],[61,-61],[62,-64],[62,-67],[64,-72],[64,-78],[66,-85],[65,-89],[65,-93],[65,-97],[65,-98],[64,-98],[62,-95],[62,-90],[60,-82],[59,-78],[59,-76],[59,-75],[60,-73],[59,-71],[57,-71],[57,-71],[55,-73],[54,-75],[52,-78],[52,-81],[51,-83],[50,-84],[50,-84],[49,-82],[51,-80],[54,-79],[57,-78],[61,-78],[64,-78],[68,-78],[70,-79],[72,-79],[72,-82],[71,-82],[69,-85],[65,-86],[60,-85],[56,-80],[53,-78],[51,-76],[49,-76],[50,-75],[49,-77]],[[153796,186897],[43,130],[43,128],[43,126],[43,125],[44,122],[47,117],[50,113],[53,108],[56,103],[58,100],[59,100],[60,98],[61,97],[63,96],[63,94],[65,93],[65,92],[65,91],[66,91],[64,92],[64,93],[62,96],[59,99],[57,101],[53,100],[50,101],[48,102],[46,101],[43,101],[41,102],[41,102],[41,103],[41,105],[42,106],[44,108],[29,68]],[[155668,190601],[-2,68],[7,121],[-11,119],[-54,-29],[-55,-15],[-55,-16],[-51,-51],[-29,59],[-31,62],[-33,36],[-31,54],[-32,44],[-32,54],[-34,47],[-33,44],[-72,221],[-3,11],[-25,80],[-27,410],[23,85],[5,15],[19,70],[21,88],[27,72],[52,64],[4,3],[53,23],[56,31],[55,21],[43,103],[39,101],[56,51],[47,85],[45,54],[35,101],[44,59],[41,78],[34,98],[35,95],[18,121],[22,122],[25,111],[4,64],[49,297],[82,245],[-55,276],[-28,495],[-29,121],[-37,111],[-37,116],[-39,103],[-65,29],[-67,28],[-11,93],[-21,88],[-34,59],[-24,77],[-24,80],[-4,11],[-66,227],[18,203],[14,78],[0,134],[11,160],[235,222],[184,745],[46,29],[36,77],[-22,144],[-14,132],[-22,139],[-28,124],[-240,-418],[-69,-28],[-69,-36],[-37,-80],[-38,-44],[-25,-85],[-28,-88],[-37,39],[-30,64],[-38,13],[-37,26],[39,95],[33,116],[-44,109],[-53,75],[-3,337],[-142,289],[-207,-240],[28,274],[3,18],[10,93],[-38,38],[-43,16],[-38,-34],[-42,-5],[-362,-260],[-14,5],[-67,-31],[-60,-83],[-42,-67],[-8,-36],[-108,-216],[-249,-173],[-84,-78],[-171,80],[-1,0],[-59,26],[-272,-224],[-122,87],[-46,153],[-44,74],[-50,49],[-48,52],[-51,34],[-194,43],[-19,-113],[-3,-119],[-74,-10],[-72,-21],[-73,-41],[-30,-59],[-33,-36],[-31,87],[-43,36],[-45,75],[-51,31],[-50,-2],[-52,-21],[-33,75],[-12,49],[-54,108],[-58,-10],[-54,-42],[-78,-291],[-128,-134],[-4,0],[-47,-49],[-130,-21],[-49,0],[-57,-15],[-39,-23],[-34,-60],[-40,-41],[-35,-49],[-36,-52],[-40,-23],[-33,-59],[-31,-70],[-106,-46],[-34,56],[-38,44],[-42,31],[-42,-5],[-1,85],[-8,91],[-32,51],[-26,70],[-31,59],[-35,28],[-77,-15],[-36,23],[-36,31],[-39,26],[-41,-3],[-40,11],[-40,-16],[-40,23],[-38,24],[-41,2],[-39,26],[-38,-18],[-41,-5],[-41,0],[-15,-3]],[[70372,183489],[59,22],[68,26],[32,31],[34,28],[35,34],[33,20],[74,140],[63,-80],[14,-24],[19,-15],[61,-75],[69,-18],[45,-59],[55,18],[61,-3],[35,52],[22,90],[61,-57],[56,-72],[64,39],[64,-21],[18,80],[23,70],[13,85],[5,95],[1,88],[0,90],[-9,93],[6,88],[45,-18],[44,31],[5,-129],[-7,-137],[7,-131],[19,-122],[31,-67],[20,-85],[34,-44],[36,-44],[158,-82],[40,108],[37,101],[44,103],[24,132],[-8,-86],[-7,-92],[-9,-93],[0,-122],[53,11],[50,38],[42,62],[33,101],[36,83],[32,87],[123,111],[32,-75],[30,-67],[226,-80],[165,122],[29,-62],[14,-60],[58,-90],[59,-77],[66,-13],[64,-44],[64,-26],[38,-75],[47,-51],[44,-26],[46,-49],[67,15],[66,55],[13,-142],[19,-132],[16,-103],[31,-88],[35,-51],[36,-73],[43,-20],[37,-47],[35,-67],[36,-54],[26,-268],[-1,-54],[17,-109],[45,-7],[40,31],[215,49]],[[74093,182232],[30,71],[49,113],[50,111]],[[69773,194578],[-6,-160],[-10,-162],[-13,-167],[-15,-169],[-14,-172],[-11,-175],[-8,-181],[-3,-184],[2,-186],[8,-187],[13,-193],[18,-198],[22,-202],[26,-204],[28,-204],[30,-204],[31,-201],[29,-195],[27,-191],[23,-185],[18,-179],[13,-171],[12,-163],[10,-156],[8,-149],[7,-144],[4,-142],[3,-139],[1,-138],[-1,-139],[0,-140],[-1,-144],[0,-148],[2,-153],[2,-157],[4,-158],[4,-157],[6,-155],[7,-152],[7,-149],[8,-145],[8,-143],[8,-140],[7,-140],[6,-139],[4,-140],[5,-139],[6,-136],[7,-135],[7,-135],[7,-138],[7,-141],[8,-148],[8,-154],[10,-161],[10,-166],[11,-169],[12,-169],[13,-167],[15,-164],[18,-157],[21,-150],[22,-144],[23,-141],[22,-139],[19,-140],[13,-143],[8,-145],[4,-149],[-1,-59]],[[70327,181446],[0,-24],[3,-142],[4,-132],[4,-126],[5,-126],[3,-80]],[[70346,180816],[15,-16],[37,-67],[42,-18],[44,0],[40,52],[41,43],[35,75],[26,88],[-26,134],[-40,113],[-45,99],[-45,100],[-116,-10],[-27,37]],[[192401,197697],[35,-159],[40,-177],[38,-177],[35,-175],[30,-170],[24,-165],[18,-163],[14,-165],[11,-168],[11,-171],[12,-174],[15,-177],[18,-178],[21,-180],[24,-178],[26,-177],[27,-174],[26,-167],[25,-163],[26,-162],[25,-162],[23,-160],[22,-155],[18,-150],[15,-141],[10,-132],[7,-122],[4,-114],[0,-109],[-2,-106]],[[192999,192926],[54,23],[54,18],[57,8],[60,-4],[65,-20],[71,-32],[76,-43],[78,-49],[80,-54],[80,-55],[79,-53],[76,-50],[73,-42],[68,-35],[64,-23],[59,-15],[56,-17],[54,-20],[54,-23],[55,-24],[56,-27],[59,-28],[61,-29],[65,-30],[67,-31],[71,-30],[73,-31],[75,-35],[77,-39],[77,-44],[76,-51],[77,-56],[75,-61],[74,-65],[73,-67],[73,-67],[71,-63],[71,-61],[70,-61],[70,-63],[70,-64],[69,-64],[69,-65],[69,-63],[69,-63],[70,-61],[70,-58],[71,-56],[72,-47],[73,-36],[73,-26],[74,-18],[74,-13],[74,-10],[74,-9],[73,-11],[73,-14],[75,-22],[74,-29],[76,-39]],[[197165,190709],[58,92],[59,92],[59,92],[60,92],[61,94],[60,96],[61,97],[61,100],[62,101],[63,104],[64,107],[64,108],[66,111],[66,113],[67,114],[68,115],[68,116],[68,115],[68,116],[67,113],[67,112],[65,109],[64,106],[61,104],[60,102]],[[198752,193330],[7,138],[3,134],[2,132],[1,130],[1,129],[1,128],[2,129],[3,130],[6,132],[9,135],[12,140],[13,144],[9,81]],[[198821,195012],[-54,65]],[[196717,199545],[-142,-57]],[[192495,198830],[108,-862],[-18,-268],[-184,-3]],[[180949,194807],[13,-149],[9,-150],[8,-151],[9,-151],[12,-153],[13,-154],[18,-156],[20,-157],[23,-157],[25,-159],[25,-159],[26,-161],[26,-161],[26,-163],[25,-164],[23,-165],[21,-166],[19,-166],[19,-166],[16,-162],[14,-158],[11,-154],[8,-150],[6,-146],[4,-144],[3,-144],[5,-145],[8,-148],[12,-152],[17,-157],[20,-160],[24,-161],[26,-162],[27,-159],[26,-154],[23,-146],[20,-137],[17,-129],[15,-123],[15,-122],[16,-124],[16,-131],[17,-138],[18,-148],[20,-158]],[[181713,187987],[66,-44],[68,-47],[70,-49],[72,-48],[75,-48],[77,-44],[80,-39],[86,-36],[90,-32],[94,-29],[96,-28],[97,-26],[98,-26],[97,-28],[96,-29],[92,-31],[89,-36],[83,-41],[77,-45],[72,-47],[68,-50],[64,-51],[63,-52],[62,-53],[62,-53],[63,-52]],[[183770,186923],[48,103],[51,102],[52,101],[55,103],[56,107],[58,109],[59,112],[61,115],[62,117],[64,119],[63,118],[65,120],[65,118],[65,118],[65,116],[64,115],[65,112],[64,110],[64,107],[64,105],[63,103],[63,100],[62,99],[62,98],[60,97],[60,98],[58,97],[56,98],[55,97],[54,96],[53,94],[53,91],[53,88],[52,87],[53,84],[52,83],[52,82],[51,82],[52,80],[52,80],[52,80],[53,80],[53,80],[53,80],[54,80],[54,80],[56,81],[55,83],[57,85],[58,88],[58,89],[58,92],[58,93],[58,96],[56,97]],[[186929,192268],[5,137],[4,139],[2,141],[1,143],[-2,144],[-5,148],[-7,155],[-8,159],[-8,161],[-7,161],[-5,158],[-2,155],[1,149],[3,142],[5,136],[7,131],[6,126],[5,124]],[[206847,191444],[10,-36],[37,-126],[43,-147],[47,-166],[51,-179],[54,-179],[54,-175],[53,-167],[50,-157],[48,-146],[46,-134],[47,-124],[48,-121],[50,-126],[51,-136],[52,-147],[52,-157],[52,-162],[53,-166],[52,-166],[49,-164],[47,-160],[45,-155],[43,-150],[42,-148],[38,-143],[33,-137],[27,-131],[23,-126],[21,-121],[20,-117],[23,-117],[24,-120],[26,-124],[29,-126],[30,-123],[34,-121],[37,-120]],[[208388,186124],[74,-7],[75,-7],[76,-7],[75,-8],[76,-8],[74,-9],[73,-11],[71,-12],[71,-11],[72,-11],[71,-10],[72,-9],[72,-10],[73,-10],[73,-11],[73,-12],[74,-15],[74,-17],[75,-18],[74,-12],[74,-7],[74,-3],[74,-1],[74,1],[74,1],[74,-1],[75,-3],[75,-8],[77,-12],[76,-17],[74,-15],[71,-12],[70,-10],[68,-9],[67,-9],[68,-10],[68,-12],[69,-13],[72,-17],[73,-20],[75,-27],[74,-40],[71,-50],[71,-58]],[[211594,185557],[49,72],[50,72],[49,71],[50,70],[50,70],[50,69],[50,69],[51,70],[50,69],[51,71],[51,70],[52,72],[51,73],[52,74],[53,75],[52,77],[53,78],[53,79],[54,81],[53,82],[54,84],[54,86],[54,88],[54,92],[54,96],[55,99],[56,101],[56,103],[56,104],[58,103],[58,102],[59,100],[60,98],[60,96],[61,92],[62,90],[62,88],[62,84],[63,83],[64,81],[63,80],[63,80],[62,79],[62,81],[62,81],[62,80],[62,80],[5,6]],[[214221,189458],[-18,156]],[[214203,189614],[73,296],[-52,13],[-52,17],[-52,19],[-52,19],[-52,16],[-52,12],[-10,23],[0,77],[5,119],[10,119],[11,100],[-7,122],[0,113],[-9,119],[0,237],[-10,121],[-11,109],[-17,111],[22,113],[6,114]],[[213954,191603],[5,121]],[[212936,194669],[-74,137]],[[206849,191444],[-2,0]],[[186929,192268],[42,-78],[41,-75],[41,-74],[42,-74],[43,-77],[45,-80],[47,-84],[49,-88],[52,-94],[54,-99],[56,-104],[57,-105],[57,-105],[56,-106],[56,-108],[54,-108],[53,-111],[52,-113],[50,-114],[49,-115],[46,-115],[46,-113],[44,-113],[43,-120],[43,-127],[42,-133],[42,-138],[42,-139],[43,-138],[43,-133],[45,-125],[46,-116],[49,-107],[50,-97],[52,-94]],[[188601,188548],[66,23],[67,23],[68,23],[69,24],[70,25],[71,26],[72,28],[71,29],[72,29],[72,29],[72,30],[71,30],[72,31],[74,31],[78,32],[80,32],[83,32],[84,33],[85,33],[86,33],[86,32],[85,33],[84,33],[82,32],[80,32],[77,31],[74,31],[70,32],[69,32],[67,33],[65,33],[65,34],[64,34],[64,34],[65,34],[65,35],[67,34],[68,34],[70,33],[72,33],[74,32],[75,34],[77,36],[77,37],[78,39],[77,40],[77,42],[77,42]],[[192135,190085],[41,153],[42,153],[42,150],[42,147],[42,142],[43,137],[43,131],[42,124],[41,122],[39,120],[39,120],[37,118],[36,118],[36,118],[36,119],[36,120],[36,120],[36,122],[37,124],[38,126],[40,128],[40,129]],[[192401,197697],[-86,-2],[-178,152],[-617,-325],[-737,-338],[-696,336],[-433,544],[-223,364],[-150,534],[-177,121],[-159,30]],[[198752,193330],[66,-78],[63,-94],[62,-108],[59,-118],[59,-122],[57,-120],[55,-112],[55,-103],[54,-91],[53,-83],[54,-77],[51,-80],[48,-88],[45,-97],[45,-105],[44,-113],[43,-119],[44,-124],[44,-126],[46,-125],[47,-122],[52,-116],[57,-114],[59,-112],[61,-109],[57,-108],[53,-105],[47,-103],[41,-102],[36,-101],[32,-99],[31,-101],[33,-104],[37,-113],[41,-122],[45,-132],[49,-138],[51,-141],[53,-139],[54,-131],[52,-118],[51,-104],[51,-90],[51,-83],[53,-81],[55,-87],[56,-95],[59,-105],[61,-116],[63,-124],[63,-130],[63,-130],[61,-125],[58,-118],[53,-112],[49,-108],[47,-102],[45,-98],[47,-98],[23,-48]],[[201796,186863],[107,422]],[[201903,187285],[144,59],[13,95],[15,94],[16,92],[19,90],[20,89],[20,89],[154,-108],[21,96],[21,95],[23,94],[24,93],[24,93],[22,94],[22,95],[42,-66],[42,-63],[43,-58],[45,-47],[48,-35],[49,-24],[51,-17],[52,-12],[52,7],[51,16],[49,30],[47,41],[47,48],[0,186],[45,68],[43,73],[40,79],[38,86],[35,91],[88,-93],[122,209],[159,26],[12,227],[-74,77],[8,102],[8,102],[8,103],[8,102],[7,102],[7,103],[-131,70],[5,109],[5,109],[4,109],[4,109],[1,109],[-1,110],[52,21],[51,26],[49,34],[48,41],[47,49],[47,51],[36,78],[35,81],[32,85],[30,89],[29,90],[-28,345],[78,227],[197,152],[127,-123],[48,14]],[[204398,191893],[12,3]],[[203049,198883],[-34,-1]],[[198891,194927],[-70,85]],[[66253,182058],[3,3],[10,3],[15,26],[49,49],[105,206],[118,457],[6,-140],[-2,-147],[12,-136],[35,-119],[395,67],[3,0],[60,13],[50,-72],[51,-83],[57,-26],[56,-67],[58,0],[57,-33],[54,-60],[57,-33],[271,-119],[31,-28],[44,-5],[43,10],[38,49],[36,47],[29,85],[-22,294],[94,123],[3,0],[30,47],[88,-163],[166,-12],[128,-480],[43,-44],[46,5],[95,-39],[82,-201],[-5,-361],[55,-41],[56,-54],[53,-3],[282,-162],[38,85],[39,80],[29,105],[17,122],[189,-86],[6,-10],[71,-20],[0,-91],[9,-85],[0,-5],[9,-173],[35,18],[36,47],[33,51],[23,80],[23,90],[12,106],[0,114],[5,105],[-3,98],[-14,93],[-9,96],[-14,87],[148,-128],[89,-199],[4,-26],[34,-67],[55,-80],[59,-49],[61,-62],[62,-23],[84,-343],[28,-28]],[[70327,181446],[-251,339],[24,220],[155,454],[24,497],[-62,-67],[-21,-69],[-30,-52],[-56,-80],[-23,-57],[-29,-51],[-28,77],[-25,80],[-37,44],[-38,44],[-7,82],[-6,91],[-4,87],[-19,78],[-132,-243],[-63,62],[-65,16],[-57,-39],[-77,13],[-56,340],[100,230],[24,23],[33,111],[36,-15],[63,-29],[5,-8],[37,-10],[75,-211],[169,-52],[53,-142],[39,5],[41,-7],[37,23],[39,13],[44,54],[47,36],[38,77],[38,75],[10,4]],[[65655,191865],[-1,-106],[-1,-105],[0,-106],[1,-110],[1,-116],[1,-126],[1,-138],[2,-149],[2,-157],[0,-163],[-1,-165],[-4,-166],[-5,-165],[-7,-162],[-6,-159],[-6,-156],[-3,-153],[2,-149],[9,-151],[16,-153],[25,-157],[31,-160],[35,-160],[39,-161],[39,-160],[36,-160],[33,-158],[27,-157],[23,-157],[19,-157],[15,-157],[11,-158],[8,-158],[6,-159],[5,-160],[3,-160],[2,-161],[3,-161],[3,-160],[5,-161],[8,-160],[12,-161],[15,-160],[16,-162],[15,-162],[13,-161],[11,-161],[8,-159],[5,-158],[3,-157],[1,-155],[0,-154],[2,-154],[4,-154],[6,-155],[7,-156],[8,-157],[11,-155],[12,-156],[13,-159],[15,-164],[16,-169],[17,-175],[11,-106]],[[61222,183511],[58,-87],[58,-85],[58,-83],[58,-81],[59,-77],[60,-74],[61,-72],[62,-68],[63,-66],[63,-64],[65,-62],[65,-61],[66,-59],[67,-59],[67,-59],[67,-59],[67,-61],[67,-61],[67,-64],[66,-67],[66,-70],[65,-73],[64,-78],[63,-81],[62,-85],[61,-87],[61,-88],[60,-89],[59,-90],[58,-89],[57,-90],[56,-89],[56,-88],[54,-87],[54,-86],[54,-85],[52,-83],[53,-83],[52,-81],[51,-80],[52,-80],[52,-79],[53,-78],[52,-79],[54,-80],[54,-80],[55,-82],[55,-86],[56,-88],[55,-92],[56,-93],[56,-96],[28,-50]],[[64322,179397],[11,15],[-154,320],[18,163],[33,-57],[37,-44],[39,-13],[37,-41],[41,-5],[38,10],[40,8],[40,-8],[44,49],[38,13],[39,57],[45,28],[39,49],[44,21],[35,62],[44,43],[53,16],[41,-13],[44,44],[47,21],[80,110],[13,13],[52,44],[44,88],[56,52],[55,74],[36,116],[40,119],[0,232],[30,60],[31,54],[7,33],[114,238],[21,38],[26,62],[-112,364],[8,95],[8,101],[3,98],[-13,93],[59,-73],[61,-41],[155,62],[-23,-82],[-12,-98],[-12,-93],[-6,-101],[85,-160],[432,425]],[[218359,192828],[47,-124],[47,-129],[46,-135],[42,-142],[38,-149],[35,-155],[32,-157],[31,-157],[33,-156],[35,-157],[39,-157],[40,-157],[41,-157],[39,-156],[35,-153],[32,-149],[27,-145],[24,-139],[21,-133],[17,-121],[11,-113],[6,-108],[2,-103],[0,-101],[2,-99],[7,-100],[15,-105],[25,-112],[34,-122],[39,-123],[40,-125],[38,-126],[33,-128],[29,-130]],[[219341,188305],[61,5],[63,2],[65,0],[67,-1],[69,-1],[72,-3],[77,-2],[80,-1],[84,-1],[86,0],[88,0],[88,0],[89,0],[87,-1],[85,-2],[82,-3],[78,-4],[74,-7],[71,-14],[70,-23],[69,-29],[68,-34],[67,-36],[67,-38],[67,-36],[67,-35],[69,-30],[69,-23],[71,-16],[72,-6],[73,6],[74,14],[74,21],[74,26],[76,27],[77,24],[80,20],[81,13],[82,4],[82,-6],[84,-19],[82,-30],[82,-36],[82,-41],[81,-45],[80,-47],[81,-49],[81,-50],[81,-48]],[[223070,187750],[49,124],[49,123],[49,122],[49,121],[48,121],[48,120],[48,121],[47,122],[46,121],[45,123],[45,123],[45,123],[45,121],[47,118],[47,115],[49,112],[49,111],[50,108],[50,107],[50,106],[50,105],[51,105],[50,105],[49,106],[49,107],[48,108],[47,112],[47,116],[46,122],[47,127]],[[145055,194064],[1,-3],[29,-160],[28,-163],[27,-164],[24,-165],[21,-165],[20,-164],[18,-160],[17,-154],[14,-149],[9,-143],[8,-138],[5,-136],[5,-135],[4,-134],[5,-135],[5,-136],[6,-137],[8,-140],[10,-143],[12,-147],[14,-148],[16,-149],[18,-150],[19,-151],[20,-152],[20,-153],[20,-153],[20,-153],[20,-152],[19,-152],[18,-151],[17,-150],[18,-149],[21,-143],[24,-142],[27,-141],[29,-141],[31,-144],[32,-147],[32,-150],[33,-156],[33,-161],[31,-167],[31,-175],[30,-182],[30,-188],[29,-193]],[[145983,186900],[69,-99],[69,-98],[68,-98],[67,-96],[67,-93],[66,-91],[66,-88],[66,-85],[67,-82],[66,-79],[64,-75],[64,-72],[64,-68],[63,-67],[64,-64],[63,-63],[64,-63],[65,-63],[66,-64],[66,-66],[67,-69],[69,-71],[71,-73],[74,-74],[77,-74],[79,-74],[79,-76],[81,-77],[80,-77],[79,-78],[78,-78],[76,-77],[73,-76]],[[148280,184352],[50,113],[48,113],[45,115],[45,115],[43,115],[42,113],[42,112],[41,111],[40,111],[39,112],[38,113],[38,116],[39,118],[40,122],[41,124],[42,128],[43,128],[44,130],[44,129],[45,126],[44,122],[43,118],[42,115],[40,114],[39,111],[38,108],[36,106],[35,102],[36,100],[37,97],[38,95],[41,92],[43,90],[46,89],[47,88],[50,90],[51,91],[51,94],[52,98],[51,103],[51,112],[50,121],[51,131],[51,137],[51,142],[53,143],[53,142],[53,138],[53,134],[54,128],[54,121],[54,114],[54,106],[54,102],[53,96],[53,94],[52,93]],[[150154,197927],[-24,-5],[-40,-15],[-41,18],[-37,-42],[-37,-23],[-47,23],[-44,0],[-47,29],[-46,-16],[-315,-291],[-42,67],[-48,28],[-46,-28],[-51,15],[-30,-69],[-21,-85],[-40,59],[-36,70],[-47,18],[-45,15],[-38,-44],[-36,-69],[-2,-8],[-219,-335],[-69,20],[-72,29],[-68,7],[-69,-7],[-76,-44],[-30,0],[-53,-49],[-52,-31],[-38,13],[-40,5],[-37,-36],[-26,-11],[-171,-28],[-71,31],[-70,8],[-70,46],[-72,-10],[-71,-47],[-71,-5],[-69,-49],[-29,-62],[-32,-51],[-85,-106],[-52,-18],[-39,-23],[-32,-47],[-24,-72],[-30,-59],[-64,-5],[-65,-19],[-64,-51],[-60,-78],[-63,-49],[-51,-113],[-53,-98],[-60,-83],[-46,-123],[-31,-85],[-19,-106],[-17,-111],[-11,-108],[-59,-96],[-62,-64],[-42,103],[-52,77],[-53,52],[-61,13],[-202,-294],[-5,0],[-28,-47],[-41,-59],[-126,103],[-65,-59],[-63,-65],[-25,-59],[-25,-54],[-63,-85],[-84,-307],[-23,-62],[-29,-137],[-81,-142],[-65,10],[-59,-59],[-185,-319]],[[51718,183546],[57,-93],[58,-91],[59,-90],[58,-89],[59,-87],[59,-87],[59,-85],[59,-84],[58,-83],[58,-83],[58,-83],[57,-82],[56,-83],[56,-85],[56,-85],[55,-87],[55,-90],[54,-93],[54,-96],[54,-100],[54,-104],[55,-106],[54,-109],[56,-112],[56,-115],[56,-117],[57,-118],[57,-121],[57,-122],[58,-122],[58,-122],[58,-123],[58,-121],[58,-120],[57,-118],[57,-115],[57,-112],[56,-107],[54,-104],[55,-100],[55,-99],[54,-98],[54,-96],[54,-95],[54,-95],[54,-93],[54,-93],[54,-93],[54,-92],[53,-91],[53,-92],[53,-91],[52,-92],[52,-92],[52,-93],[51,-94],[52,-95]],[[54890,177908],[65,66],[65,66],[67,64],[68,60],[69,56],[71,51],[72,47],[72,40],[72,32],[69,27],[67,26],[63,28],[61,32],[59,37],[58,45],[58,52],[59,61],[60,76],[60,91],[61,104],[62,111],[62,115],[63,113],[63,108],[62,97],[60,84],[59,68],[57,63],[57,62],[57,59],[57,57],[58,53],[58,52],[60,49],[60,49],[63,51],[63,51],[65,44],[67,41],[68,38],[69,38],[70,38],[70,40],[71,45]],[[74093,182232],[56,13],[43,49],[43,28],[42,54],[41,54],[40,57],[22,54],[22,28]],[[75110,182754],[27,-37],[3,-8],[35,-47],[134,-446],[102,-108],[-10,-147],[14,-150],[163,-263],[19,-70],[16,-72],[8,-87],[15,-75],[25,-57],[27,-54],[51,-101],[36,0],[39,-10],[36,15],[36,11],[146,-501],[9,-36],[22,-77],[-22,-111],[-12,-121],[-4,-132],[0,-126],[-5,-127],[7,-126],[17,-116],[2,-132],[-26,-134],[-38,-121],[-20,-147],[-22,-145],[19,-190],[-30,-145],[-5,-80],[-1,-77],[-19,-150],[-9,-155],[172,-283],[35,614],[171,-411],[-34,-61],[-28,-70],[-32,-72],[-34,-49],[-24,-93],[-32,-62],[-26,-83],[-12,-105],[81,-527],[209,-936],[199,-364],[40,-332],[155,-178],[5,-96],[3,-95],[-10,-96],[0,-203],[13,-88],[14,-101],[21,-80],[21,-85],[31,-62],[30,-33],[35,-80],[292,-426],[9,-116],[15,-113],[22,-106],[22,-98],[14,-44],[66,-374],[-16,-255],[-4,-16],[-2,-95],[74,-225],[197,142],[60,-67],[63,-26],[32,39],[26,65],[32,41],[24,67],[64,-34],[66,-13],[95,328],[4,227],[2,39],[4,139],[-1,134],[29,108],[9,37],[15,74],[16,65],[39,137],[5,15],[19,72],[17,75],[50,1163],[2,13],[12,96],[-4,95],[4,96],[6,136],[10,137],[-6,93],[5,183],[-34,356],[-102,526],[-6,75],[-13,80],[-16,64],[-15,73],[-18,64],[0,5],[-8,83],[-11,75],[-19,69],[-19,67],[-2,85],[-6,86],[-5,82],[-18,77],[-148,751],[-1,21],[-21,87],[-135,681],[7,137],[3,137],[-19,124],[-17,126],[67,-31],[69,28],[-25,137],[-41,116],[-9,21],[-63,229],[-14,140],[-33,129],[-46,105],[-39,114],[-155,810],[-5,41],[-31,139],[-28,140],[-63,446],[-53,490],[0,101],[-14,95],[-7,103],[-19,70],[-48,462],[-4,49],[-11,98],[-10,100],[1,14]],[[242863,191521],[19,-140],[18,-132],[14,-125],[8,-120],[4,-117],[2,-114],[3,-113],[7,-115],[11,-118],[16,-122],[20,-127],[17,-131],[15,-135],[12,-139],[10,-141],[7,-142],[6,-142],[4,-139],[6,-137],[9,-133],[14,-128],[15,-129],[11,-133],[7,-137],[3,-141]],[[243121,188271],[48,-65],[48,-68],[48,-71],[50,-72],[54,-72],[59,-75],[62,-82],[65,-88],[67,-93],[68,-95],[68,-97],[67,-96],[64,-92],[61,-87],[60,-78],[67,-65],[71,-58],[74,-54],[76,-56],[76,-59],[74,-67],[72,-77],[67,-88],[63,-93],[60,-90],[59,-87],[59,-83],[60,-82],[63,-80],[66,-80],[68,-81],[72,-83],[69,-87],[63,-91],[59,-92],[56,-92],[55,-90],[56,-86],[60,-80],[64,-74]],[[245639,185065],[50,97],[53,96],[53,96],[56,96],[57,95],[58,94],[60,95],[60,93],[61,93],[62,93],[62,92],[63,92],[62,92],[63,91],[62,92],[61,91],[61,91],[60,91],[60,91],[58,91],[57,90],[55,90],[55,90],[53,89],[51,89],[51,88],[50,88],[50,88],[49,87],[49,87],[49,87],[49,86],[50,85],[49,85],[51,85],[51,85],[52,85],[53,85],[54,86],[56,85],[56,86],[59,86],[60,87],[62,87],[64,87],[65,88],[66,88],[68,87],[68,88],[70,87],[70,88],[71,87],[71,88],[72,87],[71,87],[72,87],[71,87],[71,87],[71,87],[70,87],[69,87],[61,78]],[[249333,190575],[-146,669],[-32,371],[-91,612],[-277,320],[-253,196],[-244,523],[-127,3],[-11,451],[81,178],[67,39],[46,469],[45,57]],[[201713,184996],[3,-4],[50,-93],[45,-86],[44,-83],[42,-83],[45,-86],[47,-93],[51,-101],[56,-108],[58,-114],[62,-118],[63,-116],[61,-107],[58,-94],[55,-81],[54,-72],[52,-65],[53,-64],[53,-68],[55,-76],[59,-86],[60,-98],[62,-106],[61,-105],[58,-104],[56,-103],[53,-103],[51,-102],[48,-101],[47,-102],[47,-104],[46,-105],[49,-109],[53,-115],[56,-122],[59,-126],[60,-132],[61,-135],[59,-137],[58,-136],[56,-135],[53,-130],[51,-125],[49,-120],[50,-113],[49,-104]],[[204131,180326],[72,24],[73,24],[72,24],[73,24],[73,22],[74,19],[73,17],[74,13],[73,8],[74,5],[75,0],[75,-4],[74,-5],[75,-7],[74,-7],[73,-7],[73,-6],[72,-5],[72,-2],[70,1],[70,4],[70,8],[68,11],[68,15],[67,17],[67,22],[67,24],[67,26],[67,27],[68,27],[68,28],[69,27],[69,25],[69,24],[69,21],[69,21],[69,20],[68,19]],[[206824,180830],[43,119],[42,120],[42,121],[40,123],[39,125],[38,129],[36,131],[37,134],[37,134],[38,136],[39,136],[40,136],[40,137],[40,137],[40,137],[41,136],[40,135],[39,135],[39,134],[39,133],[37,131],[36,129],[35,126],[34,122],[33,118],[32,114],[32,112],[31,109],[31,108],[32,107],[32,106],[32,107],[33,107],[34,108],[36,110],[37,112],[36,115],[36,117],[34,119],[34,121],[33,122],[33,123],[32,123]],[[206847,191444],[-45,-11]],[[204446,191904],[-48,-11]],[[201903,187285],[-108,-426]],[[201795,186859],[-7,-315],[-11,-100],[-9,-101],[-8,-101],[-9,-101],[-10,-101],[-13,-99],[0,-116],[1,-117],[2,-116],[2,-117],[-1,-116],[-4,-115],[-5,-115],[-8,-115]],[[201715,185014],[-2,-18]],[[175899,186004],[49,-13],[80,-23],[79,-24],[75,-25],[74,-24],[72,-24],[71,-23],[70,-22],[69,-21],[70,-20],[69,-19],[71,-17],[72,-17],[73,-21],[76,-28],[78,-34],[79,-39],[79,-44],[80,-46],[79,-47],[78,-47],[77,-46],[74,-43],[72,-40],[69,-35],[70,-31],[70,-30],[70,-27],[71,-26],[70,-26],[71,-27],[70,-27],[70,-28],[71,-31],[70,-34],[70,-38],[67,-40],[63,-41],[60,-41],[59,-41],[57,-40],[58,-38],[58,-37],[60,-33],[62,-29],[66,-26],[68,-23],[72,-18],[73,-13],[73,-9],[73,-6],[74,-4],[74,-3],[74,-3],[75,-5],[74,-7],[75,-10],[75,-13],[74,-17],[76,-20],[79,-22]],[[180226,184398],[42,124],[45,121],[46,119],[48,114],[51,112],[52,108],[54,105],[54,104],[55,103],[54,104],[53,106],[51,109],[49,111],[47,114],[45,117],[44,119],[42,122],[41,123],[40,124],[40,124],[40,123],[40,121],[42,118],[42,115],[44,111],[44,108],[46,105],[47,103],[47,100],[47,100],[48,100],[47,102]],[[177144,196198],[60,-249],[-60,-225],[-83,-175],[-30,-645],[113,-247],[21,-356],[-58,-748],[90,-581],[13,-253],[-150,-172],[-141,-514],[-27,-503],[-55,-180],[-64,-11],[6,-74],[-87,-607],[-90,-294],[-83,-626],[-54,-173],[-27,-434],[-116,-162],[-70,-890],[-51,-469],[-58,-380],[-56,-317],[-157,-632],[60,-98],[-91,-179]],[[237449,189877],[4,-94],[2,-92],[0,-96],[0,-104],[4,-115],[9,-128],[12,-138],[14,-142],[14,-140],[13,-138],[12,-135],[9,-129],[7,-124],[4,-129],[-2,-139],[-6,-146],[-11,-152],[-13,-156],[-11,-159],[-6,-161],[1,-159],[11,-154],[21,-149],[28,-142],[33,-136],[37,-135],[39,-134],[40,-134],[41,-137],[39,-139],[37,-143],[31,-146],[27,-150],[24,-154],[17,-156],[13,-157],[9,-157],[7,-158]],[[237959,184620],[61,-31],[60,-31],[63,-29],[65,-28],[70,-25],[76,-22],[78,-21],[75,-24],[75,-25],[73,-27],[73,-28],[71,-28],[70,-28],[70,-28],[70,-28],[70,-27],[71,-27],[74,-26],[78,-27],[81,-27],[83,-29],[82,-31],[83,-34],[81,-38],[78,-41],[75,-44],[71,-49],[69,-56],[71,-63],[71,-68],[72,-72],[73,-73],[72,-73],[72,-70],[72,-66],[70,-60],[69,-51],[65,-38],[62,-21],[59,-7],[57,4],[56,10]],[[240946,183113],[50,107],[49,108],[48,107],[47,107],[47,107],[46,106],[45,106],[45,107],[45,107],[45,107],[44,108],[45,109],[45,111],[45,111],[45,113],[46,115],[46,116],[48,118],[48,119],[48,122],[50,124],[51,126],[51,128],[52,129],[53,130],[53,131],[54,131],[53,131],[54,131],[54,131],[54,130],[54,128],[53,128],[53,126],[52,123],[51,122],[51,119],[50,117],[51,115],[51,112],[50,111],[51,110],[51,107],[51,107]],[[192135,190085],[24,-157],[25,-159],[27,-159],[26,-157],[25,-154],[24,-147],[20,-142],[19,-138],[15,-133],[14,-129],[12,-127],[10,-123],[10,-122],[10,-121],[10,-121],[10,-122],[10,-126],[11,-129],[11,-136],[15,-141],[20,-146],[26,-149],[28,-153],[29,-155],[30,-158],[30,-160],[30,-161],[29,-163],[28,-162],[26,-160],[23,-157],[19,-152],[16,-147],[16,-144],[16,-140],[17,-138],[17,-135],[17,-132]],[[192880,184630],[68,-33],[69,-29],[70,-25],[73,-21],[75,-19],[77,-17],[79,-16],[81,-17],[82,-18],[84,-22],[82,-29],[79,-38],[75,-48],[73,-55],[71,-62],[70,-66],[68,-68],[69,-67],[71,-63],[72,-56],[76,-45],[80,-33],[83,-19],[85,-9],[86,-3],[86,0],[85,-1],[82,-5],[79,-13],[77,-23],[74,-34],[69,-49],[66,-58],[64,-61],[61,-62],[59,-64],[59,-64],[58,-63],[58,-64],[60,-62],[60,-61],[63,-61],[65,-60],[68,-63]],[[196071,182884],[62,93],[61,91],[61,89],[61,88],[59,85],[59,84],[57,82],[57,81],[57,78],[56,76],[55,75]],[[196716,183806],[12,162],[12,157],[14,154],[15,152],[16,148],[18,146],[19,143],[19,141],[20,139],[20,138],[19,138],[17,138],[15,138],[11,139],[8,139],[3,139],[1,139],[-2,138],[-4,138],[-4,138],[-5,137],[-3,135],[-1,134],[1,133],[5,131],[8,131],[11,133],[13,134],[14,138],[16,142],[15,145],[16,150],[15,154],[15,158],[13,161],[12,162],[11,160],[9,155],[7,151],[5,147],[5,145],[5,143],[4,143],[4,142],[5,143],[5,143],[7,144],[8,145]],[[196716,183806],[64,-74],[65,-73],[66,-72],[68,-68],[69,-64],[72,-59],[73,-54],[74,-50],[75,-49],[74,-50],[74,-53],[72,-57],[71,-62],[69,-69],[66,-77],[64,-83],[62,-85],[59,-85],[57,-83],[56,-80],[55,-78],[54,-74],[54,-72],[55,-71],[56,-70],[59,-72],[59,-80],[59,-90],[60,-98],[60,-104],[60,-107],[60,-107],[49,-82]],[[198806,181354],[-30,176]],[[198776,181530],[-38,101],[3,36],[-7,139],[-2,144],[-8,145],[-13,144],[-5,65],[50,-40],[49,-45],[48,-47],[49,-44],[50,-37],[52,-27],[53,-16],[43,-58],[43,-61],[43,-59],[44,-54],[44,-48],[46,-40],[47,-32],[48,-25],[49,-19],[50,-16],[50,-14],[49,-15],[49,-17],[49,-21],[186,-13],[52,9],[52,8],[52,6],[52,2],[52,-1],[52,-5],[53,-5],[52,-6],[53,-3],[52,2],[52,8],[51,16],[51,25],[51,32],[51,40],[50,45],[47,-48],[47,-42],[49,-31],[49,-18],[51,-7],[51,0],[51,-1],[97,-96],[106,250],[50,26],[49,33],[48,37],[49,34],[49,30],[7,115],[7,115],[9,115],[10,115],[10,114],[10,114],[11,114],[10,114],[9,114],[9,115],[8,115],[8,115],[8,115],[8,115],[8,114],[9,115],[1,102],[1,101],[2,102],[2,102],[2,101],[1,102],[0,102],[8,115],[9,114],[10,114],[10,115]],[[201705,184900],[10,114]],[[201795,186859],[1,4]],[[139176,189658],[9,-14],[68,-114],[67,-113],[66,-111],[64,-109],[63,-103],[62,-98],[61,-92],[59,-89],[56,-90],[54,-92],[51,-96],[50,-99],[47,-103],[46,-108],[45,-113],[45,-117],[45,-119],[46,-122],[47,-122],[50,-121],[52,-119],[57,-114],[60,-109],[63,-104],[65,-101],[67,-97],[67,-96],[66,-97],[65,-98],[64,-100],[62,-103],[60,-106],[58,-109],[56,-112],[54,-113],[53,-114],[53,-112],[52,-109],[55,-99],[56,-89],[57,-81],[60,-75],[60,-72],[61,-73],[61,-76],[60,-80],[58,-86],[58,-93],[56,-101],[56,-109],[56,-116],[56,-123],[57,-126],[58,-123],[57,-117],[57,-111],[57,-104],[58,-97],[58,-91],[57,-86],[58,-84],[58,-85],[58,-88],[57,-91],[57,-95],[56,-100],[56,-106],[56,-112]],[[143076,182711],[61,68],[64,64],[67,61],[69,57],[71,56],[73,54],[73,54],[73,53],[72,54],[70,57],[67,61],[63,67],[59,76],[55,84],[50,91],[47,94],[47,96],[47,98],[48,100],[50,101],[54,102],[56,103],[59,103],[62,103],[64,104],[66,103],[65,103],[64,102],[62,100],[59,98],[58,90],[57,81],[56,73],[55,67],[55,65],[55,64],[54,66],[54,70],[54,76],[53,82],[53,89],[53,96],[53,101],[52,106],[52,107],[51,105],[51,101],[51,98],[51,94],[52,91]],[[145055,194064],[-30,-52],[-166,-80],[-18,5],[-60,-47],[-145,34],[-45,13],[-46,5],[-37,72],[-42,49],[-61,-56],[-60,-75],[-33,44],[-40,20],[-36,3],[-38,26],[-34,38],[-37,24],[-38,23],[-37,0],[-2,113],[-8,111],[-20,-18],[-25,90],[21,42],[-56,-39],[-53,-54],[-52,-52],[-53,-54],[-47,-13],[-21,-21],[-118,-59],[-52,72],[-53,65],[-51,10],[-64,59],[-38,-20],[-31,-52],[-21,-56],[-38,-49],[-122,100],[-355,-219],[-106,64],[-54,57],[-43,-2],[-131,67],[-27,72],[-30,49],[-28,67],[-27,72],[-34,13],[-33,34],[-35,43],[-33,34],[-167,371],[-74,557],[-47,171],[-46,-47],[-48,-7],[-41,-65],[-32,-93],[-282,-90],[-83,-609],[-32,-131],[-11,-116],[-15,-86],[-19,-79],[-33,-124],[-35,-129],[-15,-152],[-11,-137],[-27,-150],[-24,-118],[-11,-127],[-186,-841],[-11,-41],[-25,-134],[-29,-145],[-7,-80],[-13,-69],[-49,-108],[-46,-114],[-45,-119],[-19,-72],[-24,-54],[-22,-70],[-20,-64],[-22,-62],[-19,-72],[-48,-31],[-43,-36],[-32,-101],[-41,-64],[-72,-91],[-25,-15],[-36,-60],[-56,-72],[-36,-41],[-36,-21],[-29,-54],[-33,-54],[-260,-245],[-28,-21],[-42,-46],[-110,-98],[-48,-54],[-52,-18],[-13,-3],[-41,-5],[-48,-52],[-44,-67],[-38,-82],[-50,-42],[-47,-41],[-35,-98],[-35,-95],[-38,-88],[-30,-77]],[[217429,182015],[139,-304]],[[217568,181711],[21,-97],[19,-99],[21,-98],[23,-93],[28,-89],[29,-85],[31,-84],[109,-54],[61,154]],[[217910,181166],[53,33]],[[217963,181199],[17,88],[29,157],[30,163],[30,167],[30,172],[30,175],[30,177],[30,178],[31,179],[30,177],[31,176],[31,172],[31,169],[32,163],[31,156],[32,149],[34,142],[35,135],[37,132],[37,128],[39,127],[38,125],[39,125],[37,125],[37,126],[35,128],[34,132],[32,135],[29,139],[26,144],[22,149],[19,152],[16,153],[15,156],[15,155],[14,155],[16,154],[17,152],[19,150],[21,147],[25,144],[28,142],[30,140],[33,138],[32,140],[31,139],[31,140],[30,139]],[[213956,191644],[-2,-41]],[[214203,189614],[35,-310]],[[214238,189304],[32,-83],[33,-83],[31,-84],[29,-88],[26,-93],[23,-97],[-28,-89],[-28,-87],[-31,-84],[-32,-81],[-33,-80],[-48,-15],[-48,-16],[-47,-20],[-48,-22],[-47,-28],[-46,-30],[-51,-106],[-14,-60],[-10,-105],[-13,-103],[-4,-122],[-5,-111],[0,-108],[-12,-116],[-3,-114],[-10,-103],[-14,-108],[-8,-121],[-10,-109],[-30,-87],[-19,-109],[-18,-98],[-25,-87],[-12,-88],[12,-41],[-32,-57],[-1,-41],[-27,-91],[-13,-111],[-6,-116],[11,-180],[130,-114],[41,60],[38,68],[30,80],[24,92],[20,100],[140,-304],[27,-98],[25,-100],[25,-101],[22,-103],[20,-105],[19,-107],[116,-191],[52,-14],[51,-6],[52,5],[51,13],[51,20],[36,-81],[35,-85],[36,-82],[40,-74],[43,-65],[22,-89],[23,-88],[25,-84],[29,-78],[32,-73],[34,-70],[39,-76],[39,-71],[41,-65],[42,-55],[45,-42],[47,-30],[50,-19],[51,-9],[52,-5],[28,-100],[30,-94],[35,-81],[41,-65],[47,-50],[51,-40],[20,-93],[54,-271],[154,98],[33,90],[32,91],[31,92],[31,94],[30,94],[30,94],[92,185],[158,-118],[43,-36],[43,-25],[44,-13],[45,-2],[45,4],[45,5],[9,-142],[38,-421],[210,-144],[133,-176],[38,-77],[39,-74],[39,-74],[37,-77],[35,-83],[31,-91],[29,-96],[46,5],[46,-1],[46,-10],[45,-19],[44,-24],[45,-26]],[[58313,180140],[17,-147],[18,-145],[19,-145],[21,-145],[22,-145],[24,-144],[26,-143],[27,-143],[28,-143],[28,-144],[29,-144],[30,-147],[29,-150],[29,-152],[29,-155],[27,-159],[26,-159],[24,-157],[22,-157],[21,-158],[20,-160],[19,-162],[18,-165],[17,-167],[18,-170],[18,-171],[19,-172],[21,-171],[24,-170],[24,-163],[22,-152],[21,-143],[19,-134],[19,-126],[19,-120],[18,-117],[19,-115],[19,-117],[20,-121],[21,-128],[23,-137],[24,-145],[25,-148],[27,-150],[28,-152],[29,-152],[30,-150],[30,-150],[31,-148],[30,-146],[30,-145],[29,-143]],[[59540,172448],[58,-15],[58,-14],[58,-15],[60,-15],[61,-15],[64,-17],[66,-17],[68,-18],[69,-19],[71,-20],[72,-18],[73,-17],[73,-16],[73,-13],[72,-9],[72,-6],[70,-1],[70,3],[68,8],[67,11],[69,13],[68,15],[69,16],[70,18],[69,18],[70,20],[70,21],[69,21],[70,22],[70,22],[69,21],[70,26],[70,32],[70,38],[71,42],[70,45],[71,46],[70,45],[71,43],[70,40],[69,35],[69,28],[69,20],[68,10],[64,3],[61,-2],[59,-7],[56,-12],[54,-15],[53,-17],[52,-17],[52,-17],[52,-16],[53,-14],[55,-12],[58,-9],[60,-7],[62,-11],[63,-14],[63,-17],[56,-16]],[[63527,172682],[24,91],[128,730],[26,534],[-10,0],[-19,13],[-54,26],[-14,82],[-11,34],[-39,188],[11,131],[-6,132],[-10,132],[-31,108],[-38,88],[-43,59],[19,253],[-6,126],[-14,132],[-22,118],[-13,137],[-54,116],[5,98],[9,101],[-9,98],[-1,103],[25,49],[27,59],[17,78],[17,82],[-65,217],[52,80],[35,129],[25,82],[13,103],[21,88],[26,85],[19,96],[8,105],[6,106],[13,101],[-101,327],[171,16],[140,446],[151,299],[1,5],[42,78],[117,222],[63,23],[57,36],[43,114],[44,59]],[[153796,186897],[4,-171],[4,-172],[3,-172],[5,-173],[4,-172],[5,-171],[6,-170],[6,-168],[7,-166],[8,-161],[11,-156],[12,-153],[14,-151],[14,-149],[15,-149],[15,-149],[15,-150],[13,-151],[12,-152],[9,-155],[8,-159],[9,-165]],[[153995,183362],[58,-131],[59,-131],[58,-131],[57,-132],[55,-134],[53,-132],[51,-130],[50,-125],[49,-118],[48,-111],[48,-105],[48,-98],[48,-92],[48,-89],[48,-88],[49,-87],[49,-90],[52,-92],[55,-94],[54,-95],[53,-95],[54,-96],[52,-97],[52,-96],[52,-97],[50,-98],[51,-97],[50,-97],[51,-97],[50,-98],[51,-97],[51,-95],[52,-94],[51,-92],[50,-92],[47,-92]],[[155849,179627],[58,37],[57,37],[56,37],[56,37],[55,38],[56,38],[57,37],[57,38],[60,38],[61,38],[64,38],[65,40],[68,42],[69,44],[70,45],[71,47],[71,47],[72,48],[71,48],[71,48],[71,47],[70,46],[68,45],[68,43],[66,42],[64,42],[63,42],[62,42],[60,41],[59,39],[59,39],[59,36],[59,33],[61,32],[63,29],[65,29],[68,26],[70,27],[72,29],[71,31],[72,34],[72,35],[72,37],[72,38],[72,38],[72,38]],[[158844,181409],[27,147],[30,141],[31,138],[32,134],[33,131],[33,128],[34,127],[34,127],[33,126],[34,127],[32,129],[32,131],[31,134],[30,138],[29,140],[27,139],[26,140],[25,139],[25,140],[25,141],[25,141],[26,143],[27,144],[27,145],[29,147],[31,148],[31,149],[32,151],[31,155],[31,157],[30,158],[29,158],[28,156],[28,154],[3,21]],[[159855,186233],[-23,28],[-29,74],[-34,60],[-33,72],[-13,77],[-11,57],[-79,436],[0,186],[4,64],[-4,116],[0,134],[-66,217],[-5,47],[-37,131],[-47,111],[-43,34],[-47,12],[-44,47],[-47,28],[-44,26],[-47,3],[-47,-21],[-48,-5],[-61,38],[-57,80],[-65,37],[-62,-6],[-26,73],[-35,43],[-22,29],[-64,113],[-7,21],[-29,64],[-34,47],[-34,46],[-46,31],[-46,39],[-46,-5],[-50,23],[-42,28],[-42,13],[-37,49],[-39,47],[-39,10],[-44,3],[-41,-42],[-41,-2],[-47,59],[-33,31],[-28,31],[-34,52],[-50,41],[-52,-13],[-3,-3],[-158,-33],[-58,-18],[-58,-44],[-61,-28],[-54,-75],[-54,41],[-55,26],[-52,-49],[-57,5],[-44,46],[-51,0],[-48,16],[-45,-28],[-50,51],[-5,3],[-142,144],[-83,121],[-7,18],[-18,75],[-65,65],[-62,75],[-183,59],[-105,149],[-211,47],[-1,2],[-72,13],[-50,354],[-1,49],[-24,131],[11,207],[-66,136],[-9,29],[-26,46],[-32,-111],[-30,-118],[-42,-18],[-13,-24],[-58,-46],[-12,2],[-42,-38],[7,118],[-1,59]],[[211594,185557],[20,-168],[22,-170],[24,-170],[26,-170],[28,-171],[29,-170],[28,-170],[26,-169],[23,-167],[16,-165],[9,-167],[3,-168],[0,-166],[-2,-167],[-3,-169],[-3,-172],[-1,-176],[1,-181],[1,-184],[3,-187],[3,-188],[2,-186],[1,-183],[-2,-178],[0,-172],[1,-166],[0,-159],[-1,-156],[-3,-154],[-6,-152],[-10,-153],[-12,-152],[-14,-153],[-14,-153],[-13,-151],[-8,-150],[-3,-153],[4,-160],[11,-166],[16,-171],[20,-172],[21,-169],[21,-162],[19,-153],[16,-139],[12,-129],[9,-119],[5,-114],[5,-115],[4,-118],[5,-122],[7,-128],[8,-134],[9,-140],[11,-145],[11,-150],[12,-151],[11,-149],[10,-147]],[[212012,176218],[67,-31],[66,-32],[66,-31],[65,-33],[66,-32],[67,-34],[68,-35],[71,-36],[72,-38],[73,-45],[73,-52],[73,-59],[71,-61],[71,-63],[70,-61],[69,-58],[68,-53],[68,-46],[67,-40],[67,-32],[68,-25],[69,-21],[70,-18],[70,-16],[72,-16],[72,-16],[72,-18],[73,-21],[72,-23],[70,-26],[68,-30],[65,-28],[63,-29],[60,-29],[58,-31],[57,-33],[56,-34],[55,-36],[57,-37],[58,-38]],[[214695,174821],[43,127],[43,128],[43,127],[44,127],[43,125],[44,122],[44,120],[43,116],[44,112],[43,107],[43,102],[43,101],[43,100],[43,99],[43,99],[43,98],[43,98],[43,99],[43,98],[44,99],[43,100],[44,100],[43,101],[44,103],[44,103],[45,105],[44,105],[45,104],[45,101],[45,102],[45,101],[46,102],[46,103],[46,106],[47,107],[47,111],[47,113],[47,116],[47,120],[48,123],[47,126],[47,130],[47,133],[49,135],[50,136],[50,138],[51,138],[51,139],[51,139],[51,138],[50,139],[49,138],[48,138],[48,137],[47,136],[46,136],[45,135],[45,135],[43,136],[42,138],[28,92]],[[217453,181963],[-24,52]],[[214238,189304],[-17,154]],[[48924,180417],[58,-68],[114,-452],[85,-20],[109,-408],[-72,-433],[60,-563],[-8,0],[-30,-7],[-91,0],[84,-640],[-142,59],[-41,310],[-148,-227],[-358,134],[33,-304],[123,-372],[192,-245],[20,-369],[316,-291],[94,-289],[162,-46],[147,-493],[116,149],[310,-80],[74,-358],[280,-493],[324,-402],[128,-402],[110,-617],[0,-993],[-58,-374],[44,-691],[102,10],[103,-255],[29,-320],[116,173],[54,-261],[146,-327],[340,-473],[399,-918],[230,-307],[119,-482],[61,-660],[169,-310],[157,338],[151,165],[91,413],[-42,570],[-172,196],[-13,333],[-122,325],[9,239],[-139,-41],[-22,281],[-129,178],[-203,-160],[-133,80],[-98,320],[-52,426],[74,549],[-93,444],[-124,286],[-97,697],[-148,335],[-97,348],[-48,413],[37,245],[-123,707],[18,252],[-107,124],[5,256],[-216,446],[-175,168],[11,314],[-122,88],[-193,874],[-192,214],[-146,460],[7,281],[-26,420],[-66,212],[-26,402],[-168,67],[-143,730],[-181,240],[-128,519]],[[50572,182113],[28,-116],[106,-286],[-35,-251],[137,-87],[97,-803],[217,-397],[-24,-124],[138,-314],[42,-258],[203,-188],[187,-702],[167,-255],[168,-137],[45,116],[190,-206],[-35,-485],[58,-493],[233,-511],[310,-185],[57,-573],[141,-266],[120,101],[98,-119],[150,-366],[10,-338],[91,-41],[-15,-44],[-64,-103],[-49,-34],[-1,-8],[-127,-484],[-3,-498],[226,-307],[52,-248],[194,-93],[373,-492],[103,-225],[192,-103],[-69,-294],[44,-151]],[[54327,171745],[12,74],[23,155],[20,157],[16,159],[11,168],[8,176],[5,185],[3,185],[2,175],[2,160],[3,143],[3,126],[4,113],[5,109],[4,113],[3,125],[5,137],[5,145],[7,149],[8,149],[9,145],[10,138],[11,131],[12,127],[13,125],[15,130],[16,140],[17,154],[22,162],[28,165],[30,168],[30,172],[29,174],[24,175],[21,175],[19,174],[18,170],[20,165],[23,160],[23,157],[24,153]],[[232268,188238],[35,-155],[39,-157],[42,-156],[45,-154],[46,-151],[45,-148],[44,-144],[39,-146],[34,-147],[28,-145],[23,-142],[19,-138],[15,-136],[13,-135],[11,-135],[11,-137],[11,-141],[13,-147],[14,-157],[14,-158],[13,-157],[12,-158],[13,-161],[16,-167],[18,-173],[20,-178],[23,-182],[23,-182],[22,-177],[20,-166],[20,-152],[20,-138],[20,-127],[22,-121],[24,-119],[26,-122],[29,-127],[32,-130],[36,-130],[37,-127],[39,-118],[40,-109],[41,-100],[41,-95],[40,-98]],[[233456,181795],[73,17],[71,14],[72,11],[70,6],[70,1],[69,-7],[69,-14],[68,-19],[68,-23],[68,-27],[67,-28],[67,-28],[68,-27],[68,-25],[68,-21],[68,-16],[69,-10],[70,-4],[73,-1],[74,0],[75,2],[77,3],[77,4],[76,4],[77,3],[76,3],[75,2],[73,0],[71,-1],[68,-3],[63,0],[59,3],[57,4],[55,5],[55,7],[55,7],[57,6],[59,7],[62,5],[67,4],[72,1],[75,1],[77,2],[77,3],[78,4],[79,5],[78,5],[79,4]],[[236795,181684],[45,134],[46,131],[47,128],[48,126],[50,124],[50,123],[51,121],[52,120],[52,119],[52,119],[51,119],[52,119],[50,119],[50,120],[48,121],[47,122],[47,121],[46,121],[47,121],[47,121],[46,121],[47,122],[47,122],[46,122]],[[223070,187750],[22,-186],[22,-183],[23,-182],[26,-179],[26,-176],[27,-172],[25,-167],[22,-162],[18,-157],[15,-151],[10,-146],[7,-143],[6,-142],[5,-143],[7,-146],[11,-152],[15,-160],[19,-166],[21,-166],[24,-164],[24,-158],[24,-151],[23,-144],[22,-135],[20,-130],[19,-125],[16,-124],[15,-124],[13,-125],[12,-123],[9,-120],[7,-118],[5,-116],[3,-114],[2,-114],[3,-115],[3,-116],[6,-119],[11,-124],[18,-129],[27,-142],[33,-158],[38,-169],[39,-176],[40,-177],[39,-175],[36,-170],[34,-165],[30,-159],[27,-155],[24,-153],[21,-154],[19,-156],[16,-154],[15,-154],[12,-155],[10,-158],[9,-161],[7,-165],[7,-170],[6,-172],[5,-158]],[[224170,178427],[24,-18]],[[224194,178409],[150,224]],[[224344,178633],[140,-188]],[[224484,178445],[159,-82],[3,-215],[171,-100],[32,-170],[174,74],[148,233],[47,1],[48,2],[47,-1],[47,-8],[47,-17],[46,-26],[142,304],[-71,263],[36,64],[37,64],[37,62],[38,58],[39,53],[41,48],[42,46],[208,108],[-23,204],[114,371],[107,158],[49,36],[50,29],[50,20],[51,11],[51,1],[52,-4],[51,-6],[39,88],[79,193],[43,41],[44,39],[44,39],[43,41],[43,44],[15,351],[107,248],[44,29],[43,36],[40,47],[37,59],[35,68],[124,-327],[47,-11],[47,-9],[47,-11],[47,-13],[47,-15],[151,-184],[218,26],[28,315],[169,21],[27,252]],[[228162,181393],[22,0]],[[228184,181393],[8,52],[23,156],[19,157],[14,157],[9,157],[7,157],[3,157],[3,155],[3,154],[3,156],[6,156],[8,158],[12,157],[16,156],[20,153],[23,151],[26,149],[27,146],[28,143],[29,140],[28,136],[29,134],[27,134],[27,133],[26,137],[23,140],[22,148],[20,154],[17,159],[15,162],[15,162],[14,163],[14,160],[15,157],[16,152],[18,148],[19,145],[19,141],[22,139],[21,140],[20,141],[18,144],[15,149]],[[245639,185065],[28,-143],[31,-143],[34,-140],[33,-134],[31,-125],[29,-113],[26,-106],[23,-101],[19,-104],[18,-114],[15,-132],[12,-153],[9,-169],[4,-180],[-2,-185],[-6,-185],[-11,-181],[-14,-175],[-17,-168],[-18,-160],[-16,-156],[-13,-154],[-3,-149],[7,-145],[14,-142],[20,-139],[21,-135],[20,-132],[18,-127],[14,-124],[11,-121]],[[245976,180630],[62,-45],[57,-43],[53,-38],[49,-34],[47,-30],[47,-26],[46,-26],[50,-28],[54,-35],[62,-45],[73,-59],[82,-76],[89,-88],[94,-96],[94,-99],[94,-96],[89,-88],[83,-79],[74,-65],[67,-61],[62,-65],[59,-71],[58,-77],[59,-81],[61,-84],[64,-86],[67,-83],[71,-78],[71,-66],[69,-55],[68,-48],[66,-43],[64,-41],[61,-45],[60,-51],[58,-62],[57,-74],[56,-81],[51,-81],[48,-79],[45,-77],[45,-78],[44,-78],[45,-81],[47,-84],[51,-89],[54,-91],[55,-94],[55,-92],[55,-91],[55,-86],[55,-81],[55,-77],[55,-72],[5,-5]],[[249293,176946],[14,227],[113,189],[-10,283],[124,457],[19,266],[116,77],[37,250],[190,436],[356,75],[-124,689],[140,381],[6,431],[-61,403],[198,-98],[58,265],[54,686],[-45,88],[-385,-487],[-2,234],[202,101],[245,547],[-60,206],[-205,178],[-145,477],[-108,235],[-199,0],[-218,-338],[-136,124],[175,410],[35,276],[255,317],[300,315],[237,49],[60,119],[-81,417],[-136,387],[-323,459],[-170,424],[-214,177],[-124,470],[55,95],[141,-454],[115,-41],[148,209],[329,-353],[122,-83],[94,129],[-90,439],[-148,234],[-175,116],[-72,656],[-382,472],[-44,201],[31,629],[-142,415],[-93,596],[-37,167]],[[148280,184352],[31,-150],[30,-150],[28,-148],[27,-148],[26,-145],[25,-142],[25,-141],[23,-138],[21,-138],[19,-136],[17,-137],[15,-137],[15,-138],[13,-139],[14,-140],[13,-143],[14,-143],[14,-145],[15,-146],[17,-146],[17,-147],[19,-151],[21,-154],[22,-156],[22,-159],[24,-160]],[[148807,180575],[61,-56],[62,-59],[62,-63],[64,-68],[63,-66],[61,-64],[59,-61],[59,-61],[58,-59],[57,-59],[57,-60],[58,-59],[58,-61],[59,-63],[60,-64],[61,-67],[63,-69],[65,-75],[66,-80],[68,-84],[69,-86],[70,-87],[70,-85],[69,-84],[69,-80],[68,-74],[67,-69],[66,-63],[65,-55],[64,-50],[63,-44],[63,-40],[64,-38],[64,-37],[66,-37],[67,-37],[71,-39],[72,-42]],[[151235,178230],[51,85],[50,87],[49,86],[49,87],[49,87],[51,86],[52,89],[56,93],[57,96],[60,101],[63,103],[64,107],[65,109],[66,108],[66,108],[66,107],[64,106],[63,105],[62,103],[60,103],[58,100],[56,99],[56,100],[54,101],[52,103],[51,107],[49,110],[48,113],[46,116],[44,117],[45,119],[44,118],[44,116],[45,116],[45,116],[48,114],[48,112],[50,110],[52,107],[53,102],[54,98],[55,96],[56,94],[55,91],[56,90],[56,89],[55,87],[56,86],[55,84],[55,83],[56,82]],[[206824,180830],[32,-111],[40,-114],[49,-118],[54,-120],[57,-123],[54,-123],[47,-121],[36,-119],[28,-126],[22,-133],[20,-137],[21,-138],[24,-137],[30,-134],[37,-130],[41,-127],[46,-125],[46,-126],[43,-129],[37,-132],[32,-129],[27,-126],[23,-124],[19,-124],[16,-126],[13,-130],[12,-135],[12,-141],[12,-145],[14,-150],[17,-152],[23,-152],[30,-142],[40,-129],[47,-118],[54,-113],[58,-115],[60,-120],[60,-127],[56,-137],[52,-146],[49,-153],[45,-160],[43,-162],[41,-153],[42,-140]],[[208485,174758],[72,-24],[71,-16],[71,-11],[70,-8],[69,-9],[69,-13],[66,-22],[65,-33],[63,-47],[61,-62],[60,-73],[58,-81],[57,-87],[56,-88],[56,-87],[54,-83],[55,-77],[54,-67],[54,-55],[54,-44],[56,-36],[57,-29],[58,-27],[61,-27],[62,-29],[64,-32],[65,-38],[65,-44]],[[210208,173509],[51,108],[50,106],[50,103],[51,101],[51,97],[51,93],[51,89],[51,84],[51,79],[52,76],[51,71],[51,68],[51,65],[50,63],[51,62],[51,63],[51,63],[52,66],[52,68],[54,70],[53,73],[55,76],[55,79],[56,80],[56,82],[57,83],[57,84],[57,82],[57,81],[56,80],[56,78],[56,78],[55,78],[55,80]],[[183770,186923],[35,-166],[39,-168],[43,-168],[46,-168],[48,-164],[49,-157],[46,-151],[44,-143],[40,-134],[37,-127],[33,-121],[31,-118],[30,-121],[29,-128],[30,-136],[30,-147],[32,-155],[31,-163],[32,-167],[30,-166],[30,-157],[29,-143],[29,-129],[29,-115],[28,-101],[28,-92],[26,-89],[26,-88],[26,-88],[27,-89],[27,-92],[28,-96],[28,-102],[28,-107],[27,-114],[28,-120],[26,-123],[27,-127],[26,-130],[27,-139],[28,-146],[30,-151],[31,-153],[31,-152],[32,-149],[32,-147],[33,-142],[32,-140],[31,-139],[31,-137],[29,-138]],[[185395,180120],[68,-5],[66,-3],[65,-1],[65,0],[63,-1],[64,-1],[64,-3],[64,-6],[65,-8],[66,-13],[67,-18],[69,-23],[68,-29],[67,-33],[67,-37],[67,-39],[66,-41],[66,-41],[66,-40],[66,-39],[67,-35],[67,-32],[68,-27],[69,-20],[70,-13],[70,-4],[71,1],[71,7],[71,10],[71,13],[71,15],[72,14],[71,14],[72,10],[71,7],[44,0]],[[187810,179699],[-83,428],[-138,565],[-47,430],[-6,207],[-76,126],[-128,-103],[-11,395],[99,160],[187,-31],[-141,490],[-60,443],[228,80],[102,-142],[169,0],[95,163],[202,-21],[44,127],[-63,549],[105,384],[155,-23],[-137,-418],[137,-226]],[[188443,183282],[0,22],[2,167],[1,166],[4,158],[9,145],[12,136],[14,128],[15,124],[17,122],[15,124],[15,128],[12,133],[9,141],[6,150],[3,160],[1,169],[1,175],[0,180],[0,182],[0,184],[1,185],[1,184],[2,184],[3,180],[3,178],[3,173],[4,169],[4,161],[2,153],[0,145],[0,138],[0,134],[-1,130],[0,129],[0,129]],[[217963,181199],[141,89]],[[218104,181288],[129,-83],[16,-106],[18,-105],[21,-101],[26,-96],[31,-90],[-9,-245],[114,-113],[60,-194],[25,-82],[130,-83],[63,-201],[205,-160],[112,222],[99,-116],[-81,-307],[10,-232],[150,-140],[146,65],[152,-90],[56,108],[149,-317],[5,-113],[10,-108],[18,-101],[24,-95],[27,-92],[27,-92],[67,10],[128,242],[195,-198],[64,134],[27,266],[96,28]],[[220414,178703],[89,-212]],[[220503,178491],[185,-128],[148,-276],[48,-1],[49,-2],[48,-3],[48,-4],[48,-4],[49,-5],[48,-5],[109,-5],[124,209],[50,-12],[50,-16],[50,-17],[50,-20],[50,-20],[12,181],[215,64],[41,48],[40,50],[39,55],[37,60],[37,63],[178,-255],[37,-325],[-1,-122],[-5,-119],[-14,-112],[-22,-105],[-31,-98],[-34,-94],[28,-289],[108,-207],[35,91],[33,93],[28,100],[19,109],[11,117],[6,122],[66,21],[68,284],[42,69],[38,73],[33,84],[26,94],[22,103],[19,108],[122,322],[165,104],[88,250],[34,18],[145,77],[164,-13],[49,-17],[47,-22],[47,-30],[45,-41],[43,-51],[43,-55],[-92,-359],[47,-1],[48,-3],[47,-8],[47,-11],[47,-13],[50,-19],[49,-24],[48,-31],[48,-35],[47,-37]],[[224146,178446],[24,-19]],[[228184,181393],[26,1]],[[228210,181394],[48,2],[48,4],[48,8],[48,12],[48,16],[47,19],[36,-73],[34,-77],[29,-85],[26,-91],[24,-94],[-121,-145],[24,-361],[141,196],[78,-82],[27,-95],[24,-99],[20,-103],[17,-106],[17,-105],[19,-104],[-24,-92],[-25,-88],[-29,-82],[-32,-73],[-36,-66],[-39,-59],[-40,-55],[23,-233],[168,160],[129,-15],[185,-222],[158,62],[28,-84],[30,-77],[34,-64],[40,-49],[44,-38],[96,144],[25,98],[22,100],[16,105],[10,109],[6,112],[146,-93],[33,-230],[139,-69],[75,-279],[111,-165],[-11,-379],[61,-168],[24,-363],[75,-423],[90,312],[39,-47],[40,-36],[41,-30],[42,-28],[41,-32],[40,-39],[-1,-101],[2,-101],[4,-100],[5,-100],[4,-100],[3,-101],[-22,-274],[10,-110],[10,-111],[7,-112],[5,-112]],[[230694,176233],[4,-85]],[[230698,176148],[57,62],[66,65],[67,61],[69,56],[69,52],[70,48],[71,44],[70,42],[71,40],[71,39],[71,38],[71,38],[71,39],[70,40],[71,41],[70,43],[69,44],[69,45],[69,47],[69,46],[68,46],[69,44],[68,44],[67,43]],[[232351,177255],[47,153],[47,152],[47,151],[45,150],[43,147],[41,144],[38,140],[34,140],[30,141],[26,141],[24,141],[22,142],[20,140],[18,139],[18,136],[18,133],[18,130],[20,128],[22,126],[25,122],[29,120],[31,120],[33,120],[35,120],[37,120],[36,119],[38,119],[37,118],[36,117],[36,116],[35,115],[33,112],[31,112],[29,109],[26,107]],[[54327,171745],[84,-288],[32,-286],[155,-116],[167,-297],[202,-549],[297,-503],[111,-291],[104,-454],[224,-501],[74,-394],[186,-387],[163,-478],[193,-412],[69,-281],[23,-235]],[[56411,166273],[58,48],[56,44],[54,40],[52,38],[50,38],[49,38],[49,42],[49,46],[50,53],[51,60],[53,65],[54,63],[55,60],[54,56],[55,54],[54,52],[55,52],[54,52],[53,55],[54,58],[54,65],[52,69],[51,71],[51,72],[50,73],[50,72],[50,72],[51,70],[53,67],[53,64],[56,60],[56,56],[55,54],[55,51],[54,51],[54,49],[54,49],[54,50],[54,49],[56,51]],[[58533,168502],[29,133],[31,134],[33,129],[35,126],[34,125],[33,126],[32,129],[31,133],[30,138],[31,141],[32,146],[35,150],[37,160],[40,177],[43,189],[44,192],[47,188],[48,178],[48,163],[48,148],[47,132],[44,120],[39,111],[34,110],[30,114],[28,118],[23,118],[21,118]],[[163386,184013],[16,-118],[21,-163],[20,-163],[20,-166],[18,-168],[18,-169],[17,-169],[17,-170],[18,-169],[18,-167],[19,-166],[20,-164],[21,-162],[23,-160],[25,-157],[27,-155],[27,-153],[28,-152],[29,-152],[29,-152],[31,-152],[33,-153],[33,-152],[34,-153],[34,-151],[34,-151],[34,-148],[32,-146],[29,-143],[27,-142],[24,-141],[21,-142],[18,-141],[17,-142],[16,-143],[15,-144]],[[164249,178474],[72,-32],[72,-35],[72,-37],[72,-40],[71,-43],[70,-46],[68,-47],[67,-47],[65,-46],[63,-45],[59,-44],[56,-43],[53,-42],[50,-41],[49,-40],[47,-39],[47,-38],[47,-37],[48,-35],[50,-35],[52,-33],[55,-33],[56,-33],[58,-32],[60,-28],[60,-25],[60,-25],[60,-24],[59,-26],[58,-28],[58,-30],[57,-34],[57,-37],[58,-40],[58,-43],[61,-45],[60,-43],[59,-44]],[[166493,177059],[54,93],[54,94],[55,95],[55,95],[57,95],[58,95],[58,94],[59,93],[59,92],[60,90],[60,87],[60,84],[59,80],[59,75],[62,69],[62,65],[63,61],[64,59],[64,60],[63,60],[61,64],[61,67],[59,71],[58,75],[56,79],[56,82],[55,84],[54,85],[55,84],[56,82],[57,78],[59,73],[59,66],[60,60],[60,54],[59,50],[61,46],[60,44],[62,43],[64,44],[64,45],[66,48],[68,52],[68,56],[70,61],[69,66]],[[169255,180354],[25,149],[24,148],[22,149],[18,149],[16,148],[12,151],[12,159],[13,169],[13,174],[14,180],[13,182],[14,184],[13,183],[13,181],[13,176],[12,172],[11,164],[10,156],[7,147],[5,142],[3,140],[2,138],[1,140],[2,142],[2,146],[3,153],[5,160],[6,168],[8,179],[10,189],[12,200],[13,208],[15,214],[6,90]],[[169623,185884],[-106,111],[-116,31],[-10,8],[-62,67],[-65,13],[-66,12],[-54,-20],[-138,41],[-205,124],[-9,5],[-24,16],[-24,18],[-37,25],[-43,18],[-59,24],[-59,-29],[-47,-5],[-47,-15],[-47,-5],[-49,2],[-34,-85],[-47,-52],[-31,-36],[-59,-38],[-74,20],[-14,11],[-45,18],[-44,0],[-7,157],[-31,137],[-15,85],[-2,5],[-121,575],[-93,49],[-10,13],[-33,54],[-62,-13],[-73,36],[-111,-92],[-168,18],[-26,23],[-47,26],[-48,-8],[-44,-26],[-52,5],[-77,186],[-277,204],[-46,26],[-44,7],[-21,-13],[-120,21],[-37,28],[-48,13],[-45,-20],[-133,234],[14,80],[18,85],[14,86],[5,90],[-56,371],[-60,60],[-60,56],[-38,-18],[-243,158],[-20,18],[-62,28],[-316,348],[-138,-72],[-41,10],[-44,11],[-38,36],[-40,39],[-40,-11],[-41,3],[-41,-31],[-40,-18],[-59,-70],[-59,-59],[-57,-80],[-42,-129],[-66,2],[-44,13],[-56,0],[-56,-7],[-60,-42],[-54,-67],[-60,-28],[-61,-26],[-59,-31],[-57,-75],[-49,-87],[-40,-127],[-433,-833],[-112,-472],[-13,-524],[86,-709],[23,-98],[15,-108],[29,-93],[36,-70],[1,-392],[-92,-490],[-32,-85],[-37,-72],[-14,-70],[-71,-193],[-36,-70],[-28,-98],[-7,-19]],[[169255,180354],[40,-118],[37,-111],[37,-104],[39,-101],[41,-101],[46,-101],[49,-102],[53,-101],[55,-100],[56,-97],[56,-95],[55,-94],[54,-92],[52,-92],[49,-92],[47,-91],[45,-91],[43,-89],[40,-89],[37,-89],[34,-90],[33,-90],[31,-91],[29,-94],[30,-95],[32,-98],[33,-100],[35,-103],[38,-108],[40,-110],[43,-115],[47,-115],[51,-113],[53,-110],[56,-106],[58,-100],[59,-95],[59,-91],[61,-88],[60,-86],[59,-87],[59,-90],[56,-97],[55,-106],[52,-118],[48,-132],[47,-143],[46,-152],[45,-157],[44,-158]],[[171579,175166],[56,39],[56,34],[56,31],[57,29],[57,28],[58,29],[58,33],[59,38],[61,46],[61,55],[60,62],[58,65],[57,69],[56,72],[55,74],[55,77],[55,78],[56,78],[57,78],[58,77],[61,76],[62,73],[65,72],[68,69],[71,69],[73,69],[76,69],[77,67],[78,65],[79,63],[78,59],[77,54],[75,50],[74,46],[71,44],[69,41],[65,39],[63,39],[62,39],[60,41],[61,42],[59,42],[59,44],[58,43],[58,44],[58,42],[57,42],[57,40],[56,36],[57,34],[57,29],[56,25],[58,22],[58,21],[60,20],[61,19],[62,20],[7,2]],[[175128,177969],[18,53],[8,126],[-28,116],[-31,117],[-218,479],[-17,85],[-41,93],[-49,62],[-105,434],[-64,110],[-17,49],[-33,39],[-17,150],[-1,41],[-9,95],[-15,88],[-22,67],[-18,65],[-12,75],[-14,77],[-52,90],[-47,114],[15,74],[8,75],[5,80],[-4,83],[-1,134],[-19,121],[-13,62],[-19,183],[-220,560],[51,284],[41,152],[42,90],[14,70],[6,64],[38,137],[77,-382],[31,-271],[0,-13],[-9,-95],[10,-95],[9,-93],[13,-91],[24,-74],[119,-459],[35,-70],[21,-62],[12,-10],[157,-330],[2,-135],[14,-92],[4,-52],[-1,-108],[-12,-127],[18,-124],[14,-123],[9,-129],[25,-114],[32,-137],[44,-105],[36,-44],[61,-158],[29,-38],[23,-60],[64,-54],[168,-596],[26,-82],[31,-72],[39,-39],[34,-65],[30,-72],[34,-64],[4,-4]],[[175515,178124],[62,34],[66,39],[66,43],[66,46],[65,50],[13,10]],[[175853,178346],[32,81],[18,405],[-42,307],[152,776],[26,106],[21,134],[28,604],[5,31],[1,95],[55,428],[117,400],[0,116]],[[176266,181829],[-12,103],[-10,57],[-15,157],[-9,124],[-30,204],[-2,46],[-7,88],[-17,49],[-17,99],[-16,101],[-15,101],[-14,102],[-14,102],[-14,102],[-15,101],[-16,100],[-17,100],[-27,85],[-28,47],[-1,36],[-28,340],[1,47],[-13,124],[-12,79],[-6,26],[-13,75],[-8,52],[-2,13],[-1,5],[-57,343],[0,23],[-7,34],[-5,18],[-19,121],[-1,18],[-4,46],[-4,83],[-15,75],[-11,80],[-14,74],[-19,57]],[[175732,185466],[-5,8],[-41,214],[-36,-39],[-34,-25],[-35,-44],[-28,-62],[-47,-34],[-40,-18],[-26,-28],[-145,-111],[-37,-8],[-39,-46],[-66,23],[-67,-5],[-89,-54],[-42,2],[-43,-54],[-87,-49],[-80,284],[-33,-67],[-26,-39],[-15,-44],[-39,-77],[-50,-16],[-53,0],[-42,-46],[-57,-29],[-105,34],[-28,59],[-32,62],[-24,67],[-19,83],[-38,26],[-31,49],[-26,64],[-33,57],[-67,36],[0,-26],[7,-124],[23,-105],[-32,-47],[0,-2],[-55,-80],[-7,-8],[-30,-52],[0,-13],[-37,62],[-39,47],[-226,325],[47,487],[64,44],[61,-180],[13,-104],[34,-41],[35,-36],[6,18],[-126,338],[-29,26],[-60,-16],[-230,-175],[-46,57],[-48,56],[-32,11],[-66,62],[-52,49],[-9,2],[-77,60],[-19,30],[-55,29],[-25,-78],[-20,-87],[-21,-85],[-20,-88],[-39,-16],[-35,-51],[-52,44],[-44,77],[-51,44],[-54,5],[-61,-26],[-5,-7],[-168,-88],[-31,-52],[-35,-25],[-29,-50],[-21,-72],[-21,-69],[-18,-78],[-21,-69],[-20,-75],[-30,72],[-30,75],[-52,75],[-55,-39],[-49,-77],[-43,-104],[-28,-129],[-56,-59],[-48,-106],[-55,-56],[-47,-106],[-316,-374],[-166,-23],[-35,92],[-48,55],[-44,74],[-50,44],[-40,57],[-43,57],[-40,57],[-41,67],[-43,41],[-50,15],[-46,0],[-47,-2],[-40,-16],[-35,-41],[-362,132],[-26,257],[-47,-12],[-45,-21],[-38,-59],[-48,-36],[-57,74],[-52,88],[-65,28],[-62,11],[-53,245],[-41,44],[-44,20],[-46,-5],[-43,-41],[-22,23]],[[58533,168502],[41,-116],[42,-116],[42,-117],[42,-115],[42,-115],[41,-114],[42,-114],[41,-113],[41,-112],[41,-112],[41,-111],[41,-111],[42,-110],[41,-109],[41,-110],[41,-108],[41,-108],[42,-108],[44,-105],[46,-102],[47,-100],[50,-97],[51,-97],[51,-96],[52,-95],[52,-96],[52,-96],[52,-98],[50,-100],[50,-101],[47,-104],[46,-106],[44,-108],[42,-111],[40,-113],[38,-112],[37,-113],[36,-113],[35,-113],[34,-114],[34,-114],[33,-114],[33,-114],[34,-116],[34,-115],[35,-117],[36,-119],[37,-120],[39,-121],[40,-124],[40,-128],[40,-130],[39,-133],[38,-135],[39,-137],[38,-138],[39,-140]],[[60902,162078],[55,79],[56,75],[55,73],[57,70],[57,67],[59,65],[61,61],[62,58],[62,55],[64,53],[63,51],[63,48],[63,45],[62,42],[61,40],[58,36],[59,33],[62,30],[65,26],[66,25],[67,22],[67,22],[65,20],[64,21],[62,22],[58,24],[57,27],[55,27],[55,25],[55,25],[56,27],[58,31],[61,36],[62,42],[64,49],[67,51],[68,54],[69,57],[68,54],[65,51],[63,48],[24,18]],[[63442,163863],[-40,228],[-144,521],[42,425],[-132,570],[-16,385],[-92,763],[126,746],[-19,637],[34,1044],[13,586],[51,1114],[165,1440],[97,360]],[[137381,180563],[15,-24],[62,-105],[61,-111],[60,-117],[57,-123],[56,-127],[54,-131],[51,-136],[50,-140],[49,-144],[47,-147],[46,-149],[46,-149],[45,-148],[46,-144],[46,-139],[48,-137],[49,-135],[52,-133],[53,-131],[55,-129],[56,-125],[56,-121],[58,-118],[58,-114],[60,-111],[60,-107],[60,-105],[61,-103],[61,-101],[59,-100],[58,-98],[56,-95],[55,-91],[52,-89],[52,-89],[50,-88],[48,-88],[48,-88],[47,-88],[46,-91],[47,-95],[47,-99],[47,-102],[48,-107],[49,-110],[50,-112],[52,-116],[54,-117]],[[139924,174996],[67,53],[68,53],[70,52],[70,52],[69,52],[70,51],[69,52],[68,51],[68,53],[66,53],[66,55],[65,56],[65,58],[68,59],[69,60],[72,61],[72,61],[74,61],[74,61],[74,61],[74,62],[72,62],[70,63],[68,62],[65,63],[63,61],[61,57],[59,54],[57,51],[57,47],[56,45],[56,41],[57,40],[57,37],[59,35],[60,34],[61,35],[63,37],[62,37],[60,36],[58,38],[56,39],[54,41],[52,42],[52,44],[50,45],[51,45],[51,43],[52,41]],[[143021,177448],[-9,181],[-6,174],[-3,165],[0,157],[3,155],[7,154],[9,153],[10,153],[13,151],[12,150],[12,150],[12,148],[10,148],[8,148],[5,147],[2,148],[-1,145],[-3,143],[-5,141],[-7,141],[-7,139],[-8,140],[-8,140],[-7,140],[-6,141],[-4,143],[-1,145],[1,147],[2,149],[4,151],[3,153],[4,154],[5,156],[4,156],[4,157]],[[139176,189658],[-5,-13],[-204,-532],[-46,-74],[-18,-52],[-268,-536],[-10,-756],[-39,-80],[-25,-119],[-22,-119],[-4,-126],[-35,-85],[-37,-93],[-55,-82],[-54,-98],[-17,-70],[-20,-67],[-18,-70],[-15,-75],[-8,-87],[-12,-132],[-128,-511],[33,-74],[-16,-746],[-2,-36],[0,-113],[-9,-88],[-5,-93],[8,-88],[10,-90],[-54,-232],[155,-304],[17,-83],[3,-10],[55,-220],[-32,-595],[-105,-457],[-6,-13],[-11,-57],[-22,-105],[-196,-511],[-80,-384],[-34,-47],[-34,-57],[-27,-72],[-33,-59],[-28,-78],[-26,-74],[-14,-96],[-21,-87],[-41,-86],[-40,-92],[-14,-62],[-58,-140],[-55,-51],[-58,-5],[-15,-13]],[[143021,177448],[58,-145],[61,-151],[63,-154],[65,-154],[66,-151],[66,-146],[68,-138],[67,-131],[68,-121],[68,-114],[66,-107],[66,-102],[65,-99],[63,-99],[62,-102],[62,-106],[60,-110],[59,-114],[59,-115],[57,-112],[57,-108],[56,-104],[56,-100],[55,-97],[55,-94],[56,-91],[55,-89],[54,-89],[54,-87],[54,-88],[53,-90],[53,-92],[53,-97],[53,-102]],[[145054,173649],[63,11],[62,11],[61,12],[60,12],[60,13],[60,13],[60,13],[61,13],[60,13],[61,12],[62,12],[62,12],[64,8],[66,4],[66,0],[68,-3],[69,-5],[70,-6],[70,-7],[70,-6],[70,-6],[70,-2],[69,0],[68,5],[69,5],[69,1],[69,-2],[71,-4],[70,-6]],[[146954,173772],[39,123],[40,127],[39,132],[38,138],[38,144],[36,151],[35,156],[34,160],[33,163],[33,164],[32,163],[32,159],[33,152],[34,144],[34,132],[34,122],[32,116],[29,112],[27,109],[27,107],[26,107],[26,108],[27,110],[27,111],[29,114],[30,116],[32,117],[32,119],[34,118],[35,118],[35,115],[37,111],[39,110],[39,108],[41,107],[40,107],[42,108],[41,108],[43,111],[42,113],[41,116],[40,120],[39,124],[38,128],[37,134],[36,137],[36,140],[35,144],[35,146],[35,149],[35,150],[35,152],[35,153]],[[143875,177050],[28,-80],[-22,61],[-6,19]],[[188443,183282],[71,-117],[195,0],[111,-268],[266,379],[117,0],[61,-180],[14,-398],[83,-157],[132,-467],[222,-449],[-6,-662],[162,0],[70,-158],[-86,-343],[207,-384],[7,-374],[62,-359],[104,-281],[0,-242],[102,-377],[174,-309],[262,-24]],[[190773,178112],[20,50],[46,117],[45,118],[45,117],[43,119],[43,118],[41,119],[41,118],[41,119],[40,118],[39,118],[39,116],[39,116],[37,117],[35,118],[33,119],[33,121],[32,124],[31,125],[31,127],[31,128],[32,131],[32,133],[33,134],[33,135],[35,135],[35,136],[37,135],[37,134],[38,136],[38,138],[39,139],[40,139],[39,139],[40,139],[40,137],[41,135],[41,134],[41,132],[42,129],[42,128],[42,125],[44,123],[43,121],[45,119],[46,116],[48,114],[48,112],[49,111],[50,110],[50,109],[51,109],[51,109]],[[198776,181530],[54,-320]],[[198830,181210],[121,-387],[11,-111],[11,-110],[14,-107],[20,-103],[25,-96],[30,-91],[33,-88],[24,-99],[27,-92],[32,-82],[37,-71],[41,-63],[42,-60],[43,-44],[43,-42],[43,-37],[44,-34],[45,-30],[45,-26],[46,-23],[46,-20],[46,-18],[31,-88],[34,-84],[36,-78],[37,-75],[37,-75],[169,-33],[-22,-480],[31,-364],[16,-103],[13,-103],[10,-104],[5,-105],[0,-107],[-5,-107],[-6,-108],[-50,-302],[42,-273],[52,-26],[52,-17],[51,0],[51,19],[50,36],[49,47],[80,-80],[-25,-361],[32,-348],[-70,-145],[-38,-444],[-48,-24],[-48,-20],[-47,-9],[-47,5],[-47,20],[-47,33],[-46,39],[-43,-59],[-44,-50],[-46,-35],[-47,-19],[-49,-6],[-50,2],[-118,-135],[-39,-340],[-45,-51],[-45,-48],[-46,-40],[-47,-31],[-49,-23],[-49,-15],[-50,-11],[-33,-168],[-16,-206],[-9,-103],[-7,-103],[-6,-104],[-4,-104],[-4,-105],[-82,-149],[-7,-105],[-6,-106],[-5,-105],[-4,-106],[-4,-106],[-3,-106],[-2,-106],[-2,-106],[-3,-106],[-3,-106],[-28,-175]],[[199036,172376],[252,-222],[165,-5],[9,216],[242,-43],[90,175],[253,8],[222,-88],[125,80],[274,-132],[62,367],[197,5],[128,-29],[100,-25],[504,-243],[122,204],[299,-59],[69,152],[134,39],[231,-93],[164,162],[337,124],[118,197]],[[203133,173166],[12,149],[16,179],[17,176],[19,173],[19,168],[19,161],[20,154],[20,146],[21,143],[22,139],[23,137],[23,134],[23,132],[23,131],[23,129],[23,129],[22,129],[21,129],[20,130],[19,131],[20,133],[22,132],[25,132],[27,132],[27,132],[29,132],[28,132],[28,132],[26,132],[25,131],[23,132],[21,131],[17,130],[14,132],[11,132],[8,133],[7,135],[5,137],[6,138],[6,140],[8,140],[10,141],[12,141],[15,143],[18,143],[21,143],[24,145],[26,147],[28,150],[28,152],[28,156]],[[201713,184996],[-8,-96]],[[180226,184398],[30,-180],[29,-178],[26,-173],[23,-166],[18,-160],[14,-153],[11,-145],[10,-141],[10,-138],[12,-139],[12,-141],[14,-143],[14,-146],[15,-149],[16,-151],[16,-152],[16,-152],[15,-151],[14,-147],[14,-143],[13,-136],[14,-130],[12,-126],[12,-124],[11,-122],[9,-123],[8,-124],[7,-126],[6,-129],[5,-135],[4,-141],[4,-148],[1,-148],[-2,-149],[-2,-148],[-2,-149],[-1,-149],[0,-150],[1,-151],[3,-150],[4,-151],[4,-150],[5,-151],[5,-152],[3,-153],[3,-155],[2,-155],[1,-157],[1,-158],[2,-157],[2,-155]],[[180690,176898],[68,-41],[70,-40],[72,-39],[74,-37],[74,-36],[74,-35],[73,-34],[72,-35],[70,-37],[67,-38],[63,-43],[62,-48],[60,-53],[59,-57],[57,-59],[57,-60],[56,-61],[57,-60],[57,-58],[59,-54],[61,-50],[64,-44],[63,-40],[63,-36],[61,-34],[62,-33],[62,-31],[62,-32],[62,-32],[63,-33],[64,-36],[65,-39],[67,-43],[69,-49],[70,-52],[72,-55],[71,-56],[71,-59],[69,-59],[69,-61],[67,-62]],[[183368,175037],[50,119],[52,121],[52,122],[52,124],[52,126],[51,127],[49,129],[47,131],[47,130],[45,128],[46,127],[45,127],[45,125],[45,126],[45,126],[46,126],[46,127],[47,127],[48,129],[48,130],[48,132],[49,132],[48,134],[47,136],[48,134],[48,130],[48,126],[49,121],[49,118],[49,113],[49,110],[49,108],[49,106],[49,105],[48,104],[49,104],[49,104],[49,105],[49,106],[49,108],[49,109],[48,111]],[[176266,181829],[0,-106],[58,142],[-2,-451],[-77,-668],[-12,-354],[-49,-466],[17,-305],[-147,-799],[231,-173],[137,80],[224,-534],[142,-534],[56,-374],[217,-586],[19,-214],[124,-309],[99,-428],[117,-282],[256,-1171],[136,-131],[-30,-372],[234,-446],[137,-654]],[[178153,172694],[17,29],[57,98],[58,97],[60,95],[59,96],[60,96],[62,100],[61,102],[62,105],[62,107],[61,111],[62,112],[61,115],[61,115],[62,114],[62,112],[62,108],[63,105],[63,100],[64,96],[64,92],[64,88],[63,83],[61,82],[60,81],[58,83],[56,86],[55,88],[53,91],[51,94],[51,97],[50,99],[49,101],[50,101],[50,101],[51,99],[52,98],[54,96],[56,94],[58,91],[61,88],[62,86],[64,86],[65,86]],[[175899,186004],[-72,-141],[-98,-389],[3,-8]],[[158844,181409],[41,-156],[44,-163],[47,-172],[49,-178],[51,-184],[51,-186],[51,-185],[50,-183],[47,-179],[45,-173],[41,-165],[37,-157],[35,-150],[34,-148],[33,-145],[32,-145],[29,-143],[28,-143],[25,-143],[24,-143],[21,-142],[20,-140],[19,-139],[20,-137],[21,-135],[23,-132],[26,-123],[29,-113],[32,-107],[33,-102],[33,-101],[32,-101],[30,-103],[28,-106],[25,-113],[23,-118],[19,-125],[18,-131],[16,-136],[14,-137],[15,-134],[15,-131],[16,-127],[17,-125],[19,-121],[22,-118],[23,-117],[25,-116],[27,-116]],[[160299,174622],[70,-20],[71,-18],[73,-20],[74,-21],[75,-24],[76,-24],[77,-26],[77,-26],[76,-26],[77,-26],[76,-25],[75,-23],[74,-21],[73,-19],[73,-20],[75,-19],[74,-19],[74,-20],[74,-20],[73,-20],[72,-21],[70,-21],[69,-22],[66,-23]],[[162063,174098],[52,93],[50,94],[47,95],[45,94],[45,91],[45,87],[44,85],[44,85],[45,84],[45,85],[45,87],[45,88],[46,90],[47,92],[47,94],[48,96],[48,97],[48,97],[49,98],[48,97],[48,96],[51,98],[51,100],[51,102],[50,105],[51,107],[50,107],[50,108],[49,107],[50,107],[49,106],[49,105],[49,104],[49,104],[50,104],[51,104],[51,105],[52,107],[54,108],[57,110],[58,112],[61,113],[61,114],[61,114]],[[163386,184013],[-24,-71],[-49,-31],[-43,-67],[-48,-34],[-51,-10],[-39,-80],[-44,-57],[-39,-88],[-34,-95],[-61,23],[-62,-31],[-59,-13],[-58,-56],[-54,98],[-55,95],[-64,39],[-68,15],[-44,67],[-53,26],[-24,59],[-28,49],[-13,78],[-24,64],[-22,67],[-21,65],[-12,80],[-24,69],[-58,88],[-66,36],[-61,60],[-60,82],[-215,150],[-61,157],[-331,219],[-86,127],[-540,309],[-318,13],[-188,65],[-151,129],[-10,13],[-39,38],[-40,31],[-20,8],[-61,57],[-62,160],[-10,100],[-20,98],[-17,19]],[[190773,178112],[104,-10],[197,-328],[146,-72],[124,-245],[33,-384],[65,-83],[337,-487],[291,-235],[62,-289],[194,-338],[244,85],[265,-67],[70,-229],[139,-49],[55,-155],[154,-18],[397,634],[106,-77],[138,103],[113,434],[214,51],[160,284],[192,85],[389,-129],[141,-374],[94,-679]],[[195197,175540],[13,46],[40,139],[36,135],[31,129],[27,124],[24,116],[22,110],[21,107],[19,105],[19,105],[18,107],[18,110],[19,114],[19,120],[20,127],[22,134],[21,141],[22,146],[20,150],[19,152],[18,154],[17,155],[17,156],[17,159],[17,159],[18,161],[17,163],[17,164],[16,167],[17,169],[15,169],[14,171],[13,173],[12,175],[11,178],[10,180],[9,182],[9,184],[9,186],[10,186],[11,186],[13,186],[15,189],[17,193],[19,195],[21,196],[22,196],[23,195]],[[193842,172968],[42,32],[51,38],[52,38],[51,37],[51,35],[50,34],[51,32],[50,30],[51,28],[51,27],[52,25],[43,20]],[[194437,173344],[-30,22],[24,784],[-88,96],[-58,-397],[-229,-478],[-97,-268],[-102,-49],[-15,-86]],[[224371,178597],[10,-109],[18,-165],[20,-162],[22,-157],[22,-152],[24,-146],[25,-140],[27,-134],[28,-130],[28,-127],[29,-125],[28,-125],[27,-129],[22,-130],[19,-133],[16,-138],[11,-144],[10,-151],[8,-151],[9,-151],[9,-148],[10,-146],[12,-145],[14,-145],[17,-148],[20,-153],[19,-158],[20,-162],[19,-168],[19,-172],[18,-176],[16,-184],[16,-190],[14,-197],[14,-203],[12,-207],[11,-205],[11,-200],[10,-191],[11,-178],[12,-163],[13,-149],[14,-135]],[[225105,171875],[62,-12],[62,-11],[62,-11],[63,-14],[64,-20],[63,-26],[64,-36],[64,-32],[64,-27],[63,-22],[63,-19],[62,-16],[62,-16],[61,-15],[62,-16],[61,-19],[61,-20],[61,-24],[61,-26],[61,-29],[60,-30],[60,-29],[59,-28],[58,-27],[58,-24],[58,-23],[58,-22],[58,-20],[59,-21],[59,-24],[58,-28],[59,-32],[58,-35],[59,-39],[60,-42],[60,-45],[61,-46],[63,-46],[63,-43],[65,-43],[64,-46],[64,-49],[65,-49],[65,-49],[65,-48],[66,-46],[65,-43],[66,-38],[65,-33],[66,-26],[72,-22],[76,-19],[80,-15],[81,-15],[83,-13],[82,-14],[81,-16],[77,-17],[73,-20],[68,-24],[62,-27],[60,-24],[57,-24],[56,-23],[56,-24],[56,-25],[57,-27],[58,-31],[60,-34],[61,-39]],[[229551,169937],[54,74],[55,73],[55,73],[56,73],[57,71],[58,72],[59,72],[60,71],[61,72],[61,72],[35,40]],[[230162,170700],[0,56]],[[230162,170756],[23,155],[12,154],[26,163],[9,152],[5,165],[10,163],[14,162],[20,155],[22,150],[30,147],[-46,126],[-34,137],[-38,139],[-24,150],[-1,10],[20,384],[161,-106],[16,108],[18,105],[21,100],[26,97],[28,93],[127,13],[67,171],[-94,227],[-33,268],[137,149],[-33,300],[46,216],[-3,112],[-2,112],[-1,112],[4,111],[7,110],[9,110],[10,110],[-9,111],[-7,112],[-6,112]],[[230699,176121],[-5,112]],[[228210,181394],[-48,-1]],[[224484,178445],[-113,152]],[[240946,183113],[6,-97],[10,-97],[15,-103],[21,-115],[24,-131],[27,-147],[27,-157],[29,-162],[29,-164],[29,-163],[29,-163],[28,-161],[26,-157],[25,-146],[24,-137],[22,-127],[22,-123],[26,-121],[32,-122],[40,-126],[47,-130],[51,-133],[50,-135],[46,-136],[37,-135],[28,-133],[19,-130],[14,-127],[9,-125],[6,-124],[5,-126],[3,-129],[3,-132],[2,-135],[3,-140],[2,-145],[5,-159],[10,-176],[14,-185],[16,-190],[19,-190],[18,-186],[18,-178],[18,-169],[17,-158],[17,-147]],[[241914,176541],[62,-26],[59,-25],[55,-23],[53,-24],[51,-24],[50,-24],[50,-24],[51,-25],[54,-24],[56,-23],[60,-23],[66,-21],[71,-17],[75,-13],[79,-10],[82,-8],[83,-7],[84,-5],[84,-6],[83,-7],[80,-9],[77,-11],[72,-16],[67,-14],[63,-12],[59,-10],[58,-8],[56,-8],[56,-8],[56,-9],[58,-11]],[[243924,176066],[37,119],[39,119],[40,117],[41,116],[42,116],[43,114],[43,115],[44,113],[45,114],[45,113],[46,113],[45,113],[46,113],[46,113],[45,114],[45,114],[44,115],[44,115],[45,113],[46,112],[47,110],[49,109],[50,107],[51,105],[53,104],[52,103],[53,101],[53,100],[53,99],[53,98],[52,97],[53,97],[52,97],[51,97],[51,96],[51,97],[51,95],[51,95],[51,95],[51,93],[51,93],[51,93],[51,92]],[[203133,173166],[41,69],[124,-374],[-27,-129],[139,-289],[-13,-748],[226,-106],[181,-191],[-21,-247],[80,-382],[49,-614],[117,-248],[70,-361],[90,-224],[196,139],[211,-289],[65,230],[-12,-186],[218,-665],[117,-189],[-3,-78]],[[204981,168284],[8,17],[54,101],[54,99],[53,98],[53,97],[52,96],[53,95],[51,93],[52,93],[51,92],[50,92],[50,92],[49,93],[49,92],[48,94],[47,95],[47,96],[48,97],[47,99],[48,101],[49,102],[50,105],[52,106],[53,108],[54,109],[56,110],[58,110],[58,111],[60,112],[62,113],[61,115],[63,115],[63,117],[63,116],[63,117],[62,116],[61,115],[60,114],[60,114],[58,113],[59,111],[59,111],[60,108],[60,107],[60,105],[61,104],[60,101],[61,100],[60,98],[59,97],[60,95],[58,94],[59,92],[57,92],[58,90],[56,92],[56,91],[55,93],[55,93],[53,96],[53,102],[53,107],[51,111],[51,114]],[[60119,155535],[2,19],[26,174],[26,170],[27,167],[28,162],[29,157],[29,154],[31,150],[32,149],[34,140],[36,125],[37,114],[38,109],[35,108],[34,112],[29,120],[26,129],[22,139],[18,149],[15,156],[14,162],[12,166],[10,175],[8,190],[6,198],[3,201],[2,200],[0,196],[0,188],[0,180],[1,174],[3,169],[5,169],[9,172],[15,179],[19,183],[23,188],[24,188],[25,190],[25,187],[25,185]],[[56411,166273],[31,-317],[20,-658],[188,-779],[189,-333],[-44,-229],[6,-622],[-61,-57],[-176,-572],[193,-178],[-33,-377],[-213,-59],[-106,-173],[123,-452],[26,-366],[232,-802],[136,-232],[64,-418],[182,-299],[181,-168],[198,-80],[24,-198],[298,-318],[203,-405],[141,-433],[70,-346],[115,-147],[282,-185],[250,-253],[123,-34],[363,-276],[106,145],[202,-217],[138,-485],[127,-118],[38,-197],[92,-100]],[[236795,181684],[25,-167],[25,-176],[25,-185],[24,-190],[23,-197],[25,-202],[26,-204],[28,-203],[30,-200],[30,-194],[31,-187],[28,-181],[26,-175],[22,-168],[19,-162],[14,-156],[12,-149],[11,-141],[9,-139],[8,-140],[6,-143],[5,-145],[4,-147],[3,-143],[4,-137],[5,-123],[6,-110],[7,-96],[8,-88],[10,-84],[11,-86],[14,-92],[17,-102],[18,-112],[19,-123],[19,-131],[17,-138],[14,-141],[13,-144],[12,-144],[8,-148],[5,-153],[3,-162],[2,-171],[2,-180],[4,-188],[4,-192],[5,-190],[6,-182],[7,-170]],[[237494,174003],[62,-16],[65,-7],[65,0],[63,7],[63,11],[61,15],[61,17],[60,17],[60,18],[61,15],[60,12],[61,8],[62,1],[64,-3],[66,-6],[69,-7],[72,-8],[72,-9],[73,-9],[74,-10],[73,-10],[72,-10],[70,-9],[68,-9],[66,-8],[65,-10],[66,-12],[68,-14],[68,-16],[70,-17],[71,-18],[73,-19],[75,-19],[76,-19],[77,-19],[78,-17],[78,-15],[78,-6],[78,1],[78,6],[79,9],[79,10],[79,9],[80,6],[80,2]],[[240633,173845],[49,119],[49,117],[49,115],[49,113],[47,110],[48,108],[49,104],[48,101],[48,100],[49,96],[48,95],[48,94],[49,92],[48,92],[48,91],[48,91],[47,92],[48,93],[46,95],[47,96],[46,99],[46,102],[46,101],[45,98],[46,95],[45,94],[45,93]],[[151235,178230],[33,-126],[34,-127],[32,-127],[31,-130],[28,-132],[24,-134],[21,-134],[19,-134],[17,-133],[15,-132],[14,-130],[14,-131],[15,-129],[16,-128],[18,-126],[20,-125],[23,-123],[26,-121],[28,-124],[30,-128],[31,-131],[32,-135],[31,-137],[32,-141],[31,-144],[30,-146],[29,-147],[28,-149],[26,-149],[25,-148],[24,-148],[24,-151],[24,-154],[23,-157],[24,-160],[22,-162],[23,-165],[21,-167],[21,-168],[20,-171],[20,-172],[18,-173],[17,-173],[17,-170],[16,-164],[16,-160]],[[152318,171614],[59,-74],[56,-70],[52,-68],[49,-67],[46,-68],[44,-70],[42,-72],[41,-76],[40,-78],[41,-81],[42,-83],[44,-83],[47,-83],[51,-81],[53,-76],[54,-70],[54,-65],[53,-60]],[[153186,170289],[63,94],[63,96],[63,95],[63,95],[63,93],[63,91],[63,86],[63,83],[62,78],[63,74],[64,67],[67,61],[68,55],[69,47],[69,41],[70,35],[69,30],[69,26],[68,24],[66,24],[66,26],[64,30],[62,36],[61,44],[58,51],[57,51],[55,53],[54,54],[53,55],[54,58],[54,59],[55,63],[58,65],[59,68],[61,71],[63,75],[65,77],[64,81],[65,82],[63,84],[60,84],[57,84]],[[155802,172935],[13,179],[12,179],[9,178],[8,174],[4,169],[4,164],[3,162],[4,158],[3,157],[3,156],[3,157],[3,157],[2,160],[2,163],[2,167],[1,173],[1,178],[0,183],[-2,184],[-4,186],[-5,186],[-5,187],[-6,185],[-6,185],[-5,183],[-4,181],[-2,179],[-1,174],[2,171],[2,168],[1,164],[0,161],[1,157],[0,155],[0,151],[0,148],[0,146],[1,144],[1,142],[2,141]],[[232351,177255],[40,-134],[43,-133],[46,-133],[50,-131],[51,-130],[52,-126],[51,-123],[49,-115],[45,-97],[43,-81],[41,-73],[41,-70],[43,-73],[45,-81],[48,-91],[52,-102],[55,-114],[59,-118],[63,-115],[66,-105],[64,-94],[63,-83],[61,-73],[57,-69],[53,-72],[49,-82],[46,-98],[45,-116],[44,-127],[43,-136],[43,-141],[43,-146],[44,-145],[45,-143],[45,-136],[44,-123],[42,-112],[39,-103],[37,-97],[36,-92],[36,-88],[36,-88],[39,-90],[43,-96],[46,-106],[52,-117],[52,-127],[48,-133],[47,-135],[46,-132],[45,-128],[45,-119],[46,-110],[45,-101],[46,-93],[25,-48]],[[234974,171211],[12,130]],[[234986,171341],[27,150],[28,142],[0,170],[1,163],[-6,165],[-8,165],[18,162],[28,140],[33,139],[35,137],[46,123],[37,135],[33,136],[26,147],[4,165],[-14,165],[15,163],[3,168],[25,149],[35,142],[17,163],[16,157],[15,165],[-4,160],[18,162],[28,150],[26,144],[5,60],[33,-5],[173,-142],[91,-434],[-108,-245],[-16,-101],[-14,-102],[-8,-104],[-3,-106],[3,-108],[-91,-183],[27,-198],[-99,-418],[36,-64],[35,-66],[35,-67],[34,-67],[36,-65],[36,-63],[11,-225],[131,-371],[-13,-415],[-39,-73],[-34,-80],[-28,-91],[-22,-101],[-17,-109],[-1,-153],[29,-41],[5,-90],[13,-101],[-8,-95],[-5,-101],[-2,-100],[1,-106],[0,-34],[15,-75],[131,145],[44,-7],[43,-6],[44,-8],[43,-14]],[[236014,170739],[15,-7]],[[236029,170732],[10,23],[52,112],[52,112],[52,111],[54,110],[53,109],[54,109],[54,108],[54,107],[53,107],[53,106],[52,107],[52,107],[50,107],[50,109],[48,109],[48,109],[48,107],[46,106],[46,106],[46,105],[45,106],[45,105],[44,106],[44,107],[43,107],[43,109],[44,110],[43,110],[43,112],[44,113]],[[243924,176066],[37,-149],[45,-165],[53,-178],[57,-188],[57,-194],[53,-197],[48,-196],[43,-193],[37,-187],[33,-179],[32,-172],[33,-163],[36,-157],[39,-149],[41,-143],[39,-137],[34,-131],[28,-126],[19,-121],[12,-116],[7,-115],[6,-112],[6,-110],[6,-110],[10,-114],[13,-120],[16,-122],[20,-127],[23,-135],[27,-144],[30,-153],[33,-156],[36,-149],[36,-137],[36,-125],[36,-115],[33,-106],[32,-101],[29,-102],[27,-108],[26,-120],[25,-139],[24,-153],[25,-164],[28,-173],[30,-182],[33,-189],[35,-192],[38,-193],[39,-189],[38,-182],[36,-169],[35,-157],[33,-147],[33,-137],[31,-133],[32,-135],[31,-137]],[[245734,167473],[122,-29],[31,361],[165,328],[117,425],[48,410],[220,-43],[92,299],[147,56],[102,227],[267,300],[82,374],[125,136],[-125,294],[48,413],[77,96],[189,-88],[60,100],[122,-126],[149,325],[-25,258],[237,230],[-94,201],[87,397],[262,-64],[0,283],[-157,178],[223,258],[109,-95],[48,185],[50,712],[-46,349],[95,505],[0,730],[-101,-10],[23,394],[264,-239],[44,247],[118,-333],[39,612],[97,0],[35,410],[122,196],[77,-13],[14,224]],[[248894,167900],[87,-474],[65,-604],[145,-371],[133,-248],[109,-570],[9,-281],[119,-119],[27,674],[15,289],[108,613],[106,207],[220,874],[63,632],[130,1285],[-19,129],[135,516],[79,500],[-36,206],[6,459],[131,279],[-67,281],[-116,67],[-58,67],[-79,209],[-135,-59],[-129,-258],[-198,-160],[-71,-224],[-54,-207],[-31,-232],[-149,-304],[-71,-325],[-122,-542],[-199,-810],[-40,-142],[-59,-547],[-6,-441],[-48,-369]],[[155802,172935],[43,-84],[45,-79],[47,-73],[49,-69],[52,-63],[55,-58],[56,-55],[58,-54],[58,-53],[58,-54],[56,-58],[57,-61],[56,-65],[55,-68],[56,-70],[57,-71],[57,-73],[58,-73],[59,-75],[60,-76],[60,-75],[61,-75],[61,-73],[61,-71],[60,-66],[59,-61],[57,-57],[57,-55],[55,-52],[53,-50],[52,-51],[52,-51],[50,-52],[50,-53],[51,-58],[52,-62],[53,-69],[54,-75],[55,-82],[54,-87],[55,-91],[56,-95]],[[158112,170142],[43,83],[43,82],[43,81],[43,81],[43,80],[44,82],[43,85],[43,88],[43,93],[43,96],[42,101],[42,105],[43,108],[43,110],[44,110],[46,110],[46,109],[47,106],[49,103],[49,101],[50,99],[50,96],[51,95],[51,95],[49,96],[48,97],[47,99],[44,102],[42,103],[41,105],[40,105],[40,105],[40,105],[40,102],[41,102],[43,99],[44,97],[46,95],[48,91],[51,89],[53,86],[55,85],[56,85],[58,84],[59,84],[59,82],[59,83]],[[214695,174821],[20,-150],[23,-146],[26,-143],[29,-138],[30,-135],[33,-136],[34,-135],[35,-131],[36,-125],[35,-116],[34,-108],[32,-104],[31,-104],[29,-110],[26,-123],[24,-134],[21,-147],[19,-159],[16,-168],[14,-172],[14,-175],[14,-175],[16,-174],[17,-171],[19,-168],[21,-165],[20,-163],[21,-162],[20,-165],[20,-171],[19,-174],[19,-177],[18,-181],[17,-181],[15,-177],[13,-172],[13,-164],[12,-156],[12,-150],[13,-146],[14,-144],[18,-144],[21,-145],[27,-148]],[[215655,168189],[73,-25],[75,-25],[77,-24],[79,-23],[80,-20],[81,-18],[80,-15],[80,-13],[77,-10],[77,-3],[77,5],[77,11],[78,15],[78,18],[78,20],[78,18],[79,17],[80,12],[80,7],[80,1],[81,-7],[82,-13],[81,-17],[81,-21],[81,-23],[79,-25],[79,-25],[77,-26],[76,-25],[73,-23],[71,-21],[69,-18],[69,-18],[70,-16],[71,-16],[70,-17],[71,-17],[69,-18],[69,-20],[66,-21],[64,-23],[62,-24],[58,-24],[54,-30],[50,-34],[47,-38],[45,-41],[43,-43],[42,-42],[43,-41],[43,-39],[45,-35],[48,-32]],[[219348,167304],[30,158],[29,158],[29,158],[28,158],[25,159],[24,160],[20,160],[18,165],[15,170],[12,174],[11,175],[9,174],[7,171],[7,168],[7,162],[7,158],[7,152],[9,148],[10,145],[12,142],[12,137],[12,134],[12,130],[10,129],[10,128],[9,127],[8,128],[7,129],[7,132],[7,136],[6,141],[6,146],[7,152],[9,156],[11,159],[12,159],[13,158],[14,157],[14,153],[16,150],[15,148],[16,145],[15,143],[15,145],[15,148],[15,151],[16,153],[18,154],[18,155],[19,155],[21,156],[22,155],[22,155],[24,156],[23,157],[24,157],[24,159],[26,160],[28,160],[29,159],[29,159],[28,159],[28,160],[26,160],[23,161],[22,162],[18,161],[15,161],[12,158],[9,160],[5,162],[3,163],[2,162],[0,1]],[[220491,178520],[-77,183]],[[218104,181288],[-194,-122]],[[217568,181711],[-115,252]],[[13467,160446],[32,-134],[33,-126],[9,-80],[9,-73],[7,-82],[13,-72],[8,-78],[16,-69],[8,-80],[14,-65],[-19,-100],[-7,-111],[4,-109],[-10,-111],[36,-240],[170,-206],[152,441],[180,271],[33,3],[34,28],[36,-21],[37,-2],[30,46],[24,75],[36,23],[34,23],[141,305],[-71,186],[-19,85],[-19,87],[-7,91],[-15,90],[-24,82],[-19,78],[-31,64],[-29,67],[-25,55],[-24,51],[-10,10],[-123,227],[0,6],[-25,49],[-64,54],[-40,62],[-58,25],[-53,24],[-132,271],[-53,23],[-55,15],[-5,-88],[-14,-79],[-1,-86],[5,-90],[25,-98],[29,-93],[-33,-62],[-31,-59],[-22,-83],[-32,-72],[-20,-90],[-33,-62],[-21,-88],[-11,-108]],[[10311,165347],[31,-54],[34,-29],[66,-87],[144,-70],[49,85],[39,108],[9,106],[0,16],[20,301],[-35,117],[-50,67],[-72,-16],[-10,0],[-22,-8],[-58,-10],[-107,-134],[-38,-392]],[[11616,164264],[22,-111],[33,-96],[25,-103],[33,-101],[40,-15],[42,-16],[40,21],[41,34],[47,-55],[48,-56],[73,211],[-27,65],[-30,59],[-27,62],[-32,54],[5,80],[2,83],[-109,374],[-226,-490]],[[12924,163028],[63,-242],[35,-18],[9,2],[93,-33],[0,-119],[16,-101],[18,-100],[14,-106],[87,-13],[254,224],[1,129],[4,122],[-51,69],[-14,21],[-30,46],[-28,62],[-32,44],[-30,52],[-33,26],[-38,18],[-39,5],[-40,-26],[-40,-23],[-33,-62],[-27,72],[-3,5],[-71,199],[-24,-57],[-21,-59],[-24,-65],[-16,-72]],[[219348,167304],[21,-128],[27,-124],[32,-118],[36,-115],[42,-114],[45,-114],[49,-116],[51,-119],[52,-127],[52,-134],[51,-143],[48,-150],[45,-157],[44,-161],[43,-161],[42,-158],[40,-152],[40,-144],[39,-136],[38,-127],[39,-120],[39,-113],[40,-107],[43,-102],[44,-91],[42,-76],[42,-68],[43,-62],[44,-62],[45,-66],[6,-9]],[[220612,163730],[21,193],[125,325],[121,157],[228,147],[204,93],[223,392],[65,318],[134,-380],[-21,-268],[64,-273],[115,85],[157,-62],[42,307],[-51,297],[104,216],[-4,-547],[64,-307],[111,264],[169,-132],[-81,650],[61,52],[-2,415],[35,-684],[223,29],[89,-103],[298,134],[63,121],[-48,327],[0,480],[123,449],[-68,537],[28,330],[180,415],[116,-188],[145,160],[126,142],[-41,616],[46,212],[87,136],[-92,-227],[59,-405],[-30,-389],[123,-671],[82,-238]],[[224005,166855],[28,88],[33,104],[33,102],[32,102],[31,104],[32,107],[30,111],[30,116],[30,122],[30,130],[29,138],[28,146],[27,153],[26,156],[25,159],[24,160],[24,160],[23,158],[23,157],[23,154],[24,150],[24,146],[25,143],[26,139],[28,136],[29,133],[30,132],[31,129],[31,128],[33,127],[32,127],[33,126],[33,126],[33,128],[32,128],[32,129],[32,132],[31,134]],[[224371,178597],[-27,36]],[[224194,178409],[-48,37]],[[220503,178491],[-12,29]],[[198830,181210],[-24,144]],[[195197,175540],[11,-82],[-14,-358],[73,-777],[138,-704],[379,-85],[17,-227],[151,139],[88,-284],[404,65],[226,-65],[156,-306],[223,18],[170,69],[67,-139],[201,-31],[113,-124],[153,83],[242,-83],[153,256],[77,-377],[343,-134],[131,-191],[183,-147],[154,320]],[[240633,173845],[24,-157],[24,-169],[25,-179],[25,-182],[26,-178],[25,-173],[26,-166],[25,-161],[25,-159],[24,-163],[20,-173],[18,-187],[14,-199],[12,-208],[10,-209],[8,-201],[6,-188],[6,-171],[6,-154],[7,-137],[7,-124],[7,-116],[9,-117],[11,-119],[12,-126],[12,-132],[12,-141],[11,-142],[8,-138],[5,-132],[0,-125],[-3,-119],[-7,-118],[-6,-121],[-6,-130],[-2,-141],[2,-154],[7,-163],[9,-171],[12,-172],[13,-171],[14,-166],[14,-156],[14,-146],[13,-137],[12,-133],[10,-134],[9,-139],[5,-145],[4,-152],[2,-157],[1,-162],[3,-164],[7,-164],[12,-159],[18,-155],[23,-151],[28,-149],[31,-151],[31,-151],[30,-151],[20,-112]],[[241403,164325],[24,-20],[275,67],[60,155],[253,345],[151,116],[66,-229],[165,258],[137,-121],[186,420],[120,-194],[61,186],[167,176],[61,314],[158,-64],[86,173],[-32,441],[42,299],[-138,351],[-61,314],[210,253],[41,-436],[70,-77],[130,-671],[160,168],[3,-10],[-122,-217],[69,-157],[76,12],[26,-56],[17,-21],[15,-70],[25,42],[26,-57],[104,353],[-95,-41],[-38,-8],[107,191],[-87,93],[142,124],[275,397],[19,-402],[109,-21],[174,426],[149,82],[102,-299],[131,106],[47,296],[199,-160],[128,-2],[183,129],[104,206],[51,-12]],[[146954,173772],[47,-126],[46,-124],[45,-124],[45,-123],[44,-124],[43,-124],[42,-124],[42,-124],[41,-122],[41,-119],[41,-114],[43,-114],[44,-113],[45,-113],[46,-113],[47,-112],[45,-109],[44,-107],[43,-106],[41,-105],[40,-103],[39,-103],[38,-103],[37,-102],[36,-101],[34,-100],[35,-100],[33,-97],[34,-96],[35,-96],[39,-95],[40,-95],[41,-92],[41,-91],[40,-90],[38,-88],[36,-87],[34,-87],[31,-87],[29,-89],[28,-91],[27,-93],[28,-99],[31,-103],[34,-110],[40,-118],[45,-126],[52,-137],[56,-146],[58,-154]],[[148958,168353],[74,38],[77,31],[79,26],[80,22],[80,20],[80,21],[78,23],[75,27],[71,31],[67,38],[64,45],[63,53],[64,62],[64,67],[64,73],[64,77],[65,79],[65,80],[65,81],[65,81],[64,80],[63,78],[63,75],[60,73],[59,70],[59,71],[59,74],[59,76],[60,79],[60,81],[60,82],[61,82],[60,82],[59,81],[60,80],[59,78],[58,77],[59,77],[57,74],[59,73],[60,69],[61,67],[62,65],[63,63],[63,61],[64,60],[65,59],[64,59],[65,59],[64,59],[64,60],[63,62]],[[133944,172972],[26,-55],[50,-111],[50,-112],[51,-112],[51,-109],[51,-105],[51,-100],[51,-98],[50,-98],[49,-101],[49,-102],[50,-103],[50,-106],[52,-108],[53,-110],[54,-111],[57,-111],[57,-112],[58,-111],[59,-108],[60,-106],[58,-101],[58,-96],[57,-92],[54,-88],[54,-85],[53,-83],[54,-81],[55,-81],[57,-83],[58,-83],[61,-85],[63,-86],[64,-89],[66,-90],[66,-93],[66,-93],[64,-95],[64,-96],[63,-96],[63,-99],[61,-99],[60,-101],[58,-101],[57,-100],[56,-100],[54,-97],[52,-93],[51,-90],[50,-87],[48,-83],[47,-81],[47,-81],[46,-82],[46,-86],[47,-90],[47,-96],[49,-102],[51,-108],[53,-114]],[[137201,167197],[58,35],[57,39],[58,43],[58,48],[59,53],[60,57],[61,62],[62,66],[62,69],[62,69],[61,69],[62,68],[62,66],[61,64],[62,60],[63,55],[64,50],[66,44],[69,37],[72,31],[75,27],[77,22],[79,18],[81,17],[81,15],[82,15],[82,15],[81,18],[81,21],[78,25],[77,30],[76,34],[77,37],[79,40],[78,42]],[[139624,168658],[16,150],[15,151],[14,151],[12,151],[11,152],[8,152],[8,154],[6,156],[5,158],[4,160],[5,163],[5,164],[6,165],[7,166],[9,168],[10,168],[11,170],[12,169],[13,169],[13,169],[12,168],[11,166],[8,163],[5,158],[3,154],[0,151],[-1,147],[-3,144],[-4,142],[-3,140],[-3,138],[-1,136],[1,136],[4,135],[7,135],[10,140],[11,147],[12,153],[13,157],[14,161],[14,161]],[[137381,180563],[-38,-34],[-3,-2],[-51,-47],[-49,-80],[-39,-111],[-49,-82],[-49,-72],[-36,-57],[-34,-47],[-18,-92],[-8,-31],[-137,-318],[-69,-198],[-1,-8],[-41,-88],[-29,-113],[-104,-103],[-22,-16],[-66,-41],[-27,-47],[-30,-43],[-59,-68],[-57,-77],[-59,-72],[-64,-57],[-139,-69],[-5,0],[-6,-6],[-69,-36],[-24,5],[-50,-7],[-50,-31],[-46,-52],[-69,21],[-69,7],[-34,-7],[-34,-13],[-35,-23],[-30,-44],[-62,-21],[-53,-95],[-51,-253],[-10,-23],[-17,-98],[-43,-62],[-43,-65],[-18,-98],[-4,-49],[-11,-69],[-22,-67],[-17,-96],[2,-98],[-25,-155],[-10,-49],[-12,-105],[-25,-67],[-28,-75],[-8,-88],[-23,-90],[-14,-88],[-7,-90],[-22,-72],[-15,-88],[-9,-90],[4,-83],[-24,-188],[-33,-83],[-15,-88],[-16,-49],[-16,-54],[-23,-95],[-38,-21],[-34,-44],[-27,-67],[-34,-46],[-27,-72],[-34,-44],[-32,-44],[-30,-57],[-51,-28],[-53,-10],[-50,-52],[-45,-75],[-57,-75],[-19,-56],[-19,-37],[-14,-15],[-13,-28],[-94,-165],[-25,-57],[-22,-67],[-13,-78],[-15,-77],[-10,-196],[-2,-26],[0,-33],[-9,-189],[-27,-64],[-19,-85],[-8,-44],[-28,-116],[-36,-124],[-27,-144],[-8,-153],[-11,-152],[-30,-75],[-7,-25]],[[166493,177059],[5,-157],[5,-156],[4,-156],[3,-155],[4,-153],[6,-152],[8,-152],[11,-153],[11,-152],[12,-153],[13,-154],[12,-154],[12,-155],[11,-155],[9,-156],[7,-156],[5,-157],[5,-161],[5,-164],[7,-168],[8,-169],[10,-171],[11,-172],[13,-173],[14,-172],[14,-171],[15,-170],[14,-169],[13,-166],[15,-165],[17,-162],[19,-161],[20,-159],[21,-159],[21,-159],[20,-159],[20,-158],[19,-160],[16,-161],[15,-163],[12,-165],[11,-169],[9,-172],[8,-176],[7,-176],[5,-175],[4,-174],[3,-171],[1,-168],[1,-164]],[[167024,168931],[45,-23],[44,-20],[43,-19],[44,-19],[46,-21],[48,-24],[52,-30],[57,-36],[61,-46],[64,-57],[65,-67],[66,-73],[66,-77],[65,-80],[64,-78],[63,-76],[61,-72],[59,-67],[57,-60],[56,-54],[55,-48],[57,-46],[58,-46],[59,-46],[60,-49],[61,-50],[60,-52],[61,-54],[59,-56],[60,-58],[58,-58],[57,-57],[55,-56],[53,-55],[53,-56],[51,-57],[51,-59],[51,-59],[51,-60]],[[169220,166910],[54,75],[56,75],[56,77],[57,78],[59,79],[61,80],[61,82],[63,81],[64,81],[65,78],[65,75],[65,72],[65,69],[64,66],[63,65],[62,62],[61,61],[61,61],[59,62],[60,62],[60,64],[60,66],[60,70],[61,73],[60,74],[61,75],[60,75],[59,74],[60,74],[60,73],[61,71]],[[171103,169140],[8,157],[8,156],[8,154],[8,153],[9,150],[10,147],[10,145],[11,140],[12,137],[11,136],[11,135],[11,134],[11,134],[10,134],[11,133],[10,133],[11,134],[11,135],[12,135],[12,137],[12,139],[15,140],[16,142],[17,144],[19,145],[18,148],[19,150],[19,152],[18,154],[18,157],[15,158],[15,160],[12,161],[10,167],[10,172],[8,177],[8,182],[8,184],[7,187],[7,188]],[[233178,163590],[38,-46]],[[233216,163544],[39,-44],[39,62],[52,129],[-91,175],[0,114]],[[233255,163980],[2,114]],[[233257,164094],[5,114],[6,114],[5,114],[1,114],[-2,114],[-6,115],[15,199],[-122,343],[-6,99],[-8,98],[-12,95],[-15,92],[-19,89],[-19,89],[79,132],[42,353],[139,-93]],[[233340,166275],[167,93]],[[233507,166368],[89,-105],[87,23],[92,338],[25,81],[23,84],[20,88],[16,92],[13,96],[42,-55],[42,-51],[43,-50],[43,-48],[43,-46],[44,-46],[43,-46],[44,-45],[119,-330],[130,211],[9,111],[13,107],[20,97],[27,86],[33,76],[39,70],[42,-57],[43,-58],[42,-58],[42,-60],[41,-64],[81,325],[130,-332],[28,56],[62,75],[43,116],[43,132],[-10,162],[-28,153],[-14,157],[-7,160],[12,167],[13,158],[-10,157],[-3,173],[-31,142],[-20,155],[-21,152],[-20,157],[-18,152],[-9,171],[1,159],[-2,166],[-5,170],[-18,157],[-27,150],[-24,149],[4,168],[-3,165],[0,163],[5,167],[3,165]],[[234971,171176],[3,35]],[[230698,176148],[1,-27]],[[230162,170756],[1,-168]],[[230163,170588],[0,-167],[-6,-166],[-18,-147],[0,-162],[-5,-18],[101,88],[46,35],[46,23],[47,7],[46,-10],[47,-23],[46,-27],[142,-336],[0,-371],[88,-75],[72,-345],[-3,-116],[0,-115],[5,-113],[10,-112],[14,-111],[16,-109],[-42,-253],[142,-39],[164,-229],[117,124],[106,-106],[48,-256],[-34,-80],[-34,-79],[-33,-80],[-33,-83],[-30,-86],[-30,-89],[1,-102],[4,-100],[10,-98],[14,-96],[16,-94],[-26,-87],[-25,-88],[-24,-90],[-23,-91],[-23,-92],[-23,-91],[-23,-91],[0,-162],[47,-19],[47,-15],[47,-6],[47,5],[47,14],[44,-38],[45,-35],[45,-25],[47,-14],[46,-2],[48,6],[158,-65],[14,-115],[11,-115],[4,-115],[-4,-116],[-10,-115],[-15,-115],[113,-88],[10,-338],[81,-219],[120,214],[115,-149],[134,18],[40,44],[36,54],[30,68],[24,84],[20,93],[45,22],[43,29],[41,41],[37,56],[34,69],[33,77],[25,-84],[22,-87],[16,-94],[10,-98],[7,-102],[19,-108],[14,-109],[7,-111],[2,-113],[-2,-115],[-2,-114],[60,-145],[185,142],[38,-48],[38,-47],[39,-47]],[[183368,175037],[16,-166],[14,-167],[14,-167],[14,-168],[15,-166],[18,-167],[22,-165],[24,-169],[25,-173],[26,-174],[27,-174],[27,-173],[26,-170],[26,-168],[24,-163],[23,-157],[22,-152],[20,-144],[19,-137],[17,-131],[16,-127],[15,-126],[12,-124],[9,-122],[8,-121],[5,-121],[5,-122],[4,-122],[6,-124],[6,-125],[9,-127],[10,-129],[11,-130],[12,-130],[11,-132],[13,-136],[12,-140],[13,-146],[13,-151],[14,-158],[15,-162]],[[184006,169011],[67,-99],[68,-98],[69,-95],[71,-90],[73,-83],[73,-76],[75,-70],[75,-67],[76,-63],[75,-61],[76,-61],[75,-62],[74,-65],[73,-70],[72,-74],[70,-80],[71,-86],[73,-91],[73,-95],[72,-97],[71,-96],[69,-95],[66,-92],[63,-86],[59,-82],[57,-75],[52,-67],[50,-60],[47,-53],[43,-48],[41,-46]],[[186075,166628],[49,119],[49,121],[49,123],[49,125],[50,126],[49,128],[49,129],[50,130],[49,129],[48,129],[48,126],[46,125],[45,121],[43,118],[42,112],[42,106],[41,103],[40,101],[39,100],[38,100],[39,101],[39,103],[40,104],[41,107],[43,109],[44,111],[46,114],[47,116],[48,117],[50,118],[50,118],[51,117],[51,116],[52,110],[53,106],[54,100],[55,95],[56,89],[56,85],[57,83],[56,83],[56,82],[56,82],[55,82],[54,83],[55,83],[53,85],[54,86],[52,88],[53,90],[52,93],[51,95],[51,96],[50,99],[50,100],[49,101],[49,103],[49,104],[49,105],[49,105],[49,106],[49,107],[50,105],[50,103],[50,102],[49,95]],[[189302,173581],[-42,239],[-20,261],[101,492],[-16,426],[-141,193],[-78,790],[-210,219],[-152,498],[-97,-119],[-81,421],[-103,180],[-26,41],[-54,256],[-189,144],[-70,292],[82,191],[-235,652],[-95,808],[-55,79],[-11,55]],[[171103,169140],[62,-85],[63,-84],[62,-84],[64,-84],[64,-83],[65,-84],[67,-84],[66,-82],[67,-79],[66,-76],[65,-75],[65,-72],[65,-72],[64,-72],[64,-72],[64,-73],[63,-74],[62,-75],[61,-76],[59,-77],[59,-76],[56,-76],[55,-77],[54,-81],[51,-84],[51,-87],[49,-90],[48,-91],[49,-92],[48,-90],[49,-87],[50,-81],[51,-76],[52,-69],[54,-65],[53,-62],[55,-60],[54,-59],[55,-59],[55,-60],[55,-62],[54,-66],[54,-68],[54,-74],[53,-80],[51,-87],[49,-97]],[[173799,165521],[54,65],[54,65],[55,67],[56,70],[58,73],[59,76],[60,81],[61,84],[62,87],[62,89],[62,92],[62,93],[60,94],[58,93],[57,94],[55,91],[54,89],[53,86],[53,82],[53,77],[54,74],[54,69],[55,65],[56,60],[57,57],[57,53],[59,51],[59,50],[60,49],[58,49],[57,49],[54,50],[53,52],[51,53],[49,55],[48,56],[48,58],[48,58],[49,59],[50,59],[52,58],[55,57],[57,57],[59,57],[61,59],[60,64],[60,69],[59,75],[57,79],[56,84],[54,88],[53,92],[52,94],[42,80]],[[176800,169308],[10,393],[-22,297],[-14,100],[-19,101],[-20,95],[-32,75],[-31,72],[-24,90],[-41,37],[-37,56],[-1,80],[0,83],[-4,82],[3,78],[-8,80],[-15,64],[-18,72],[-9,78],[-53,85],[-43,116],[-19,67],[-27,134],[-1,11],[-13,74],[-263,1138],[-11,90],[-5,93],[-18,72],[-21,78],[-10,31],[-18,110],[-1,18],[-14,83],[-16,83],[-30,95],[-15,62],[-9,21],[-130,423],[-11,87],[-4,98],[-11,91],[-14,92],[-10,93],[0,98],[-13,96],[-20,82],[-19,85],[-27,67],[-19,88],[-15,85],[-27,70],[-24,77],[-28,62],[-34,52],[-61,85],[53,436],[-16,72],[-16,80],[-17,52],[-93,384],[6,147],[-12,150],[-28,49],[-22,67],[-35,10],[-29,49],[-22,121],[-29,109],[-36,85],[-29,113],[-1,119],[-10,116],[-3,116],[-12,116],[15,45]],[[175515,178124],[35,-32],[37,-57],[134,-16],[44,96],[14,46],[74,185]],[[162063,174098],[21,-121],[17,-121],[16,-121],[14,-122],[14,-125],[13,-130],[15,-136],[16,-145],[18,-153],[20,-162],[22,-172],[24,-178],[27,-181],[30,-185],[30,-189],[32,-191],[32,-193],[33,-195],[32,-196],[30,-194],[30,-193],[27,-190],[25,-184],[21,-179],[18,-172],[15,-165],[12,-159],[10,-152],[8,-147],[9,-143],[9,-140],[10,-138],[13,-138],[16,-137],[19,-137],[22,-138],[25,-138],[28,-136],[31,-136],[31,-138],[33,-142],[33,-147],[34,-151],[33,-157],[33,-160],[33,-163],[32,-163],[33,-161],[32,-156],[32,-148]],[[163226,166280],[60,-57],[58,-49],[55,-46],[54,-46],[52,-44],[52,-42],[53,-40],[53,-38],[55,-37],[57,-35],[58,-34],[61,-35],[63,-36],[65,-39],[67,-41],[67,-41],[68,-40],[68,-43],[68,-45],[68,-48],[68,-53],[68,-56],[68,-60]],[[164632,165275],[50,74],[51,78],[50,81],[51,83],[51,84],[51,82],[54,83],[55,83],[58,84],[60,84],[61,86],[63,86],[64,86],[64,87],[65,85],[63,85],[63,86],[62,85],[60,85],[58,85],[56,84],[54,84],[54,82],[53,80],[53,78],[53,77],[53,75],[54,75],[54,75],[56,76],[56,77],[56,77],[58,79],[57,81],[57,82],[57,85],[57,88],[55,91],[52,98],[50,104],[48,109],[48,112],[47,115]],[[139624,168658],[65,-110],[66,-107],[67,-104],[67,-101],[66,-100],[64,-98],[61,-96],[59,-94],[55,-93],[53,-91],[49,-91],[48,-90],[46,-86],[46,-86],[46,-85],[46,-85],[48,-85],[48,-87],[49,-87],[49,-87],[50,-88],[49,-87],[48,-86],[47,-85],[44,-83],[41,-84],[39,-84],[36,-85],[36,-86],[35,-88],[34,-90],[35,-90],[35,-91],[37,-91],[37,-92],[38,-91],[40,-92],[40,-91],[42,-91],[41,-89],[43,-89],[42,-87],[43,-86],[43,-84],[43,-83],[43,-84],[45,-86],[44,-89],[45,-94],[46,-98]],[[141963,164151],[68,1],[70,0],[71,0],[70,-1],[71,0],[70,2],[69,5],[69,8],[68,13],[69,14],[69,16],[69,16],[69,15],[70,13],[70,10],[71,6],[71,1],[71,-4],[72,-11],[72,-11],[72,-9],[72,-6],[72,-4],[72,0],[71,2],[71,5],[70,7]],[[143862,164239],[18,146],[16,144],[14,143],[11,142],[10,142],[8,141],[7,140],[6,140],[6,140],[7,141],[7,141],[8,142],[11,144],[13,144],[15,145],[18,143],[19,141],[21,140],[22,140],[22,139],[22,139],[21,140],[20,140],[19,142],[18,144],[17,146],[14,147],[14,152],[14,155],[14,158],[15,158],[17,159],[19,158],[21,156],[24,154],[26,153],[28,150],[30,149],[31,148],[32,147],[31,150],[31,151],[31,155],[31,157],[30,159],[30,162],[30,163],[29,164],[29,164],[29,163],[28,161],[27,158],[26,154],[24,154],[20,152],[18,153],[15,153],[12,152],[11,152],[10,151],[8,151],[9,150],[8,148]],[[158112,170142],[10,-150],[10,-152],[11,-152],[10,-152],[10,-153],[10,-154],[9,-155],[8,-155],[6,-156],[6,-158],[3,-162],[3,-167],[2,-168],[2,-171],[1,-172],[1,-172],[1,-173],[1,-172],[1,-171],[1,-171],[2,-169],[2,-167],[4,-165],[4,-163],[5,-160],[6,-158],[5,-157],[6,-156],[5,-155]],[[158257,165456],[58,-97],[58,-99],[57,-102],[57,-107],[56,-113],[52,-118],[49,-123],[47,-127],[45,-131],[44,-132],[44,-131],[45,-127],[46,-123],[49,-116],[51,-109],[54,-102],[58,-97],[59,-92],[61,-89],[61,-84],[61,-79],[61,-74],[62,-69],[62,-65],[62,-63],[62,-60],[60,-60],[60,-60],[58,-63],[57,-66],[55,-71],[54,-77],[51,-85],[51,-92],[49,-97],[48,-98],[47,-97],[48,-93],[47,-88]],[[160363,161780],[59,86],[58,83],[58,79],[58,79],[58,79],[59,82],[59,88],[59,93],[61,96],[62,97],[63,96],[64,97],[64,98],[64,97],[63,99],[62,100],[60,100],[58,101],[56,101],[54,102],[53,101],[52,99],[50,99],[51,99],[49,98],[47,99],[46,96],[45,95],[44,92],[43,89],[44,88],[43,86],[44,86],[45,87],[47,86],[48,85],[50,86],[52,84],[53,84],[54,81],[55,76],[55,71],[56,67],[56,63],[56,61],[56,59],[56,58],[55,58],[54,58],[54,59],[52,62],[50,65],[49,70]],[[178153,172694],[13,-63],[107,-266],[40,-515],[-111,-251],[194,-665],[50,-377],[71,-222],[130,57],[162,-314],[184,-171],[321,-629],[37,-299],[86,-168],[38,-333],[138,-699],[4,-250],[131,-237],[-3,-199],[156,-856],[-90,-330],[-52,-818],[85,-343],[82,-653],[-82,-196],[191,-846],[179,-400],[78,-399]],[[180292,162252],[4,10],[44,116],[45,116],[46,115],[48,114],[49,109],[52,104],[53,99],[54,94],[53,91],[55,88],[54,85],[56,83],[56,82],[57,82],[58,82],[59,84],[59,84],[60,85],[59,86],[59,86],[58,88],[57,87],[55,88],[54,90],[54,93],[53,95],[52,98],[51,99],[49,100],[50,100],[48,98],[48,96],[47,93],[47,91],[47,87],[46,85],[46,82],[45,81],[45,79],[45,79],[44,80],[43,82],[43,87],[44,93],[44,100],[45,106],[45,110],[46,112],[45,114],[45,115],[45,115],[45,114],[45,115],[44,113],[45,112],[45,110],[45,108],[46,106],[46,104],[48,99],[49,95],[50,90],[52,86],[52,81],[55,76],[55,73],[57,71],[58,67],[60,64],[61,64],[62,63],[64,64],[64,66]],[[210208,173509],[17,-177],[17,-183],[18,-184],[18,-182],[16,-176],[17,-170],[15,-165],[13,-166],[14,-169],[15,-173],[18,-179],[21,-183],[24,-188],[26,-192],[29,-193],[30,-192],[29,-189],[27,-182],[24,-175],[18,-170],[13,-167],[9,-162],[6,-157],[4,-151],[5,-143],[6,-135],[8,-129],[9,-123],[11,-118],[13,-118],[12,-120],[11,-126],[8,-135],[5,-148],[3,-161],[1,-173],[-2,-182],[-2,-187],[-3,-188],[-1,-185],[1,-182],[3,-175],[5,-168],[7,-161],[7,-158],[6,-157],[3,-156]],[[210762,165756],[63,-65],[59,-66],[57,-66],[53,-66],[52,-66],[51,-65],[49,-62],[48,-58],[47,-56],[48,-53],[50,-50],[50,-49],[51,-48],[53,-46],[52,-45],[53,-44],[53,-45],[54,-50],[56,-55],[57,-59],[58,-61],[59,-62],[60,-61],[60,-58],[61,-54],[61,-49],[60,-44],[59,-39],[56,-36],[53,-33],[51,-33],[50,-31],[49,-33],[49,-34],[49,-38],[53,-44],[58,-53],[63,-62],[69,-67],[72,-71],[74,-75],[77,-80],[80,-85],[81,-91],[81,-95],[82,-98],[80,-100],[79,-100],[76,-99],[74,-97],[74,-96],[73,-95]],[[213899,162568],[45,111],[45,110],[44,111],[44,111],[43,111],[43,111],[43,110],[42,109],[42,109],[42,107],[42,107],[42,106],[41,107],[41,106],[41,107],[40,109],[40,110],[39,112],[40,111],[40,111],[40,111],[39,111],[39,112],[38,112],[37,113],[36,114],[36,114],[34,116],[35,117],[33,117],[33,119],[32,120],[32,121],[30,122],[28,122],[25,123],[25,122],[23,123],[22,123],[22,123],[23,123],[24,122],[25,121],[27,120],[30,120],[32,119],[36,119],[38,118],[43,118]],[[208656,162985],[31,51],[53,83],[54,79],[54,75],[54,72],[56,71],[55,68],[57,68],[58,66],[60,67],[61,66],[62,68],[64,68],[65,70],[65,71],[66,74],[67,75],[66,76],[66,79],[65,80],[64,81],[62,82],[60,83],[59,82],[58,81],[55,82],[55,82],[54,82],[54,82],[54,83],[55,84],[56,86],[58,86],[60,88],[61,89],[62,91]],[[204981,168284],[-7,-146],[269,-521],[318,-395],[399,-191],[107,240],[370,206],[116,-23],[-193,-835],[-183,-62],[-291,-392],[-226,-49],[-125,147],[-198,12],[17,-433],[173,-495],[244,-493],[281,-694],[198,-616],[240,-493],[185,-265],[254,-230],[115,21],[28,54],[386,340],[222,307],[322,374],[0,245],[117,361],[50,380],[-111,309],[-32,408],[108,64],[53,384],[202,209],[-38,-701],[44,-268],[-23,-276],[221,-80],[-35,-235],[-115,-178],[-11,-480],[166,-299],[-15,-204],[73,-306]],[[143862,164239],[56,-108],[56,-112],[55,-114],[55,-117],[53,-118],[52,-118],[50,-115],[49,-111],[48,-106],[48,-100],[49,-95],[48,-91],[50,-87],[51,-83],[52,-81],[52,-79],[53,-80],[53,-80],[53,-83],[53,-87],[52,-92],[51,-96],[51,-97],[50,-100],[50,-100],[52,-100],[52,-100],[54,-99],[55,-97],[56,-96],[57,-93],[57,-90],[57,-88],[56,-84],[55,-82],[52,-76],[49,-68],[46,-60],[44,-54]],[[145894,160602],[47,96],[47,97],[48,96],[49,94],[52,89],[54,83],[56,75],[59,69],[61,60],[62,53],[64,49],[63,52],[63,58],[63,64],[60,71],[59,77],[58,84],[55,90],[55,94],[53,98],[53,100],[54,99],[55,98],[58,93],[59,89],[61,88],[61,85],[62,82],[62,81],[62,79],[62,79],[63,80],[62,81],[63,83],[62,84],[62,86],[61,87],[61,87],[59,87],[57,89],[55,89],[55,89],[54,88],[53,87],[54,86],[53,83],[54,80],[54,77],[54,75],[56,71],[56,68],[58,65]],[[148877,164846],[6,147],[5,141],[4,134],[4,128],[3,125],[3,123],[3,121],[3,121],[2,123],[3,125],[4,130],[4,135],[5,141],[4,150],[4,156],[2,163],[1,167],[1,170],[2,171],[1,172],[3,171],[3,168],[5,165],[6,160]],[[236029,170732],[28,-12]],[[236057,170720],[43,-26],[98,-263],[-3,-312],[43,-39],[42,-41],[41,-46],[40,-51],[39,-57],[38,-60],[68,214],[113,-124],[110,-116],[149,152],[161,-258],[33,-227],[-18,-97],[-18,-98],[-14,-99],[-8,-102],[-4,-103],[2,-106],[3,-107],[-126,-165],[-113,121],[-52,-149],[-43,-49],[-42,-53],[-37,-61],[-31,-73],[-25,-85],[-19,-96],[-16,-105],[-13,-108],[12,-141],[134,-119],[142,-315],[120,163],[178,-65],[89,-196],[150,155],[155,-132],[59,-371],[-48,-253],[-100,-10],[-29,-372],[116,-397],[13,-94],[12,-95],[8,-96],[6,-97],[6,-98],[40,-53],[41,-49],[42,-42],[44,-35],[44,-31],[44,-29],[127,-385],[134,-229],[48,-6],[49,-1],[48,2],[49,0],[48,-6],[110,111],[135,-234],[14,18],[36,-16],[38,16],[35,-47],[13,-13]],[[238660,164369],[64,116],[266,160],[105,338],[158,-345],[87,69],[98,-173],[139,-7],[69,-395],[175,72],[18,11],[262,252],[47,-219],[-21,-560],[-93,-211],[-4,-426],[97,-229],[-27,-426],[66,-242],[161,-199],[10,-273],[83,-116],[237,116],[118,392],[-109,242],[-64,294],[42,227],[-199,49],[0,302],[279,500],[129,24],[136,381],[70,-38],[289,317],[55,-47]],[[153186,170289],[4,-165],[8,-162],[12,-161],[16,-163],[20,-163],[22,-165],[23,-166],[25,-168],[25,-168],[24,-168],[23,-167],[21,-164],[18,-160],[15,-154],[15,-152],[16,-149],[17,-145],[18,-142],[18,-138],[19,-136],[19,-133],[20,-132],[21,-132],[21,-133],[22,-136],[23,-140],[22,-142],[18,-141],[16,-141],[15,-141],[14,-140],[12,-140],[13,-140],[12,-139],[14,-139],[15,-139],[17,-139],[18,-140],[22,-138],[22,-137],[23,-135],[24,-134],[24,-135],[25,-135],[25,-136],[24,-137],[23,-140],[22,-141],[19,-143],[18,-146],[14,-149],[14,-157],[12,-166]],[[154168,162517],[64,-55],[65,-58],[63,-60],[63,-62],[60,-64],[59,-66],[56,-70],[54,-73],[53,-76],[50,-78],[50,-79],[48,-80],[47,-80],[48,-81],[47,-81],[49,-81],[50,-81],[53,-81],[55,-81],[59,-83],[61,-85],[64,-87]],[[155386,160875],[58,99],[58,98],[58,100],[56,100],[55,102],[52,104],[50,106],[47,107],[45,110],[43,109],[42,110],[41,109],[42,109],[43,109],[46,107],[48,104],[50,100],[53,97],[54,94],[55,90],[55,87],[55,86],[54,84],[52,82],[49,81],[48,79],[46,78],[44,77],[45,76],[46,74],[47,74],[50,72],[52,71],[56,70],[58,70],[61,67],[64,64],[65,64],[67,64],[66,64],[66,65],[64,69],[63,72],[62,77],[61,81],[60,84],[60,85],[59,85],[59,86],[60,84],[60,84],[60,81],[61,80]],[[224005,166855],[71,-208],[215,-75],[28,356],[185,175],[185,-546],[157,-926],[45,-717],[94,-395],[-51,-377],[72,-281],[5,-309],[122,-343],[61,126],[100,-779],[65,-64],[165,-537],[156,119],[56,-369],[-109,-238],[319,-446],[198,207],[29,-248],[123,-116],[44,-299],[110,-367],[111,-234]],[[226561,159964],[32,32],[58,61],[60,61],[59,61],[59,62],[60,63],[59,65],[59,66],[59,67],[59,68],[59,69],[59,70],[58,70],[59,70],[58,71],[58,73],[56,79],[57,82],[56,86],[55,88],[55,87],[54,87],[53,83],[54,81],[52,76],[53,71],[52,65],[52,61],[51,55],[52,52],[51,48],[52,46],[52,45],[53,45],[53,47]],[[228489,162277],[11,138],[15,143],[20,151],[22,159],[22,167],[23,173],[23,178],[23,180],[23,182],[23,181],[24,181],[23,177],[23,173],[22,169],[22,163],[21,156],[22,155],[21,154],[22,153],[23,152],[22,149],[22,148],[21,145],[22,144],[21,142],[21,141],[20,142],[21,142],[20,144],[22,149],[22,152],[23,156],[24,159],[24,163],[25,164],[24,167],[25,167],[25,166],[24,164],[24,161],[24,156],[23,151],[22,147],[20,146],[19,144],[19,143],[18,142],[18,141],[19,140]],[[68709,158773],[35,-125],[34,-121],[33,-120],[33,-118],[33,-118],[33,-119],[33,-122],[33,-125],[33,-128],[33,-133],[34,-138],[34,-143],[35,-149],[34,-155],[34,-161],[33,-164],[34,-168],[33,-170],[5,-26]],[[69318,156270],[1185,0]],[[70503,156270],[12,294],[90,111],[144,-242],[34,71],[33,71],[32,74],[29,78],[25,84],[22,91],[18,97],[15,102],[13,105],[36,86],[31,92],[21,103],[12,115],[4,123],[165,-3]],[[71239,157722],[171,710],[84,-251],[-61,-415],[121,-124],[78,-400],[54,313],[43,606],[49,183],[48,560],[92,660],[-22,170],[91,333],[-213,-5],[32,338],[143,384],[21,660],[177,666],[145,271],[160,510],[109,676],[-52,85],[-14,508],[-80,26],[-63,266],[-205,-266],[-260,119],[-356,214],[-147,36],[-130,-121],[-147,41],[-209,-258],[-363,-206],[-566,-183],[-261,-261],[-198,-289],[-43,-441],[-64,-191],[-34,-441],[-2,-1026],[15,-305],[-160,-317],[-37,-206],[-20,-684],[-174,-462],[-193,-312],[-89,-120]],[[148877,164846],[52,-118],[51,-121],[50,-124],[49,-125],[50,-124],[50,-122],[51,-118],[52,-114],[53,-110],[54,-106],[55,-104],[56,-103],[56,-104],[56,-107],[55,-111],[54,-119],[54,-128],[55,-136],[54,-143],[56,-147],[56,-152],[58,-153],[59,-156],[60,-155],[62,-155],[62,-153],[63,-150],[62,-146],[62,-143],[61,-137],[58,-132],[54,-126],[52,-120],[49,-114],[46,-109],[43,-104],[41,-99],[41,-98],[40,-96],[40,-97],[42,-96],[42,-98],[43,-98],[45,-100],[45,-99],[45,-99],[44,-98],[44,-95],[42,-93],[43,-91]],[[151444,158900],[51,90],[51,90],[52,93],[51,93],[51,95],[50,95],[50,94],[49,94],[48,93],[48,91],[48,88],[48,84],[48,81],[50,78],[51,76],[53,74],[57,73],[59,70],[61,68],[65,66],[65,65],[68,62],[67,62],[67,59],[65,59],[63,57],[61,55],[57,49],[55,45],[53,43],[52,43],[51,44],[52,48],[52,52],[53,58],[55,64],[56,70],[58,77],[59,83],[60,87],[61,90],[62,92],[64,93],[64,94],[66,95],[66,95],[65,95],[66,95]],[[186075,166628],[2,-138],[3,-139],[4,-138],[6,-136],[7,-132],[9,-128],[14,-122],[17,-119],[22,-116],[27,-114],[30,-116],[32,-119],[33,-125],[32,-134],[31,-144],[30,-157],[29,-167],[29,-175],[28,-179],[27,-181],[25,-181],[24,-177],[22,-173],[21,-167],[19,-161],[18,-156],[19,-151],[19,-147],[21,-146],[23,-141],[22,-132],[23,-124],[24,-118],[24,-116],[24,-116],[26,-119],[26,-124],[28,-129],[28,-137],[29,-145]],[[186952,160989],[78,-43],[79,-45],[77,-44],[76,-42],[73,-37],[70,-29],[67,-21],[61,-9],[57,-4],[54,-4],[53,-3],[51,-4],[49,-3],[50,-4],[49,-3],[49,-4],[51,-3],[52,-4],[54,-3],[56,-4],[56,2],[54,9],[53,14],[51,18],[51,20],[51,20],[52,20],[53,17],[55,13],[58,7],[60,0],[64,-9],[65,-11],[66,-12],[67,-12],[67,-13],[67,-13],[67,-15],[67,-17],[68,-18],[66,-20],[66,-22],[65,-24],[65,-27],[67,-32],[69,-37],[70,-42]],[[189818,160492],[44,111],[46,105],[47,101],[46,99],[46,97],[46,99],[44,102],[43,104],[41,109],[41,113],[38,118],[38,122],[38,124],[36,128],[37,129],[38,128],[38,128],[40,124],[42,121],[44,119],[46,119],[47,118],[49,118],[49,118],[50,119],[50,121],[50,123],[50,125],[49,127],[48,128],[48,130],[46,131],[45,132],[44,132],[42,131],[43,130],[43,127],[45,125],[47,122],[48,119],[51,116],[52,113],[54,111]],[[191747,165608],[14,164],[11,168],[9,172],[6,178],[4,184],[1,190],[1,189],[1,184],[1,177],[4,168],[5,159],[6,151],[8,143],[9,136],[8,134],[8,132],[6,134],[4,139],[-1,146],[-2,148],[-5,149],[-7,152],[-9,153],[-9,154],[-10,154],[-9,154],[-8,152],[-5,127]],[[191788,169999],[-353,76],[-31,90],[-248,-397],[-100,-75],[-359,65],[-30,384],[-172,157],[-225,336],[72,175],[-147,312],[4,36],[187,80],[54,379],[74,202],[14,634],[-79,312],[-37,307],[53,214],[37,565],[-140,155],[-54,338],[-79,121],[-176,-240],[-69,-503],[-11,-111],[-155,-518],[-18,-237],[18,-725],[67,-436],[-33,-317],[-213,675],[-35,519],[-51,333],[-100,82],[-97,289],[-54,305]],[[233150,158751],[45,-40],[43,-40],[45,-41],[47,-46],[50,-52],[54,-58],[58,-65],[61,-69],[62,-72],[63,-81],[64,-88],[63,-94],[64,-98],[63,-100],[63,-101],[63,-98],[62,-94],[61,-87],[60,-79],[60,-72],[62,-75],[63,-76],[64,-78],[66,-77],[66,-78],[68,-76],[68,-74],[68,-72],[67,-71],[67,-70],[66,-62],[67,-56],[65,-52],[65,-51],[64,-52],[63,-55],[62,-59],[61,-65],[63,-69],[63,-75],[66,-78],[69,-72],[71,-67],[73,-62],[74,-58],[74,-56],[73,-56],[72,-58],[69,-60],[66,-65],[60,-70],[58,-78],[56,-86],[53,-93],[51,-97],[50,-100]],[[236634,154777],[58,14],[57,15],[57,16],[56,19],[56,22],[56,26],[55,30],[55,35],[54,39],[53,41],[52,43],[52,44],[52,44],[51,45],[52,44],[51,44],[20,17]],[[237521,155315],[-78,202],[-142,606],[-15,273],[61,173],[-101,341],[-258,394],[-292,823],[4,235],[-91,260],[-10,369],[82,101],[60,353],[6,715],[95,366],[28,369],[60,126],[73,80],[43,-106],[283,687],[62,159],[17,607],[171,167],[-26,462],[-94,168],[73,25],[112,-299],[70,142],[177,-46],[146,157],[53,598],[176,39],[241,511],[99,-108],[54,105]],[[236057,170720],[-43,19]],[[234986,171341],[-15,-165]],[[233507,166368],[-140,-78]],[[233367,166290],[0,-8],[0,-143],[1,-138],[1,-135],[2,-133],[1,-132],[0,-133],[-1,-133],[-3,-133],[-3,-132],[-6,-132],[-9,-132],[-11,-133],[-14,-135],[-18,-134],[-18,-137],[-19,-140],[-14,-117]],[[233256,164010],[-1,-30]],[[233216,163544],[-1,1]],[[233215,163545],[-2,-33],[-8,-166],[-6,-165],[-5,-164],[-5,-158],[-6,-149],[-6,-136],[-4,-126],[-3,-117],[-3,-112],[-3,-112],[-1,-112],[0,-115],[1,-120],[2,-126],[2,-135],[2,-144],[1,-154],[0,-161],[1,-166],[2,-170],[1,-175],[2,-178],[2,-180],[1,-180],[1,-179],[1,-175],[1,-169],[0,-163],[-1,-154],[-6,-143],[-11,-132],[-15,-125]],[[239135,159076],[64,-825],[4,-469],[258,-315],[186,-142],[192,-28],[110,-209],[98,113],[53,335],[263,-23],[39,333],[148,291],[127,24],[31,428],[91,389],[110,777],[55,38],[214,545],[-67,683],[-122,31],[-125,214],[-54,-281],[-170,232],[-252,-232],[-305,67],[-175,-126],[-50,-250],[-139,198],[-118,-265],[-9,-336],[-447,-792],[-10,-405]],[[228489,162277],[64,-107],[68,-106],[70,-107],[70,-110],[69,-114],[67,-118],[64,-122],[61,-122],[59,-120],[56,-114],[54,-105],[50,-96],[47,-90],[44,-84],[42,-81],[41,-79],[41,-80],[42,-81],[42,-84],[44,-88],[47,-92],[48,-91],[45,-81],[45,-72],[45,-67],[46,-64],[48,-62],[50,-63],[52,-67],[55,-72],[55,-79],[56,-90],[56,-99],[56,-104],[56,-108],[56,-111],[56,-116],[55,-119],[56,-119],[55,-119],[55,-116],[54,-113],[52,-108],[53,-110],[52,-111],[53,-110],[53,-107],[54,-103],[53,-99],[53,-95],[51,-90],[49,-88],[46,-84],[41,-82],[37,-69],[33,-56],[30,-46],[30,-41],[31,-40],[32,-44]],[[231534,156762],[43,100],[43,100],[44,99],[45,97],[46,94],[48,89],[49,85],[52,79],[52,77],[52,77],[52,75],[53,74],[54,71],[55,69],[56,66],[56,63],[59,59],[59,56],[61,53],[63,50],[64,47],[64,47],[65,46],[65,46],[66,48],[65,51],[64,53],[62,57],[59,61]],[[233215,163545],[-37,45]],[[230163,170588],[-1,112]],[[233257,164094],[-1,-84]],[[233367,166290],[-27,-15]],[[132560,160117],[45,22],[53,26],[51,26],[49,25],[50,25],[51,24],[51,24],[54,24],[57,23],[61,25],[64,25],[65,29],[67,31],[68,33],[68,36],[69,37],[69,37],[70,37],[69,36],[69,33],[69,30],[68,27],[68,22],[71,18],[72,13],[74,11],[74,9],[76,6],[75,6],[75,7],[74,7],[74,10],[73,14],[70,18],[69,23],[65,24],[64,26],[61,28],[61,28],[60,29],[60,29],[60,28],[62,27],[63,26],[65,24],[68,22],[69,18],[70,15],[70,12],[70,10],[70,10],[70,9],[70,8],[70,7],[69,8],[70,8],[69,9],[69,10],[69,7],[70,4],[69,1],[70,-1],[70,-3],[70,-4]],[[136785,161335],[21,150],[21,152],[21,152],[20,152],[19,151],[19,149],[18,146],[18,143],[17,138],[16,132],[18,130],[19,130],[21,131],[22,133],[23,133],[23,136],[22,136],[21,138],[20,140],[17,140],[15,141],[13,142],[9,143],[5,146],[1,150],[-2,153],[-5,157],[-7,158],[-8,161],[-9,161],[-8,161],[-7,161],[-6,160],[-4,158],[-1,157],[1,154],[4,152],[7,147],[10,145],[12,143]],[[133944,172972],[-19,-67],[-58,-503],[10,-550],[-1,-13],[2,-80],[-37,-289],[-20,-90],[-6,-134],[-85,-201],[-34,-52],[-41,-33],[-30,-70],[-31,-70],[-68,-180],[-315,-833],[-37,-5],[-33,-37],[-28,-49],[-25,-56],[-9,-93],[-10,-90],[6,-93],[1,-96],[-27,-54],[-21,-80],[-17,-85],[-6,-44],[-93,-340],[-19,-83],[-21,-88],[-5,-56],[-75,-377],[-5,-18],[-18,-93],[-32,-451],[-98,-168],[-9,-82],[-3,-55],[-12,-141],[-10,-62],[-7,-86],[-1,-67],[-18,-196],[-124,-508],[-1,-2],[-17,-75],[-40,13],[-39,-21],[-39,-26],[-30,-54],[-104,-309],[-23,-91],[-10,-100],[-22,-91],[-15,-92],[-14,-98],[-25,-88],[-6,-106],[-12,-100],[-9,-93],[-9,-98],[-5,-96],[-9,-98],[3,-100],[2,-62],[-13,-232],[-36,-586],[-13,-75],[3,-98],[-32,-523],[18,72],[5,41],[-2,-21],[2,-128],[25,-122],[11,150],[26,139],[-7,150],[0,152],[74,258],[10,-93],[17,-83],[20,-77],[23,-72],[25,-72],[13,-88],[28,-59],[25,-73],[12,-108],[11,-119],[18,-113],[25,-90],[90,-209],[145,-11],[57,-363],[2,-31],[25,-134],[81,-251],[-15,-92],[-7,-104],[3,-92],[0,-101],[-66,-243],[14,-152],[39,-126],[-42,-150],[-33,-67],[-23,-131],[-29,-123]],[[136785,161335],[38,-151],[39,-145],[40,-141],[39,-134],[40,-128],[38,-125],[38,-121],[38,-118],[37,-114],[37,-111],[36,-106],[36,-102],[36,-99],[34,-96],[34,-95],[33,-95],[33,-95],[32,-96],[33,-96],[34,-96],[35,-97],[37,-98],[40,-100],[41,-102],[45,-105],[46,-108],[46,-109],[46,-111],[46,-114],[44,-118],[42,-121],[39,-124],[35,-128],[31,-130],[29,-135],[26,-140],[25,-144],[24,-148]],[[138187,156939],[60,-16],[59,-18],[59,-19],[60,-20],[60,-18],[61,-17],[63,-14],[65,-11],[66,-8],[68,-9],[68,-11],[69,-13],[69,-14],[69,-15],[70,-15],[70,-15],[69,-14],[69,-14],[68,-12],[68,-10],[66,-7],[69,-4],[70,0],[71,3],[72,5],[73,7],[72,7],[72,8],[71,7],[70,6],[68,5],[66,1],[63,-1],[63,1],[63,3],[63,7],[62,8],[62,9]],[[140713,156721],[34,155],[33,155],[32,155],[30,152],[29,150],[26,147],[24,143],[22,141],[20,137],[17,136],[16,132],[15,131],[13,129],[14,128],[15,126],[16,126],[17,124],[19,124],[21,124],[22,124],[23,123],[25,124],[24,126],[25,127],[24,130],[24,133],[23,136],[22,139],[22,140],[20,142],[20,142],[19,141],[19,139],[18,141],[17,144],[17,148],[17,149],[18,152],[17,153],[18,154],[19,154],[19,154],[21,152],[21,148],[22,143],[22,138],[25,131],[26,124],[28,117],[30,111],[31,108],[33,106],[34,106],[36,107],[36,109]],[[139319,158857],[16,59],[6,21],[-22,-80]],[[213899,162568],[20,-165],[22,-165],[21,-165],[22,-165],[20,-165],[20,-163],[18,-162],[16,-159],[13,-154],[10,-148],[6,-142],[1,-132],[-4,-126],[-10,-121],[-15,-119],[-17,-118],[-20,-116],[-19,-117],[-18,-116],[-15,-117],[-11,-119],[-7,-122],[-2,-126],[3,-130]],[[213953,159236],[47,-101],[51,-104],[53,-106],[56,-110],[58,-112],[59,-113],[63,-114],[64,-111],[65,-109],[63,-107],[61,-103],[59,-102],[56,-100],[54,-100],[52,-101],[52,-104],[52,-109],[53,-114],[53,-118],[53,-122],[52,-122],[50,-120],[49,-117],[48,-112],[45,-107],[43,-101],[41,-96],[38,-94],[35,-94],[31,-95],[28,-98],[26,-100],[24,-104],[24,-107],[25,-111],[25,-113],[26,-118],[30,-122],[33,-126],[38,-129],[42,-132],[46,-131],[52,-130],[58,-128],[62,-125],[67,-122],[71,-118],[72,-114],[72,-111],[72,-108],[68,-106],[64,-106],[37,-70]],[[216571,153389],[132,186],[47,515],[-81,119],[28,343],[153,395],[202,307],[154,131],[291,403],[164,565],[155,423],[396,487],[175,549],[123,248],[300,1052],[340,767],[-63,103],[100,472],[207,366],[96,-57],[-22,-407],[167,167],[444,307],[85,127],[109,472],[173,229],[34,382],[230,426],[-49,420],[-87,501],[38,343]],[[191747,165608],[47,-99],[44,-93],[42,-88],[42,-86],[44,-96],[47,-109],[50,-119],[53,-129],[56,-135],[57,-140],[57,-139],[56,-133],[56,-124],[53,-111],[51,-96],[47,-84],[44,-81],[42,-78],[41,-75],[40,-72],[40,-71],[40,-69],[42,-68],[44,-67],[46,-68],[49,-69],[53,-71],[55,-79],[56,-90],[56,-102],[57,-111],[57,-119],[58,-123],[59,-124],[60,-122],[61,-117],[61,-111],[63,-102],[62,-91],[61,-82],[59,-75],[58,-70],[57,-69],[56,-69],[56,-69],[57,-71],[57,-74],[59,-75],[60,-77],[62,-78],[64,-77],[66,-78],[68,-77],[68,-76],[69,-77],[69,-77],[68,-78],[66,-76],[62,-76],[60,-74],[56,-74],[53,-72],[53,-72],[53,-70],[55,-70],[57,-72],[59,-75],[62,-80],[63,-84],[63,-88],[64,-92],[63,-95],[61,-96],[15,-23]],[[195814,159109],[-46,326],[16,307],[-58,312],[-4,438],[55,191],[72,588],[5,328],[211,689],[130,72],[-24,-469],[203,-50],[46,99],[136,902],[98,209],[111,480],[208,469],[142,176],[136,686],[125,371],[37,338],[94,256],[42,541],[-59,204],[-251,157],[-149,395],[-35,217],[-154,353],[-252,991],[-252,330],[-174,-54],[-131,167],[-183,8],[-101,142],[-224,103],[-328,268],[-181,351],[-283,841],[-95,441],[-91,601],[-27,199],[19,544],[-15,235],[-80,436],[-66,47]],[[193842,172968],[-5,-27],[-55,-158],[-88,-180],[-203,-624],[-60,-109],[-255,-358],[-134,-754],[-92,-319],[-276,-364],[-233,-194],[-232,-30],[-124,170],[-156,-52],[-141,30]],[[209295,151962],[8,11],[56,89],[57,91],[56,92],[58,91],[59,89],[59,88],[61,87],[60,86],[61,85],[61,84],[60,83],[60,83],[60,83],[60,81],[59,81],[58,84],[58,86],[56,89],[56,91],[54,94],[53,97],[53,100],[52,100],[53,100],[53,98],[53,95],[53,90],[55,85],[54,80],[56,74],[56,69],[57,64],[57,61],[58,60],[58,58],[58,60],[59,63],[58,67],[58,71],[57,73],[57,73],[56,73],[55,73],[55,72],[55,72],[55,71],[56,70],[56,70],[56,69],[56,69],[56,68],[57,70],[56,71],[56,73],[54,76],[54,80],[52,85],[51,90],[49,95],[48,99],[46,102],[46,106],[45,110],[45,114],[44,116],[43,116],[43,115],[43,114],[43,110],[43,106],[44,103],[44,98],[44,95],[46,91],[47,88],[49,87],[50,85],[52,83],[53,81],[55,79],[56,78],[57,76],[58,74],[60,72],[61,72],[63,71]],[[208656,162985],[67,-279],[-84,-658],[-23,-191],[-63,-232],[-36,-436],[-42,-506],[47,-500],[99,-1210],[81,-495],[-61,-124],[56,-480],[-21,-237],[74,-327],[2,-462],[122,-779],[6,-400],[89,-518],[71,-1334],[-2,-392],[113,-962],[144,-501]],[[169226,158244],[56,-91],[54,-92],[53,-92],[51,-92],[50,-92],[48,-92],[47,-93],[46,-94],[45,-93],[45,-93],[45,-94],[46,-94],[46,-91],[47,-84],[47,-81],[48,-79],[47,-78],[47,-81],[46,-85],[44,-91],[43,-96],[43,-103],[42,-109],[43,-114],[44,-118],[46,-119],[50,-116]],[[170495,155687],[58,71],[60,73],[61,72],[62,71],[63,67],[63,64],[64,59],[63,57],[63,53],[62,51],[61,52],[58,52],[56,56],[54,56],[54,54],[53,54],[54,53],[54,53],[54,54],[54,55],[54,56],[55,59],[55,62],[55,67],[56,72],[56,76],[57,81],[59,84],[59,89],[61,91],[63,94],[65,95],[66,96],[67,96],[69,96],[70,95],[71,93],[71,91],[71,89],[69,87],[68,83],[66,79],[66,72],[68,63],[68,56],[68,50],[69,45],[68,40],[69,39],[67,38],[67,39]],[[173659,159137],[0,151],[0,151],[-1,149],[-2,148],[-2,146],[-2,146],[-2,144],[-1,145],[-1,144],[0,145],[1,145],[1,148],[1,150],[2,151],[2,153],[3,155],[4,156],[5,157],[7,158],[7,158],[7,159],[7,159],[7,157],[6,158],[4,161],[4,162],[3,165],[3,169],[3,171],[3,175],[4,177],[5,178],[5,180],[6,180],[8,179],[9,178],[8,173],[9,171],[9,167],[8,165]],[[169220,166910],[-5,-158],[-2,-155],[-3,-150],[-3,-146],[-2,-143],[-1,-140],[-1,-139],[0,-139],[1,-138],[1,-141],[2,-143],[2,-146],[1,-151],[3,-157],[5,-162],[7,-166],[8,-170],[8,-172],[9,-173],[8,-174],[7,-173],[7,-172],[4,-170],[4,-168],[1,-163],[-1,-159],[0,-155],[-1,-152],[-2,-149],[-1,-148],[-2,-146],[-2,-147],[-2,-148],[-2,-151],[-2,-154],[-2,-159],[-1,-165],[-1,-170],[-2,-173],[-3,-174],[-3,-176],[-4,-177],[-4,-177],[-4,-177],[-4,-175],[-3,-174],[-2,-172],[-2,-169],[-1,-165],[-1,-165],[0,-167],[-1,-170],[-1,-171],[-1,-172]],[[164632,165275],[29,-158],[27,-160],[27,-163],[24,-164],[22,-163],[21,-166],[19,-168],[19,-169],[18,-171],[17,-170],[16,-170],[15,-170],[14,-167],[12,-165],[11,-162],[11,-160],[10,-156],[8,-150],[5,-144],[2,-138],[1,-134],[1,-134],[2,-133],[2,-135],[3,-138],[6,-141],[7,-145],[9,-150],[10,-154],[12,-158],[15,-163],[16,-164],[17,-165],[19,-164],[18,-163],[19,-161],[19,-159],[17,-156],[17,-154],[16,-151],[14,-150],[13,-149],[14,-154],[15,-160],[15,-165],[17,-170],[17,-172],[17,-172],[18,-171],[17,-169],[17,-165],[16,-160],[15,-154],[15,-148],[12,-143],[9,-138],[8,-134],[6,-131],[6,-129],[6,-127],[7,-127],[9,-126]],[[165468,155705],[43,-63],[44,-63],[45,-62]],[[165600,155517],[68,49],[65,49],[63,48],[61,48],[58,47],[56,47],[55,47],[53,48],[52,49],[51,51],[49,52],[49,53],[48,54],[47,54],[47,55],[48,54],[49,52],[50,51],[53,47],[55,40],[59,33],[61,26],[65,20],[67,15],[68,12],[70,10],[70,10],[70,11],[68,15],[67,21],[63,29],[61,37],[60,42],[61,44],[61,47],[61,48],[63,51],[63,51],[64,52],[64,51],[66,52],[67,51],[67,51],[68,51],[69,51],[67,54],[66,57],[65,59],[64,61],[63,64],[64,64],[64,65],[65,66],[66,65],[66,64],[68,62],[69,59],[70,56],[69,55]],[[180292,162252],[42,-212],[230,-438],[129,56],[169,-358],[213,-333],[93,-379],[130,-178],[-2,-258],[144,-191],[9,-358],[91,-480],[93,-121],[-30,-240],[95,-276],[-40,-294],[198,-514],[13,-234],[124,-498],[102,-472],[320,-547],[139,-347]],[[182554,155580],[51,8],[66,11],[66,14],[64,19],[62,24],[59,33],[57,40],[55,49],[54,54],[53,58],[54,60],[53,60],[53,60],[54,58],[55,56],[55,54],[55,50],[56,48],[56,46],[57,43],[57,42],[57,41],[59,39],[62,37],[64,33],[66,31],[68,28],[70,25],[71,25],[71,23],[72,21],[71,22],[70,23],[67,26],[65,29],[61,38],[58,45],[56,52],[53,57],[52,61],[51,64],[51,63],[51,62],[52,60],[54,54],[56,48],[59,40],[63,31],[65,25],[67,22],[67,20],[68,17],[69,16],[70,14],[69,12],[69,11],[69,10],[68,12]],[[186077,157704],[34,100],[33,100],[33,100],[33,101],[33,102],[33,103],[33,106],[34,110],[34,116],[34,122],[33,132],[32,141],[31,147],[31,152],[31,155],[31,157],[32,156],[32,154],[33,150],[33,146],[35,140],[36,133],[37,126],[38,118],[39,112],[37,106]],[[74338,165205],[311,-67],[265,155],[56,477],[440,33],[102,292],[102,36],[76,276],[219,315],[36,188],[334,-18],[250,-75],[185,54],[202,-224],[-36,-235],[-134,-85],[-236,13],[24,-204],[180,-170],[46,-160],[156,52],[211,-96],[85,-155],[78,251],[179,-349],[344,0],[129,-31],[146,-332],[140,-129],[85,-222],[88,70],[222,-150],[165,-201],[236,-109],[182,114],[165,103],[106,-250],[67,-320],[54,-738],[193,-309],[178,-428],[193,33],[284,-100],[141,87],[125,-170],[68,-276],[0,-310],[-58,-170],[-192,-219],[-188,-379],[-93,-354],[319,21],[151,106],[127,-59],[137,108],[296,15],[234,106],[230,-90],[216,20],[107,-149],[188,-21],[123,31],[64,160],[17,0],[42,-162],[97,69],[138,245],[368,98],[99,-38],[106,250],[-57,284],[-157,-8],[-271,539],[-33,142],[-211,170],[-129,-36],[-203,119],[-88,-98],[-186,-8],[-59,118],[174,581],[-207,286],[-260,-113],[-16,175],[-146,175],[-286,98],[-3,127],[-249,237],[-109,297],[-372,580],[-129,-180],[-202,208],[-155,449],[-191,168],[-68,196],[-340,302],[-126,26],[-187,-42],[-228,207],[-244,603],[-240,284],[-36,139],[-215,-75],[-232,207],[-34,129],[-140,75],[-173,-93],[-108,98],[-87,-116],[-69,203],[-183,-87],[-178,116],[-346,64],[-261,-85],[-114,-157],[-323,-93],[-23,-108],[-228,41],[-133,-232],[-431,-302],[-126,-168],[-316,-706],[-34,-333],[91,-336],[-224,-85],[-69,-206]],[[83017,157616],[30,-159],[104,-171],[124,24],[183,-331],[136,52],[130,186],[70,-75],[170,93],[314,-173],[105,-83],[382,176],[309,31],[122,-119],[135,-304],[97,-199],[22,-294],[191,-464],[111,547],[59,121],[212,768],[217,374],[89,-54],[16,-299],[343,-82],[152,407],[24,13],[79,95],[299,-141],[255,92],[122,-111],[161,13],[136,-430],[72,15],[70,359],[113,100],[93,348],[-14,166],[-372,701],[-305,165],[-66,-69],[-170,198],[-171,-26],[13,274],[294,-106],[-58,248],[-179,105],[-202,-82],[-82,268],[-21,457],[-173,0],[-174,49],[-60,121],[-53,137],[-157,-21],[-178,289],[-150,80],[-187,-219],[-239,154],[-125,-25],[-91,-400],[-248,0],[-234,85],[-206,273],[-179,147],[-315,-44],[-170,-190],[-106,-251],[57,-185],[241,-16],[261,-263],[74,-178],[-65,-418],[75,-283],[10,-349],[131,-340],[195,-253],[-28,-322],[-235,56],[-110,-258],[-256,60],[-583,185],[-59,0],[-377,276],[-145,-131],[-55,-390]],[[173659,159137],[58,-108],[57,-104],[56,-100],[54,-93],[52,-87],[47,-88],[45,-91],[43,-93],[42,-95],[41,-95],[42,-96],[43,-96],[45,-96],[47,-95],[49,-95],[51,-94],[53,-93],[56,-92],[58,-91],[57,-92],[56,-93],[56,-95],[55,-94],[54,-93],[53,-90],[52,-85],[50,-80],[48,-76],[45,-70],[44,-66],[43,-63],[42,-61],[42,-59],[42,-59],[43,-61],[44,-66],[46,-71],[48,-76],[48,-83]],[[175566,155802],[68,53],[66,55],[65,57],[64,60],[63,62],[62,64],[60,64],[59,66],[59,69],[58,72],[57,73],[57,75],[56,77],[56,77],[56,77],[55,77],[55,76],[54,75],[54,71],[54,69],[53,65],[54,57],[56,47],[58,40],[58,35],[58,31],[57,31],[57,32],[55,35],[54,39],[52,45],[50,50],[49,58],[48,64],[48,70],[48,74],[49,74],[51,73],[52,70],[54,66],[56,63],[58,58],[60,56],[61,52],[63,50],[65,49],[64,50],[65,53],[66,57],[65,62],[6,6]],[[178434,158783],[-4,28],[-19,75],[-18,77],[-13,41],[-12,98],[-2,21],[-13,82],[-2,142],[15,137],[-1,142],[-14,134],[-25,129],[-13,137],[-12,134],[-25,121],[5,90],[0,8],[16,261],[-57,345],[22,299],[-40,506],[47,480],[0,108],[4,106],[5,106],[-9,105],[-28,75],[-20,101],[-7,44],[-12,165],[-21,136],[-34,119],[55,250],[-18,85],[-13,88],[-13,88],[-6,90],[-21,72],[-23,70],[-22,77],[-24,72],[-77,470],[-9,683],[10,83],[-1,80],[-389,634],[-17,93],[-24,88],[-13,101],[-23,87],[-38,44],[-29,70],[-32,69],[-27,83],[-31,44],[-27,64],[-34,21],[-33,21],[-37,20],[-33,31],[-35,0],[-37,-18],[-164,431],[-11,77],[-9,83],[-17,69],[-3,16],[-18,111],[-4,26],[-9,80],[-16,54],[-16,95],[-7,80],[-3,10],[-38,310],[1,72],[-11,80],[-18,67],[17,652]],[[160509,155385],[47,-102],[46,-101],[45,-102],[44,-101],[43,-103],[44,-104],[44,-107],[45,-110]],[[160867,154555],[59,27],[60,28],[60,26],[62,25],[62,23],[66,22],[70,23],[72,23],[74,23],[76,23],[77,24],[77,24],[77,25],[75,26],[75,26],[71,28],[69,28],[66,25],[65,15],[65,8],[65,0],[64,-4],[64,-7],[64,-9],[64,-8],[64,-6],[64,-2],[64,4],[64,11],[65,21],[62,23],[60,24],[59,26],[57,25],[56,26],[56,25],[55,24],[56,22],[56,20],[58,17],[59,14],[62,11],[63,7],[65,3],[67,0],[68,-2],[68,-4],[69,-5],[69,-5],[69,-4],[68,-3],[67,-2],[66,1],[64,4],[62,9],[59,17],[56,25],[55,31],[53,34],[53,37],[54,38],[53,37],[55,35],[57,31],[59,26],[61,20],[63,13],[66,12],[68,14],[69,16],[70,17],[69,19]],[[160363,161780],[-4,-153],[-4,-149],[-4,-147],[-4,-145],[-4,-143],[-3,-142],[-3,-142],[0,-147],[3,-151],[5,-157],[8,-162],[9,-166],[10,-170],[10,-171],[9,-173],[9,-172],[7,-171],[5,-166],[2,-160],[0,-159],[-3,-159],[-3,-157],[-5,-158],[-4,-157],[-4,-157],[-3,-157],[-2,-158],[0,-159],[3,-160],[5,-162],[8,-164],[10,-160],[10,-155],[10,-151],[11,-149],[10,-146],[11,-146],[10,-146],[11,-147],[10,-149],[10,-152]],[[189818,160492],[33,-173],[31,-174],[30,-171],[28,-166],[25,-159],[23,-152],[20,-145],[19,-141],[19,-140],[19,-140],[20,-144],[24,-151],[26,-163],[29,-170],[31,-176],[30,-179],[31,-180],[29,-179],[27,-176],[26,-172],[25,-166],[23,-161],[23,-154],[23,-149],[26,-141],[29,-132],[33,-121],[36,-113],[40,-106],[43,-102],[44,-102],[45,-105],[42,-111],[40,-120],[36,-132],[32,-145],[29,-156],[26,-166],[24,-168],[25,-169],[26,-170],[28,-168],[30,-168],[32,-166],[33,-163],[35,-161],[33,-158],[31,-155],[17,-90]],[[191247,153123],[130,222],[419,371],[204,199],[209,31],[153,263],[191,85],[38,163],[314,131],[166,-18],[184,-183],[187,132],[198,469],[36,408],[-62,216],[182,707],[178,129],[226,18],[233,111],[132,-39],[187,467],[85,962],[220,470],[252,216],[195,85],[227,-5],[113,160],[-30,216]],[[155386,160875],[24,-184],[26,-176],[28,-170],[28,-165],[29,-161],[28,-160],[28,-158],[27,-159],[26,-159],[24,-161],[24,-163],[23,-165],[22,-168],[21,-169],[23,-168],[23,-164],[25,-161],[26,-155],[26,-150],[28,-146],[27,-142],[27,-139],[26,-137],[24,-136],[21,-134],[19,-135],[13,-129],[8,-122],[4,-117],[1,-112],[-2,-112],[-2,-111],[-1,-115],[-1,-118],[2,-123],[5,-130],[8,-137],[11,-143],[15,-150],[17,-154],[18,-154],[18,-153],[19,-150],[19,-145],[19,-139],[17,-135],[18,-131],[16,-127],[16,-127],[16,-128],[16,-132],[15,-139],[13,-141],[10,-142]],[[156347,153074],[58,53],[58,47],[57,38],[58,30],[59,21],[61,16],[61,11],[63,8],[64,7],[64,8],[65,8],[65,12],[66,17],[65,24],[65,31],[65,39],[61,40],[60,41],[58,42],[57,42],[57,42],[58,43],[58,42],[60,42],[62,41],[64,41],[66,40],[68,40],[70,38],[69,36],[70,35],[68,34],[66,33],[65,33],[63,33],[62,34],[59,34],[58,36],[57,36],[57,37],[58,40],[57,45],[57,53],[57,61],[56,65],[57,68],[57,71],[58,71],[57,69],[58,66],[58,61],[59,53],[58,45],[59,33],[59,26],[61,21],[62,16],[63,14],[63,10],[64,10],[64,8],[64,9],[63,10],[63,13],[63,15],[61,20],[60,24],[59,29]],[[146005,157169],[53,-63],[52,-63],[52,-65],[52,-69],[50,-72],[49,-78],[49,-83],[48,-88],[49,-94],[50,-95],[49,-94],[50,-92],[51,-92],[52,-91],[53,-92],[55,-93],[57,-93],[57,-94],[59,-96],[60,-96],[59,-97],[59,-98],[58,-100],[57,-103],[57,-104],[59,-107],[59,-110],[60,-115],[60,-120],[61,-124],[59,-131],[60,-134],[58,-138],[57,-141],[57,-140],[55,-138],[53,-133],[52,-126],[50,-117],[49,-108],[48,-103],[49,-99],[49,-95],[49,-92],[48,-87],[49,-84],[48,-82],[47,-78],[48,-77],[47,-76],[47,-75],[47,-75],[47,-78],[48,-79],[49,-83],[50,-87],[52,-91],[54,-95],[54,-98]],[[149121,151448],[58,68],[59,67],[59,66],[59,65],[58,64],[58,65],[57,65],[56,67],[55,68],[54,70],[55,70],[56,70],[56,74],[57,77],[57,82],[58,86],[59,92],[59,95],[58,99],[59,99],[59,98],[58,94],[57,87],[57,78],[59,70],[60,62],[61,53],[63,46],[63,40],[63,37],[63,36],[62,37],[60,38]],[[151053,153733],[8,141],[7,139],[5,137],[4,137],[4,136],[5,135],[4,135],[6,134],[7,133],[9,132],[11,132],[14,129],[16,127],[18,125],[19,122],[19,122],[20,121],[20,121],[20,122],[19,124],[18,126],[16,129],[14,133],[13,138],[10,143],[9,148],[8,152],[7,156],[6,159],[5,161],[6,164],[5,165],[6,163],[7,161],[7,159],[9,155],[10,151]],[[145894,160602],[1,-123],[-1,-116],[-4,-109],[-6,-104],[-6,-102],[-7,-100],[-7,-101],[-7,-103],[-5,-107],[-4,-112],[-2,-118],[1,-126],[3,-136],[6,-146],[8,-156],[11,-164],[12,-171],[14,-175],[14,-177],[16,-176],[16,-173],[15,-169],[16,-163],[14,-157],[13,-149]],[[140713,156721],[31,-128],[32,-130],[32,-131],[32,-134],[34,-134],[33,-135],[34,-135],[35,-133],[34,-131],[35,-128],[34,-125],[33,-126],[33,-128],[34,-130],[33,-130],[34,-130],[34,-128],[34,-126],[35,-123],[35,-121],[36,-117],[36,-115],[37,-113],[37,-113],[38,-113],[38,-114],[38,-114],[38,-110],[39,-108],[40,-106],[41,-106],[41,-108],[43,-111],[43,-115],[44,-119],[44,-124],[46,-129],[46,-134],[47,-139],[47,-144],[49,-149],[48,-154],[48,-154],[46,-153],[44,-149],[41,-144],[40,-138]],[[142519,150742],[59,-23],[60,-20],[60,-16],[59,-14],[58,-13],[58,-12],[56,-11],[56,-12],[56,-12],[56,-13],[56,-12],[56,-14]],[[143209,150570],[39,139],[40,139],[40,139],[41,138],[42,133],[42,129],[44,124],[44,119],[45,115],[45,111],[47,108],[46,105],[45,103],[43,100],[40,97],[38,95],[36,94],[35,93],[33,94],[34,96],[36,99],[38,103],[39,105],[41,109],[42,112],[45,114],[48,114],[50,116],[52,115],[54,111],[55,107],[56,101],[56,94],[57,89],[57,85],[56,81],[56,81],[56,82],[56,85],[56,88],[57,90],[57,93],[56,97],[55,100],[54,104],[53,106],[52,107],[51,107],[48,104],[46,102],[45,100],[42,98],[40,97],[37,98],[36,101],[34,106],[34,111],[34,115],[34,120],[35,124],[36,127],[35,130]],[[230065,148880],[7,44],[23,142],[24,140],[25,139],[26,137],[28,136],[31,136],[33,137],[35,136],[36,136],[37,137],[37,136],[36,136],[36,137],[35,136],[33,137],[30,136],[28,137],[25,138],[22,141],[20,143],[19,145],[17,147],[17,149],[16,149],[17,149],[17,149],[19,148],[20,147],[22,146],[25,144],[28,143],[29,146],[31,149],[33,151],[33,154],[35,156],[34,157],[35,157],[34,159],[34,158],[32,157],[31,157],[29,156],[27,154],[25,151],[24,150],[24,149],[22,146],[22,146],[22,144],[21,144],[22,143],[23,143],[23,142]],[[226561,159964],[42,-88],[54,-10],[0,-176],[-43,-178],[-113,-139],[-111,144],[-148,21],[222,-745],[150,-248],[177,-26],[70,-227],[57,-583],[85,-250],[84,-578],[-29,-265],[125,-784],[-25,-341],[7,-317],[-171,-926],[25,-214],[-60,-568],[-51,18],[-43,-823],[16,-394],[84,44],[145,415],[1,214],[105,-5],[41,-173],[-41,-343],[-61,-188],[79,-235],[155,235],[12,-392],[103,-44],[126,286],[44,-248],[189,-134],[231,503],[75,423],[198,173],[25,330],[89,-111],[141,93],[45,152],[238,181],[151,480],[27,325],[70,397],[-50,312],[29,526],[67,359],[119,-201],[111,38],[131,171],[117,-715],[4,-361],[-47,-222],[74,-652],[123,-338],[29,-29],[-95,-276],[19,-322],[-52,-588],[118,-379],[15,-519],[48,-431],[-63,-149],[69,-351],[-6,-635],[149,-959],[3,-44]],[[60119,155535],[133,-145],[148,-350],[875,-746],[211,-387],[117,-111],[198,-33],[440,-297],[66,60],[195,-516],[362,-248],[295,-495],[442,-85],[350,-449],[247,-165],[111,77],[146,-30]],[[64455,151615],[14,172],[14,178],[13,185],[13,189],[13,192],[13,194],[12,194],[13,190],[13,186],[13,179],[14,168],[17,157],[19,148],[20,140],[22,135],[21,132],[21,130],[19,132],[16,137],[13,143],[9,152],[6,161],[2,172],[-1,182],[-2,189],[-4,193],[-4,194],[-4,195],[-3,193],[-1,190],[2,186],[5,180],[9,173],[14,163],[18,154],[20,149],[22,146],[22,147],[22,150],[20,150]],[[64920,158315],[-16,8],[-103,-80],[-109,746],[-259,549],[-145,1215],[-185,627],[-412,1068],[-38,345],[-117,537],[-94,533]],[[209295,151962],[71,-247],[83,-583],[72,-44],[57,-601],[-32,-183],[151,-410],[18,-243],[137,-165],[30,-392],[75,-242],[90,-875],[98,-379],[24,-299]],[[210169,147299],[26,9],[61,15],[61,10],[62,2],[59,-5],[58,-11],[57,-15],[55,-18],[55,-19],[54,-19],[55,-18],[54,-14],[56,-11],[56,-4],[58,2],[59,11],[60,18],[61,25],[61,29],[61,32],[62,33],[62,34],[62,31],[62,29],[62,23],[62,17],[62,8],[63,-1],[69,-10],[72,-17],[75,-23],[78,-28],[78,-29],[79,-28],[79,-26],[77,-23],[75,-17],[72,-11],[68,-3],[64,4],[63,8],[61,11],[60,12],[60,14],[59,15],[60,15],[60,13],[61,12],[62,10],[64,7],[66,4],[68,-2],[69,-5],[70,-10],[71,-12],[72,-14],[72,-15],[71,-15],[71,-15],[69,-13],[69,-11],[66,-8],[64,-4],[60,-6],[55,-9],[53,-10],[51,-12],[50,-13],[50,-14],[51,-15],[54,-15],[56,-14],[59,-14],[64,-12],[70,-11],[73,-6],[16,-1]],[[214951,147126],[-24,160],[9,315],[-62,335],[-36,539],[45,237],[23,475],[-76,299],[-50,684],[34,619],[149,805],[172,358],[192,139],[262,-111],[129,300],[80,737],[63,93],[383,-90],[195,183],[132,186]],[[64455,151615],[16,-3],[240,327],[446,325],[169,397],[321,576],[79,-282],[96,153],[184,-390],[279,-268],[18,90],[5,93],[157,-126],[-40,-160],[251,-385],[360,-732],[211,-521],[134,-194],[104,-381],[392,-993]],[[67877,149141],[70,345],[-25,235],[29,410],[68,157],[-105,356],[25,86],[20,91],[15,96],[9,102],[8,103],[29,92],[27,96],[24,99],[23,101],[21,103],[22,102],[23,102],[23,100],[24,100],[25,99],[23,100],[23,102],[20,104],[26,41],[48,-4],[47,-6],[48,-7],[47,-7],[48,-7],[48,-5],[47,-4],[48,-2],[48,2],[47,5],[48,9],[47,12],[48,14],[46,-14],[47,-15],[46,-13],[46,-11],[47,-5],[46,2],[46,10],[46,18],[46,25],[46,31],[-8,385],[48,196],[-39,55],[-37,59],[-36,65],[-34,70],[-33,74],[-33,74],[-9,99],[-11,98],[-14,95],[-17,92],[-20,90],[-43,43],[-42,47],[-40,53],[-40,56],[-40,59],[-39,58],[-40,56],[-20,96],[-21,96],[-23,91],[-26,86],[-30,79],[-33,72],[-35,68],[-119,137],[47,-18],[46,-19],[47,-14],[46,-8],[47,0],[46,11],[47,21],[46,27],[20,109],[17,109],[14,108],[10,109],[5,109],[0,109],[-5,109],[-10,110],[-14,109],[-17,109],[-18,109],[26,31]],[[68971,156270],[347,0]],[[68709,158773],[-138,-187],[141,-301],[-60,-354],[-182,-284],[-241,60],[-136,139],[33,335],[-89,34],[-365,-121],[-172,-57],[-147,-351],[-72,-41],[-426,-8],[-589,-505],[-285,-140],[-94,93],[-193,727],[-170,62],[-174,354],[-242,-11],[-188,98]],[[132580,154285],[30,-20],[72,-38],[74,-33],[76,-30],[77,-26],[77,-25],[76,-25],[75,-27],[73,-32],[70,-38],[65,-46],[62,-55],[58,-61],[55,-67],[54,-72],[51,-74],[52,-77],[51,-77],[53,-76],[54,-74],[58,-71],[60,-68],[64,-62],[68,-59],[71,-62],[74,-63],[75,-62],[76,-62],[75,-60],[74,-57],[73,-55],[72,-53],[69,-50],[68,-50],[66,-50],[65,-53],[64,-52],[64,-50],[64,-51],[66,-50],[66,-52],[67,-54],[68,-55],[69,-56],[69,-58],[69,-59],[67,-61],[67,-61],[65,-62],[63,-73],[60,-82],[59,-90],[57,-95],[57,-98],[57,-97],[56,-96],[56,-92],[57,-87],[57,-79],[57,-70],[59,-61],[59,-54],[58,-49],[60,-46]],[[136680,150485],[28,143],[28,143],[25,142],[24,142],[24,141],[22,142],[24,142],[25,145],[26,147],[28,147],[30,146],[31,144],[32,142],[34,140],[33,139],[34,138],[35,138],[33,139],[32,137],[30,137],[28,136],[27,137],[28,142],[28,144],[28,146],[29,146],[30,145],[30,144],[31,141],[32,140],[32,136],[32,135],[34,132],[34,131],[34,129],[36,129],[38,132],[40,137],[43,142],[46,145],[46,144],[46,145],[46,143],[46,142],[43,139],[42,138]],[[132560,160117],[0,-1],[47,-261],[-39,-123],[-32,-73],[-38,-90],[-22,-124],[44,-67],[50,-36],[31,-126],[30,-127],[40,-118],[33,-122],[-2,-90],[-2,-90],[6,-83],[4,-90],[-4,-88],[-9,-82],[8,-88],[2,-93],[19,-72],[23,-70],[17,-74],[23,-73],[10,-82],[5,-90],[14,-83],[12,-85],[-12,-134],[6,-140],[18,-100],[18,-712],[-6,-121],[-22,-116],[12,-122],[-1,-121],[-21,-173],[-9,-54],[-32,-85],[-20,-94],[-3,-14],[-15,-109],[-6,-116],[0,-240],[-18,-85],[-27,-80],[-13,-95],[-21,-80],[-20,-90],[-28,-75],[-14,-90],[-4,-101],[-12,-84]],[[151053,153733],[59,-104],[57,-102],[55,-97],[52,-88],[49,-83],[46,-83],[45,-85],[42,-87],[42,-89],[41,-91],[42,-94],[42,-96],[43,-99],[43,-99],[45,-100],[47,-98],[47,-95],[48,-90],[49,-84],[47,-76],[46,-68],[46,-62],[45,-58],[44,-56],[46,-56],[45,-60],[47,-64],[48,-70],[49,-78],[51,-87],[52,-96],[54,-104],[55,-111],[56,-112],[58,-111],[58,-109],[59,-106],[59,-101],[59,-97],[59,-94],[58,-90],[58,-88],[56,-87]],[[153202,149928],[64,52],[63,48],[62,43],[60,41],[59,42],[58,41],[58,40],[58,38],[59,37],[60,35],[61,33],[62,31],[64,29],[65,29],[66,28],[66,30],[67,33],[67,38],[66,42],[66,48],[65,54],[64,59],[63,64],[63,67],[62,70],[61,70],[61,69],[61,64],[61,56],[60,49],[59,44],[56,40],[55,36],[54,34],[52,32],[52,30],[51,30],[52,30],[51,32],[52,33],[53,36],[54,39],[54,43],[54,47],[53,50],[53,54],[53,56],[53,59],[54,61],[55,61]],[[156144,152155],[27,130],[29,130],[30,131],[29,132],[30,132],[30,132],[28,132]],[[230065,148880],[13,-209],[102,-428],[-39,-266],[33,-683],[118,31],[127,-411]],[[230419,146914],[13,-15],[57,-61],[56,-60],[58,-59],[58,-61],[59,-62],[60,-64],[61,-65],[62,-60],[65,-57],[66,-56],[68,-55],[68,-57],[68,-57],[69,-59],[67,-61],[65,-63],[62,-63],[60,-64],[57,-59],[56,-54],[54,-49],[54,-44],[43,-33]],[[231825,145576],[57,327],[-126,503],[111,292],[166,175],[103,-44],[50,18],[158,47],[158,-88],[120,-20],[-56,-380],[23,-580],[-56,-266],[38,-170],[-69,-250],[120,-157],[93,87],[306,-116],[289,160],[153,-351],[92,-105],[132,-359],[108,83],[-13,-349],[305,-305]],[[234087,143728],[20,98],[30,144],[28,141],[27,138],[26,136],[25,134],[25,132],[24,133],[25,133],[24,135],[25,137],[26,139],[27,144],[27,147],[30,153],[30,154],[32,154],[33,154],[33,154],[34,153],[35,153],[34,152],[35,151],[35,150],[34,149],[33,147],[33,145],[32,143],[31,141],[29,140],[28,139],[27,137],[27,136],[27,136],[27,136],[27,135],[27,134],[28,134],[29,133],[29,133],[31,132],[32,131],[34,130],[34,137],[34,142],[34,146],[34,150],[35,151],[35,153],[35,152],[35,151],[35,149],[35,146],[36,142],[35,138],[36,133],[35,127],[36,125],[36,125],[37,123],[38,122],[37,122],[38,122],[37,122],[36,123],[36,124],[35,125],[34,127],[33,129],[32,131],[31,135],[33,135],[33,137],[33,137],[34,139],[35,139],[35,139],[35,140],[35,140],[35,141]],[[170495,155687],[6,-182],[7,-176],[7,-170],[7,-163],[10,-161],[13,-164],[15,-165],[17,-168],[18,-170],[18,-172],[18,-173],[16,-175],[15,-174],[13,-172],[11,-171],[8,-166],[6,-160],[5,-155],[6,-149],[6,-144],[6,-139],[7,-135],[6,-131],[6,-130],[6,-130],[7,-131],[8,-133],[8,-137],[9,-138],[8,-134],[8,-130],[8,-127],[7,-126],[8,-123],[8,-124],[8,-124],[8,-126],[8,-128]],[[170851,150011],[61,-47],[61,-50],[63,-53],[64,-59],[67,-68],[67,-75],[69,-80],[69,-83],[70,-85],[68,-85],[68,-84],[66,-79],[65,-74],[62,-68],[59,-60],[58,-54],[55,-47],[53,-45],[51,-44],[49,-44],[47,-46],[45,-50],[44,-53],[43,-57],[44,-61],[44,-65],[46,-67],[49,-69],[52,-67],[54,-61],[57,-57],[60,-50],[62,-46],[63,-42],[65,-40],[65,-39],[64,-41],[64,-45],[62,-49],[60,-55],[59,-61],[59,-69],[60,-76],[59,-81],[59,-86],[58,-88],[57,-90],[56,-90],[55,-89],[54,-86]],[[173762,146851],[52,82],[52,87],[53,91],[51,97],[50,99],[47,100],[45,101],[42,101],[42,102],[41,103],[41,106],[42,108],[45,109],[46,110],[50,112],[52,113],[55,112],[57,112],[58,111],[59,107],[57,105],[55,100],[54,93],[52,87],[50,80],[48,74],[47,69],[45,66],[44,65],[44,66],[45,68],[46,70]],[[175329,149857],[4,161],[5,160],[5,160],[5,160],[5,160],[5,160],[4,160],[4,160],[3,161],[3,163],[2,163],[0,162],[-1,160],[-2,159],[-3,158],[-3,157],[-3,155],[-2,155],[-1,154],[-1,155],[2,154],[3,154],[6,155],[8,156],[10,159],[11,161],[12,162],[13,163],[13,162],[14,160],[14,159],[14,157],[14,153],[15,149],[14,145],[15,140],[15,138],[15,135]],[[175329,149857],[50,-99],[52,-92],[54,-86],[56,-79],[59,-78],[59,-75],[61,-75],[60,-73],[60,-74],[60,-73],[59,-74],[57,-74],[55,-75],[53,-77],[50,-77],[48,-78],[46,-79],[46,-81],[47,-82],[47,-84],[48,-84],[50,-85],[51,-86],[53,-86],[53,-86],[53,-86],[54,-86],[53,-84],[52,-84],[51,-82],[47,-82],[46,-81],[45,-79],[44,-78],[43,-75],[44,-74],[43,-73],[45,-71],[45,-72],[48,-71],[50,-72],[53,-73],[56,-76],[57,-77],[57,-80],[59,-83],[58,-83],[57,-85],[57,-85],[57,-85]],[[177937,145868],[52,94],[52,97],[53,102],[52,105],[53,109],[51,111],[52,113],[51,113],[52,112],[52,111],[53,107],[54,105],[54,102],[54,99],[53,96],[53,93],[52,92],[51,91],[51,92],[50,91],[49,92],[49,93],[49,94],[48,96],[48,96],[48,96],[48,95],[50,94],[50,93],[52,92],[52,91],[54,92],[55,93],[56,94],[57,97],[57,101],[57,103],[56,105],[55,107],[55,109],[54,111],[54,114],[54,115],[55,117],[55,115],[56,114],[28,56]],[[180383,150578],[8,123],[-1,88],[-12,82],[-7,78],[-10,82],[-24,62],[-18,65],[-18,74],[-21,62],[-40,101],[-49,75],[4,124],[-8,116],[-22,108],[-17,108],[-102,155],[-9,129],[-6,126],[-33,96],[-19,121],[5,150],[20,136],[-6,147],[-10,145],[-17,139],[-9,142],[-26,129],[-21,142],[-88,877],[-2,111],[-15,98],[-14,100],[-20,96],[-12,100],[-11,98],[-19,83],[-14,116],[-278,1323],[-52,258],[-31,39],[-30,41],[-28,54],[-33,39],[-35,0],[-25,5],[-75,72],[-38,29],[-40,-16],[-15,129],[-28,116],[-29,111],[-24,114],[-22,77],[-16,85],[-34,42],[-25,69],[-45,65],[-51,5],[-24,82],[-33,62],[-32,67],[-30,62],[-59,-5],[-50,-59],[-31,106],[-9,64],[-24,59],[-28,93],[2,88],[-7,90],[-7,55]],[[180474,150750],[53,96],[59,102],[46,75]],[[180632,151023],[-105,212],[-86,-258],[12,-121],[9,-26],[12,-80]],[[234087,143728],[45,-45],[26,-297],[111,-353],[6,-215],[170,-394],[-32,-413],[32,-253],[-22,-482],[75,-155],[84,145],[110,-111],[62,547],[156,-233],[47,-286],[-19,-333],[-104,-43],[-56,-186],[99,-302],[104,26],[146,232],[136,-137],[161,-5],[137,-219],[25,-72],[112,-346],[184,-119],[87,-240],[156,-214],[-101,-314],[-56,0],[-53,-686],[-29,-1076],[-24,-500],[71,-184],[2,-358],[199,152],[203,444],[76,374],[102,263],[280,273],[277,248],[6,379],[-109,449],[-146,371],[-53,189],[128,-264],[218,-552],[127,-193],[150,230],[0,196],[-277,737],[-113,351],[240,-580],[185,-346],[50,477],[104,163],[-61,206],[-256,258],[304,-106],[-30,426],[-107,-70],[117,253],[106,227],[90,-183],[11,116],[3,0],[18,26],[-1,-263],[5,-29],[252,-129],[225,282],[249,312],[101,-42],[91,483],[206,69],[195,498],[137,0],[46,263],[103,52],[94,77],[7,354],[90,113],[90,356],[-34,121],[4,1868],[153,402],[68,165],[-139,485],[5,470],[-63,103],[22,307],[-21,351],[57,131],[-107,1202],[-88,596],[5,199],[-114,675],[-34,377],[15,222],[-133,307],[-125,283],[-140,480],[-36,268],[-110,276],[-70,462],[-122,60],[-95,260],[-117,-101],[-43,336],[-299,624],[-165,348],[-92,397],[-90,158],[-201,371],[-37,95]],[[165600,155517],[8,-133],[9,-137],[10,-142],[9,-143],[7,-144],[6,-145],[3,-147],[2,-147],[1,-149],[0,-150],[0,-151],[0,-151],[1,-152],[2,-152],[5,-152],[9,-159],[12,-169],[15,-173],[17,-178],[20,-180],[20,-181],[21,-179],[19,-177],[18,-171],[16,-166],[13,-156],[8,-147],[8,-140],[8,-135],[9,-132],[10,-131],[10,-131],[11,-131],[11,-132],[11,-135],[12,-137],[11,-141],[11,-145]],[[165963,149796],[53,-95],[54,-99],[52,-98],[51,-99],[50,-99],[49,-101],[47,-101],[47,-102],[45,-103],[45,-101],[45,-98],[43,-97],[44,-94],[44,-91],[46,-89],[46,-86],[48,-84],[49,-83],[50,-83],[50,-85],[51,-88],[51,-92],[50,-94],[48,-96],[48,-99],[48,-101],[48,-102],[47,-102],[47,-102],[45,-101],[44,-100],[43,-98],[41,-97],[40,-95],[39,-94],[38,-93],[39,-93],[40,-93],[42,-94],[43,-98],[46,-106],[49,-114],[51,-118],[52,-120],[55,-120],[56,-119],[56,-117],[58,-112],[58,-107],[59,-101],[58,-96],[59,-89],[59,-83],[58,-78],[58,-80]],[[168645,144416],[35,106],[35,106],[35,110],[35,114],[36,121],[38,128],[38,134],[40,141],[42,144],[42,146],[43,145],[44,140],[43,133],[43,125],[41,115],[40,105],[40,97],[39,90],[39,88],[39,87],[39,89],[39,93],[39,98],[39,105],[40,110],[40,117],[40,121],[42,125],[44,125],[47,125],[49,122],[50,119],[53,116],[55,112],[56,108],[57,103],[58,102],[58,100],[58,100],[56,102],[54,102],[51,105],[49,106],[46,106],[45,107],[43,106],[43,104],[43,101],[43,97],[43,94]],[[143209,150570],[40,-130],[39,-130],[40,-130],[40,-128],[40,-123],[41,-121],[42,-118],[43,-114],[44,-110],[44,-105],[44,-101],[44,-97],[45,-93],[46,-89],[45,-87],[46,-84],[47,-82],[46,-82],[46,-83],[45,-85],[44,-87],[43,-93],[41,-100],[40,-107],[39,-115],[39,-123],[39,-129],[38,-135],[38,-138],[38,-140],[38,-140],[37,-140],[37,-138],[37,-135],[37,-134],[38,-131],[38,-128],[39,-127],[40,-125],[42,-123],[43,-124],[46,-127]],[[144947,145739],[68,35],[68,36],[66,35],[67,36],[66,35],[66,35],[66,34],[67,34],[67,32],[68,31],[69,30],[71,28],[71,27],[71,28],[70,27],[70,28],[69,28],[70,28],[69,30],[68,30],[68,32],[68,32],[66,32],[66,33],[66,31],[66,27],[67,24],[68,21],[68,20],[69,18],[68,18],[68,19],[67,19],[67,21],[67,23],[67,25],[66,28],[65,31],[63,34],[62,36],[60,37],[59,39],[57,39],[57,39],[56,39],[56,37],[58,34],[59,33],[62,29],[63,24],[62,20],[63,17],[63,13],[62,11],[63,11],[62,10]],[[148608,147322],[22,131],[24,135],[25,133],[26,134],[26,134],[26,135],[25,136],[25,138],[24,141],[23,142],[21,144],[21,146],[19,147],[17,149],[16,151],[15,159],[14,166],[13,172],[12,175],[13,178],[12,178],[14,177],[14,175],[15,170],[16,166],[17,160],[18,154]],[[136680,150485],[14,-147],[15,-147],[16,-146],[16,-145],[17,-145],[17,-144],[18,-143],[19,-141],[20,-137],[21,-134],[21,-131],[21,-129],[20,-127],[19,-126],[17,-125],[15,-125],[14,-127],[12,-128],[10,-130],[8,-132]],[[137010,147776],[30,-77],[29,-78],[31,-82],[32,-85],[34,-91],[37,-97],[41,-101],[43,-107],[46,-109],[49,-109],[51,-108],[52,-108],[53,-106],[54,-105],[55,-103],[55,-101],[55,-100],[55,-97],[56,-95],[55,-92],[55,-95],[54,-98],[54,-100],[54,-103],[52,-105],[52,-108],[51,-108],[51,-109]],[[138346,144999],[62,-29],[62,-28],[61,-27],[60,-26],[60,-24],[60,-23],[59,-22],[60,-22],[60,-21],[62,-22],[63,-22],[65,-21],[67,-21],[69,-23],[70,-24],[71,-26],[72,-27],[71,-28],[72,-29],[70,-30],[68,-29],[67,-28],[64,-25],[65,-18],[64,-13],[66,-7]],[[140036,144384],[42,122],[42,118],[40,112],[39,105],[38,96],[36,88],[35,81],[35,74],[34,71],[35,70],[35,73],[37,77],[40,82],[42,84],[44,88],[47,92],[49,94],[50,98],[50,100],[51,102],[51,105],[51,106],[50,107],[49,109],[49,109],[49,110],[48,110],[47,108],[48,108],[48,106],[46,102],[45,98],[44,94],[42,90],[42,88],[41,86],[42,88],[43,89],[44,93],[46,95],[47,100],[48,104],[49,108],[48,110],[47,114],[45,115],[43,118],[38,125],[34,130],[31,136],[29,144],[27,147],[27,148],[27,147],[29,144],[29,138],[32,133],[34,127],[36,123],[37,119]],[[186077,157704],[30,-130],[28,-129],[27,-129],[26,-133],[26,-136],[29,-135],[30,-135],[31,-135],[30,-133],[29,-131],[26,-129],[22,-127],[19,-126],[15,-124],[13,-124],[11,-125],[11,-126],[13,-130],[15,-137],[18,-144],[21,-151],[25,-157],[26,-162],[29,-166],[29,-168],[29,-167],[28,-163],[27,-158],[25,-152],[22,-147],[22,-143],[20,-147],[20,-152],[19,-159],[19,-167],[18,-175],[17,-182],[17,-188],[17,-190],[19,-191],[19,-187],[22,-179],[24,-168],[28,-154],[32,-142],[37,-131],[39,-124],[42,-119],[44,-117],[45,-118],[45,-120],[45,-124],[43,-130],[42,-135],[40,-140],[36,-146],[33,-148],[28,-143],[24,-139],[19,-134],[16,-131],[13,-127],[11,-126],[10,-125],[10,-126],[11,-128],[14,-133],[14,-117]],[[187761,147990],[277,52],[138,271],[130,340],[62,405],[434,508],[304,217],[210,2],[313,460],[222,105],[476,284],[265,377],[318,366],[146,90],[0,513],[-63,289],[119,625],[135,229]],[[160867,154555],[9,-181],[10,-184],[11,-186],[10,-185],[10,-184],[11,-181],[9,-176],[10,-170],[8,-161],[7,-155],[6,-151],[4,-149],[4,-148],[2,-145],[1,-145],[1,-145],[0,-145],[0,-147],[0,-148],[1,-152],[1,-155],[3,-157],[4,-158],[6,-159],[6,-159],[8,-160],[7,-159],[8,-159],[7,-159],[7,-159],[6,-157],[5,-157],[3,-156],[3,-154],[2,-150],[2,-147],[2,-146],[3,-145],[3,-144],[4,-145],[4,-147],[6,-148],[6,-150],[6,-152],[7,-154],[6,-156],[5,-161],[4,-164],[3,-165],[3,-167],[2,-166],[1,-166],[1,-164],[1,-163],[1,-159]],[[161127,145850],[54,-66],[54,-65],[55,-62],[57,-60],[58,-59],[61,-57],[63,-55],[66,-52],[68,-52],[70,-52],[70,-51],[70,-50],[70,-50],[69,-48],[68,-48],[66,-46],[64,-46],[64,-45],[62,-45],[61,-44],[62,-44],[62,-44],[63,-44],[63,-47],[63,-49],[63,-54],[63,-57],[61,-62],[60,-66],[60,-67]],[[163017,144263],[51,93],[51,94],[50,95],[49,95],[48,94],[48,95],[48,93],[48,91],[48,89],[47,87],[47,84],[46,82],[46,80],[46,80],[46,79],[45,81],[46,83],[46,87],[47,91],[48,95],[48,99],[50,102],[50,101],[51,101],[52,103],[51,103],[52,107],[52,108],[53,111],[52,114],[52,116],[52,117],[51,118],[52,117],[51,116],[51,112],[50,108],[49,103],[48,103],[45,105],[44,105],[43,104],[43,101],[44,97],[46,93],[48,87],[51,83],[54,77],[56,73],[57,70],[59,68],[59,69],[59,71],[57,76],[54,81],[54,84],[52,86],[52,89],[51,87]],[[210169,147299],[149,-1834],[30,-204],[87,-498],[232,-1122],[0,173],[43,0],[22,-129],[13,-320],[176,-441],[75,-469],[71,-114],[119,-727],[71,-720],[114,-536],[110,-761],[85,-413],[71,-134],[-46,-916],[47,-376],[150,-888],[385,-1194],[99,-183],[178,-351],[165,-108],[463,655],[59,255],[47,792],[50,243],[181,332],[146,49],[284,289],[-32,436],[55,423],[183,663],[69,145],[-35,273],[141,356],[113,0],[196,-157],[85,271],[-9,928],[-126,232],[126,150],[-25,905],[-60,405],[50,542],[35,271],[9,149],[253,991],[59,423],[103,1483],[-76,250],[9,103],[14,36],[-31,199]],[[214538,134858],[32,-724],[-16,-150],[35,-691],[22,-679],[44,-546],[68,-599],[39,-374],[130,-493],[172,-175],[178,-82],[117,116],[68,131],[256,173],[212,230],[298,637],[101,549],[54,547],[-9,676],[-94,283],[3,245],[-65,411],[-77,165],[-34,343],[-98,291],[-32,276],[-47,511],[-119,-21],[10,377],[-218,722],[-44,28],[-70,545],[-183,456],[-161,276],[-128,217],[-144,299],[-114,21],[-31,-284],[115,-170],[146,-3],[169,-183],[135,-183],[-294,126],[-184,-252],[50,-395],[-52,-392],[-85,-165],[5,-459],[-35,-369],[-33,-67],[-41,-875],[-51,-320]],[[182554,155580],[43,-107],[32,-604],[171,-363],[0,-279],[161,-454],[-2,-222],[51,-430],[48,-687],[-12,-314],[-113,-421],[65,-490],[25,-544],[108,-637],[9,-356],[72,-544],[-29,-196],[90,-797],[115,-449],[43,-465],[-22,-294],[-7,-696],[194,-797],[48,-325],[63,132],[256,-235],[32,-111],[211,46],[186,114],[117,273],[123,11],[150,-150],[191,418],[3,28],[84,160],[181,139],[225,594],[479,191],[70,-52],[332,49],[177,222],[355,214],[91,95],[204,449],[291,395],[146,-207],[125,101],[25,5]],[[231644,132231],[40,68],[48,84],[49,82],[49,83],[50,82],[52,80],[53,77],[55,76],[55,77],[56,76],[41,57]],[[232192,133073],[-79,292],[-66,80],[-100,366],[-36,452],[48,116],[90,-36],[19,-302],[102,-310],[-90,1017],[-64,807],[-41,307],[-93,-75],[-126,480],[-38,1008],[-59,423],[-70,34],[-202,-96],[-43,-147],[-189,78],[55,333],[-120,559],[-29,320],[13,733],[39,175],[-47,330],[79,377],[213,758],[10,253],[5,387],[111,763],[140,478],[41,495],[140,492],[-49,955],[25,343],[44,258]],[[230419,146914],[33,-108],[40,-410],[88,-219],[5,-351],[84,-681],[-111,-936],[126,-506],[13,-180],[-90,-508],[61,-109],[15,-637],[47,-263],[-46,-392],[11,-359],[-64,-33],[-51,-307],[-105,-124],[62,-751],[-30,-363],[85,-356],[129,678],[-124,-890],[-74,-240],[24,-270],[-57,-184],[-74,-606],[-56,-312],[49,-286],[-138,-735],[-17,-428],[69,-656],[120,-193],[22,382],[174,95],[81,-330],[1,-328],[141,-33],[190,-679],[103,-180],[93,-699],[142,-54],[48,-338],[128,-62],[-53,-224],[13,-320],[88,-124],[30,-74]],[[67877,149141],[70,-122],[213,-446],[218,-364],[90,-118],[198,-232],[347,-98],[239,20],[334,-296],[122,-119],[127,-145],[119,-294],[170,-36],[306,-93],[94,-131],[263,-310],[11,-20],[242,-129],[52,54],[224,-142],[80,23],[27,3],[137,-26],[105,237],[-14,300],[79,-104],[298,78],[-120,-230],[168,-678],[-100,-116],[-129,296],[-73,-180],[16,-232],[170,-281],[96,-269],[186,-343],[45,-160],[235,-371],[109,-470],[142,-510],[138,-348],[81,-109]],[[72992,142630],[19,105],[29,147],[29,142],[30,135],[32,129],[35,124],[37,118],[41,116],[44,116],[47,116],[50,117],[54,116],[56,115],[57,114],[58,114],[58,114],[57,114],[56,116],[54,115],[52,113],[51,107],[49,99],[47,92],[47,86],[46,79],[46,75],[45,74],[46,74],[45,76],[46,82],[48,89],[52,97],[54,108],[55,113],[55,116],[53,116],[51,116],[49,113],[46,110],[44,107],[43,105],[41,106],[41,106],[41,108],[42,112],[43,117],[45,129],[47,141],[49,151],[49,159],[49,162],[50,164],[49,163],[49,160],[47,156],[20,66]],[[75567,149060],[-64,568],[-93,126],[235,380],[-105,87],[-127,488],[-311,44],[-114,219],[-155,-54],[53,376],[-234,607],[-314,-83],[-15,230],[-268,245],[-218,-235],[-198,-23],[-186,232],[-166,2],[-80,-178],[-123,-10],[-203,-273],[-54,49],[-376,-62],[-395,198],[-146,-123],[-189,270],[-145,-111],[-183,-384],[-84,75],[-202,286],[-148,-234],[-236,309],[-10,188],[151,382],[1,160],[172,103],[127,480],[75,340],[15,514],[57,173],[-61,374],[0,436],[51,343],[-47,183],[100,835],[65,351],[-19,542],[-70,-80],[-161,106],[70,211]],[[70503,156270],[-1532,0]],[[156144,152155],[15,-138],[16,-140],[19,-142],[22,-143],[25,-145],[26,-152],[26,-159],[26,-164],[26,-168],[27,-172],[27,-174],[28,-175],[30,-173],[30,-171],[31,-167],[33,-162],[34,-156],[34,-149],[37,-149],[39,-150],[40,-149],[39,-148],[39,-146],[37,-145],[35,-141],[32,-140],[30,-138],[28,-136],[26,-135],[24,-133],[22,-132],[22,-126],[22,-119],[22,-114],[23,-110],[23,-108],[24,-105],[23,-106],[23,-107],[23,-110],[22,-114],[22,-120],[21,-125],[21,-133],[20,-138],[21,-139],[20,-139],[20,-139],[21,-139],[20,-137],[22,-137],[21,-136],[22,-136],[23,-137],[23,-138],[24,-140],[24,-145],[25,-150],[26,-158],[27,-165],[27,-170],[28,-175],[28,-179]],[[157780,143169],[62,-79],[63,-77],[62,-75],[63,-73],[62,-69],[62,-64],[62,-58],[62,-54],[62,-49],[61,-44],[60,-41],[61,-39]],[[158522,142447],[57,58],[56,54],[56,50],[54,50],[54,50],[53,54],[51,58],[51,61],[49,64],[49,69],[48,72],[47,76],[47,78],[46,79],[46,78],[45,78],[46,74],[46,71],[47,73],[49,76],[51,77],[52,78],[52,78],[52,77],[52,76],[52,73],[52,71],[50,67],[50,65],[48,61],[47,59],[46,58],[46,55],[46,54],[45,53],[45,52],[45,54],[45,54],[45,55],[46,56],[46,58],[47,59],[49,61],[51,62],[53,65],[56,66],[57,69],[56,71],[57,73],[56,73],[56,75],[57,75]],[[133391,142486],[43,47],[62,67],[62,64],[62,61],[60,58],[60,54],[58,50],[58,52],[59,57],[59,63],[61,69],[62,76],[63,81],[63,86],[64,89],[62,93],[61,94],[59,94],[55,93],[52,92],[50,87],[48,84],[47,81],[48,80],[48,82],[50,85],[50,90],[52,94],[54,101],[54,105],[54,108],[54,112],[53,112],[50,110],[48,101],[46,89],[45,76],[44,66],[43,55],[42,49],[43,44],[43,44],[44,46],[45,54],[46,62],[49,73],[50,83],[53,91],[55,94],[57,95],[60,93],[62,90],[66,86],[68,81],[69,75],[70,72],[70,68],[69,65],[66,66],[63,68],[57,73],[52,80],[47,86],[42,93],[39,98],[35,101],[34,102]],[[132580,154285],[-53,-352],[-7,-49],[-13,-82],[-10,-86],[-3,-82],[0,-13],[8,-75],[-9,-80],[-4,-85],[-4,-131],[-17,-122],[-14,-126],[-28,-103],[-4,-741],[21,114],[9,57],[-2,-36],[-10,-96],[-5,-106],[-5,-98],[-9,-100],[0,-3],[-33,-64],[-33,-70],[-27,-80],[-23,-88],[-7,-103],[-4,-108],[-23,-96],[-15,-98],[-125,-544],[-39,-108],[-29,-65],[-38,-77],[-27,-106],[-19,-69],[-21,-70],[-23,-49],[-14,-52],[-47,-136],[-46,-18],[-43,-49],[-38,-57],[-32,-83],[19,-64],[17,-70],[53,-88],[43,-116],[55,-69],[19,-88],[20,-90],[19,-67],[22,-103],[25,-62],[23,-57],[23,-31],[29,-62],[108,-508],[26,-98],[38,-72],[46,-39],[41,-39],[50,140],[23,33],[14,65],[48,129],[88,-26],[5,-11],[-54,-18],[-50,-56],[-30,-83],[-32,-67],[-18,-98],[-30,-88],[-54,-20],[-57,-26],[-2,-103],[1,-103],[23,-86],[11,-95],[27,-116],[23,-111],[39,-85],[34,-98],[9,-129],[-2,-127],[19,-121],[11,-124],[43,-23],[40,-31],[44,-7],[43,25],[45,70],[38,39],[39,62],[38,77],[39,-3],[7,6],[263,18],[50,33],[1,0],[142,108],[40,-46],[-40,0],[-52,-34],[-50,-18],[-44,-64],[-53,-46],[-39,18],[-42,-16],[-10,-8],[-230,-15],[1,-152],[7,-155],[-42,70],[-47,20],[-145,-152],[-52,49],[-52,26],[-42,209],[-68,234],[-71,-201],[-38,-49],[-27,-85],[7,-77],[-2,-83],[5,-75],[-3,-82],[16,-72],[5,-80],[23,-54],[19,-62],[-8,-490],[-2,-44],[-10,-132],[5,-126],[2,-109],[-3,-159],[35,23],[33,54],[14,33],[46,57],[214,-211],[9,2],[-19,-31],[-169,181],[-52,-70],[-32,-77],[-106,-181],[46,-240],[0,-7],[17,-83],[59,0],[30,-106],[42,-82],[46,-67],[47,-57],[41,-15],[44,30],[28,-412],[40,-72],[37,-93],[47,-42],[45,-49],[33,11],[33,18],[32,18],[29,33],[22,78],[21,77],[50,3],[6,5],[68,10],[-30,-46],[-36,-21],[-37,-90],[-27,-106],[-13,-126],[-10,-127],[61,-28],[62,-18],[130,129],[26,46],[7,13],[80,137],[156,152],[124,-124],[113,168],[37,-41],[38,-18],[-41,-93],[-28,-124],[127,-199],[-57,73],[-20,5],[-149,144],[-54,13],[-54,26],[-53,5],[-54,-10],[-23,-80],[-26,-78],[-8,-44],[-33,-126],[101,-119],[39,-2],[37,10],[14,-100],[28,-78],[-46,-103],[-38,-111],[-15,-28]],[[148608,147322],[27,-138],[28,-133],[28,-127],[28,-122],[27,-117],[27,-113],[25,-110],[24,-110],[23,-111],[21,-115],[19,-119],[17,-125],[14,-131],[12,-134],[10,-136],[8,-140],[7,-142],[8,-144],[8,-145],[9,-148],[11,-148],[12,-149],[15,-150],[18,-149],[20,-147],[23,-147],[26,-150],[27,-154],[29,-156],[31,-159],[31,-162],[32,-163],[32,-163],[32,-162],[32,-161],[32,-159],[31,-155],[29,-151],[29,-146],[28,-144],[26,-144]],[[149524,141543],[58,-58],[57,-53],[57,-49],[57,-45],[57,-42],[58,-41],[59,-40],[60,-40],[61,-41],[61,-43],[62,-46],[61,-50],[62,-55],[62,-60],[62,-62],[62,-65],[63,-66],[63,-66],[64,-65],[63,-64],[64,-62],[63,-58],[64,-55],[63,-50],[63,-45],[63,-38],[63,-34],[62,-30],[62,-26],[61,-24],[62,-24],[61,-23],[61,-24],[61,-27],[61,-30],[61,-36],[61,-40],[61,-46],[57,-47],[55,-48],[52,-47]],[[152014,139678],[49,65],[48,65],[47,63],[46,63],[46,61],[48,61],[49,60],[52,60],[54,59],[59,59],[62,61],[64,64],[65,68],[66,69],[67,71]],[[152836,140627],[17,150],[16,148],[17,147],[16,146],[15,146],[15,146],[15,147],[14,148],[13,149],[13,152],[13,155],[15,156],[18,158],[18,159],[19,159],[19,160],[17,160],[16,160],[14,160],[11,159],[7,159],[5,158],[0,157],[-3,156],[-5,156],[-7,156],[-9,156],[-10,157],[-10,157],[-10,159],[-9,160],[-9,160],[-7,161],[-5,162],[-3,162],[-1,161],[2,161],[3,161],[4,160],[5,159],[7,159],[7,158],[7,158],[7,157],[7,156],[5,157],[5,156],[4,155],[4,152],[5,150],[3,148],[4,148],[5,148],[4,147],[5,148],[6,149],[6,150],[8,152],[9,153],[9,157]],[[152836,140627],[63,-33],[63,-33],[62,-33],[62,-34],[59,-37],[58,-40],[55,-45],[51,-50],[49,-53],[47,-53],[46,-53],[44,-53],[43,-55],[43,-55],[42,-57],[42,-57],[43,-59],[43,-60],[45,-61],[47,-60],[49,-61],[52,-63],[55,-64],[58,-65],[61,-66],[63,-67],[65,-66],[66,-66],[68,-65],[68,-64],[68,-62],[66,-61],[64,-58],[61,-56]],[[154707,138762],[53,87],[53,86],[53,84],[54,81],[55,78],[56,75],[56,72],[58,70],[58,68],[58,67],[59,69],[59,70],[58,76],[57,81],[56,86],[55,88],[53,89],[53,91],[51,92],[51,95],[49,98],[49,100],[47,102],[47,103],[46,104],[45,105],[46,104],[46,103],[47,103],[50,104],[52,103],[53,100],[55,95],[57,89],[59,82],[60,74],[61,68],[61,62],[62,58],[62,56],[61,57],[59,58],[58,63],[56,65],[56,64],[56,63],[55,62],[56,61],[56,61],[56,61],[56,61],[57,61],[57,62],[57,63],[58,63],[59,64]],[[177937,145868],[3,-152],[4,-145],[5,-138],[6,-134],[7,-130],[7,-128],[8,-126],[7,-126],[7,-126],[7,-128],[6,-129],[6,-133],[4,-138],[4,-142],[1,-146],[-1,-150],[-3,-151],[-5,-153],[-6,-154],[-8,-156],[-7,-157],[-5,-159],[-4,-159],[-1,-160],[2,-161],[5,-161],[9,-161],[14,-160],[19,-159],[22,-158],[25,-158],[26,-158]],[[178101,141172],[63,-86],[62,-86],[61,-86],[59,-86],[57,-85],[56,-85],[55,-85],[54,-85],[54,-87],[55,-88],[56,-90],[57,-93],[59,-95],[60,-96],[60,-97],[60,-95],[60,-94],[59,-93],[59,-91],[57,-90],[56,-88],[55,-86],[53,-86],[52,-83],[51,-82],[51,-81],[52,-76],[54,-71],[57,-66],[61,-61],[63,-57],[65,-53],[67,-50],[67,-49],[65,-48],[64,-49],[61,-54],[58,-60],[54,-66],[51,-70],[49,-71],[48,-70]],[[180518,137902],[48,131],[48,128],[47,122],[48,118],[47,115],[47,110],[46,108],[46,105],[45,100],[45,96],[46,91],[46,87],[46,84],[46,83],[45,84],[45,85],[44,87],[44,90],[43,93],[43,97],[43,100],[43,103],[43,104],[43,106],[44,105],[46,104],[46,102],[47,98],[48,94],[50,91],[51,86],[52,85],[53,83],[54,83],[54,85],[55,86],[55,89],[55,92],[55,95],[55,98],[54,100],[54,101],[54,102],[53,101],[52,100],[52,98],[52,94],[53,89],[52,85],[22,34]],[[182923,142709],[57,251],[92,91],[16,0],[37,25],[34,52],[37,28],[20,31],[49,47],[30,59],[11,57],[57,155],[41,28],[37,-3],[37,39],[36,39],[25,523],[-82,503],[-170,506],[-22,242],[-33,16],[-35,20],[-33,37],[-29,43],[-33,-10],[-37,10],[-33,-2],[-33,-26],[-7,83],[-9,85],[0,5],[-18,162],[-18,70],[-24,65],[-10,82],[-21,72],[-27,54],[-20,68],[-32,23],[-33,46],[-116,-23],[-63,570],[0,5],[-4,106],[-16,93],[-161,157],[-101,408],[-148,196],[-57,33],[-55,-15],[-44,283],[-44,137],[-8,21],[-22,82],[-19,44],[-19,60],[-11,51],[-31,78],[-55,177],[-12,65],[-29,77],[-18,42],[-35,116],[-17,82],[-26,83],[-31,64],[-26,75],[-54,23],[-20,24],[-18,0],[-205,87],[-26,127],[-33,121],[-35,75],[-45,36],[-25,103],[-34,85],[-168,77],[-35,-56],[-28,-91],[-29,36],[-31,42],[-30,23],[-31,34],[-14,154],[-20,145],[-43,111],[-30,136],[24,119],[14,129],[-64,131]],[[180474,150750],[36,-242],[-36,-21],[-7,-10],[-95,-78],[11,179]],[[242438,124003],[1,-5],[28,-124],[29,-119],[29,-116],[30,-113],[32,-111],[34,-112],[35,-111],[38,-111],[39,-110],[42,-109],[43,-107],[43,-104],[44,-102],[42,-99],[42,-96],[41,-94],[40,-90],[39,-90],[39,-89],[38,-90],[38,-89],[39,-88],[39,-88],[39,-88],[40,-89],[41,-93],[44,-99]],[[243466,121267],[61,-1],[63,-4],[62,-9],[63,-14],[63,-22],[64,-29],[64,-38],[65,-45],[66,-51],[66,-54],[66,-57],[68,-56],[67,-54],[69,-50],[69,-48],[70,-45],[69,-44],[69,-44],[70,-44],[68,-49],[67,-51],[65,-56],[63,-58],[61,-60],[60,-62],[58,-63],[57,-63],[57,-63],[57,-62],[59,-61],[62,-58],[64,-54],[65,-49],[64,-46],[64,-41],[64,-40],[64,-38],[64,-37],[63,-38],[63,-38],[63,-40],[62,-42],[62,-46],[62,-50],[65,-55],[65,-60],[67,-64],[66,-66],[67,-67],[64,-68],[63,-66],[61,-66],[58,-63],[11,-11]],[[246865,118707],[16,66],[8,78],[12,46],[16,49],[8,60],[49,198],[220,96],[20,-6],[40,21],[40,28],[39,-36],[41,-18],[42,-20],[28,0],[174,-83],[105,93],[46,-57],[49,-31],[173,343],[-28,67],[-26,75],[-35,31],[-34,36],[-70,317],[-37,86],[-13,15],[-247,516],[-27,75],[-20,82],[-30,57],[-36,41],[-34,34],[-38,10],[-35,39],[-34,28],[-57,116],[-28,73],[-43,87],[-46,88],[-2,126],[-7,124],[-17,121],[-31,101],[35,64],[22,93],[26,83],[18,100],[50,67],[48,86],[-25,224],[-202,521],[-10,83],[0,85],[-7,87],[-18,75],[-131,119],[14,100],[14,96],[-10,103],[5,108],[-34,191],[-117,31],[-19,67],[-29,49],[-29,31],[-31,34],[-7,165],[6,111],[-11,139],[-12,132],[-24,77],[-20,75],[-31,59],[-33,47],[19,203],[123,16],[17,-8],[15,13],[123,15],[95,-33],[33,-23],[42,-3],[8,93],[19,77],[-1,93],[0,91],[-221,549],[20,119],[19,121],[-4,5],[3,-3],[71,263],[27,320],[183,-381],[99,-60],[110,152],[343,142],[51,341],[-219,289],[-175,518],[191,325],[122,-227],[153,29],[402,343],[98,216],[7,341],[-60,185],[-201,-33],[-203,253],[-120,286],[-159,258],[-198,28],[-34,-258],[-143,-7],[-25,278],[157,114],[-88,423],[-116,-225],[-193,5],[-45,485],[103,160],[13,289],[-89,292],[-105,178],[-60,-116],[-108,180],[-73,454],[12,245],[-87,109],[-94,-189],[-51,-449],[-167,-178],[72,411],[-23,340],[-82,70],[-61,-276],[-17,-349],[-121,-490],[-135,-250],[-123,-356],[-128,-810],[-114,-214],[-57,-402],[-255,-44],[-126,-253],[-38,-232],[169,-237],[-4,-312],[-112,-222],[-54,-132],[-180,21],[106,-601],[0,-356],[48,-351],[-178,152],[-73,516],[-1,444],[-43,155],[70,343],[-258,-328],[-227,-482],[-209,-191],[-215,10],[-43,-707],[-181,-585],[-260,-555],[-128,-583],[-174,-438],[-85,-304],[-415,-283]],[[248635,152200],[101,-78],[11,-247],[0,-805],[97,-359],[75,-1037],[98,209],[63,-172],[4,-333],[71,-78],[32,-345],[163,103],[-43,696],[98,-108],[141,-36],[73,-152],[32,-137],[26,-149],[2,-52],[-2,-62],[-13,-23],[-70,-78],[-244,-528],[18,-805],[108,178],[129,-54],[8,-227],[216,-351],[110,-108],[152,216],[-6,276],[79,137],[71,59],[77,134],[335,-472],[84,-296],[91,-57],[154,-485],[0,-279],[71,-149],[88,126],[-63,704],[-100,217],[45,609],[163,-253],[62,-356],[133,-266],[170,-170],[107,-454],[14,-508],[160,-85],[189,-276],[83,-34],[45,-394],[90,-219],[105,12],[32,529],[-54,465],[-121,237],[-97,-96],[-58,173],[39,341],[-180,485],[-51,196],[50,229],[181,-90],[116,211],[-387,372],[-125,263],[-95,-178],[78,-382],[-41,-155],[-132,-51],[-52,211],[26,377],[-193,624],[-88,116],[-123,-64],[-113,100],[-94,-190],[-42,-362],[-67,-412],[-255,196],[-174,415],[18,134],[-82,374],[-24,619],[-59,630],[-97,474],[-52,217],[213,908],[-66,232],[23,232],[144,304],[175,135],[211,276],[37,539],[85,283],[152,978],[-100,175],[25,261],[-157,147],[-59,400],[-38,547],[37,722],[107,265],[7,282],[-82,314],[-207,-521],[-317,160],[-428,637],[-96,-85],[-122,75],[-67,-165],[-137,-62],[-28,-387],[-95,-585],[-31,-431],[-83,-743],[87,-395],[-25,-325],[24,-461],[-28,-196],[-66,-194],[-15,-624],[28,-552],[57,-191],[-34,-209],[-89,-119],[-133,29],[-12,188],[-163,206],[-121,-103],[0,-554]],[[250422,143089],[195,-103],[26,-139],[-52,-918],[0,-480],[-99,-513],[85,-697],[161,390],[216,100],[113,155],[133,116],[15,310],[197,294],[84,392],[54,443],[-72,129],[-165,-191],[-39,325],[-220,-80],[-175,369],[-232,214],[-126,245],[-99,-361]],[[250469,133035],[23,-392],[189,-106],[76,374],[21,322],[96,313],[-18,172],[198,640],[188,-52],[11,-415],[139,-183],[92,547],[113,-444],[161,-294],[23,165],[-76,253],[108,204],[-37,304],[142,67],[208,-278],[180,-225],[94,-371],[40,-240],[-30,-209],[-133,-253],[-53,-637],[54,-126],[21,-704],[166,-547],[100,-119],[284,-397],[199,-183],[115,-11],[36,207],[108,299],[37,-157],[-84,-490],[97,-276],[6,-194],[65,-13],[245,823],[40,431],[-119,802],[-150,168],[-2,384],[96,529],[123,250],[18,299],[131,199],[64,-552],[40,-132],[22,-224],[83,-212],[21,-712],[108,-111],[29,653],[82,508],[102,155],[120,407],[-28,1012],[-78,56],[-87,333],[67,720],[-65,147],[-26,529],[-119,49],[-72,193],[145,263],[9,408],[-115,296],[33,457],[-126,-134],[-122,554],[-259,299],[-47,274],[-97,119],[-50,-297],[61,-503],[70,-560],[-27,-371],[-70,-88],[-106,39],[-90,188],[-15,-459],[-65,-93],[-171,364],[-116,-98],[7,-472],[-33,-377],[-31,-191],[-117,119],[-144,170],[-70,-188],[-48,-444],[-24,-227],[-231,-103],[-237,-438],[-9,100],[160,312],[-22,658],[-68,330],[-182,23],[-28,186],[-155,-346],[-238,-74],[-57,-243],[-50,-541],[-234,-80],[-311,-230],[-135,-418],[-12,-467],[-55,-345],[0,-310],[-122,-317]],[[252489,144761],[76,-534],[34,-207],[142,-314],[92,-39],[91,-384],[180,-511],[-148,-242],[151,-189],[-3,-294],[117,-10],[86,-426],[66,124],[105,-121],[235,188],[-122,194],[-6,348],[-72,371],[20,232],[-44,576],[44,619],[-160,116],[27,211],[-149,377],[-421,-129],[-341,44]],[[168645,144416],[11,-118],[9,-121],[8,-124],[5,-129]],[[168678,143924],[41,-123],[39,-128],[38,-131],[37,-134],[35,-135],[34,-135],[33,-135],[31,-135],[31,-132],[30,-132],[29,-130],[30,-128],[31,-126],[32,-125],[33,-123],[36,-121],[37,-115],[38,-106],[39,-100],[40,-97],[40,-97],[40,-99],[41,-103],[40,-108],[40,-115],[40,-121],[40,-127],[39,-131],[39,-133],[38,-134],[37,-131],[37,-128],[36,-126],[37,-126],[35,-125],[35,-127],[35,-126],[35,-126]],[[170056,139250],[57,-32],[58,-30],[57,-29],[57,-29],[58,-29],[59,-29],[60,-30],[61,-30],[62,-30],[64,-30],[66,-28],[67,-26],[67,-26],[67,-26],[68,-26],[67,-28],[68,-28],[66,-30],[66,-31],[65,-31],[63,-31],[62,-28],[61,-19],[61,-13],[61,-6],[60,0],[60,3],[61,4],[60,6],[61,3],[60,-1],[62,-7],[62,-16],[63,-23],[66,-23],[68,-21],[69,-20],[70,-19],[71,-19],[71,-18],[71,-19],[70,-20],[68,-21]],[[172797,138364],[55,82],[53,78],[51,73],[49,67],[48,58],[46,53],[46,51],[45,51],[44,53],[44,58],[44,62],[44,69],[45,75],[45,80],[45,85],[45,88],[45,90],[45,88],[45,86],[43,87]],[[173724,139798],[4,153],[4,148],[2,154],[-1,159],[-4,166],[-5,170],[-7,173],[-7,174],[-7,175],[-7,173],[-6,171],[-3,168],[-2,162],[1,155],[3,148],[3,144],[2,139],[2,135],[2,134],[1,134],[1,134],[1,135],[1,139],[1,142],[0,147],[1,154],[1,156],[1,152],[2,147],[1,143],[2,141],[3,139],[2,140],[2,140],[2,142],[2,146],[2,149],[0,155],[1,160],[2,162],[3,165],[5,165],[6,166],[7,167],[7,166],[7,166]],[[140036,144384],[34,-119],[34,-112],[34,-109],[33,-109],[32,-112],[31,-118],[31,-124],[29,-133],[29,-142],[28,-149],[27,-157],[26,-164],[26,-166],[26,-169],[25,-167],[26,-162],[25,-159],[24,-156],[21,-155],[20,-156],[18,-155],[17,-156],[16,-157],[16,-156],[16,-157],[16,-157],[18,-157],[18,-159],[20,-159],[22,-160],[24,-160],[26,-157],[28,-153],[32,-148],[34,-144],[37,-138],[38,-133],[41,-129],[42,-126],[42,-123],[42,-123],[40,-124],[38,-126],[34,-129]],[[141272,138060],[64,-54],[63,-60],[64,-66],[63,-69],[63,-72],[62,-74],[60,-75],[59,-76],[57,-75],[56,-72],[54,-71],[53,-67],[52,-64],[52,-61],[52,-56],[54,-54],[54,-53],[56,-54],[59,-56],[61,-58]],[[142430,136773],[71,84],[67,85],[63,86],[60,88],[56,89],[54,90],[52,88],[52,84],[51,82],[51,80],[51,76],[51,73],[52,69],[53,66],[53,64],[53,62],[55,62],[54,62],[56,65],[55,68],[56,72],[57,74],[57,75],[58,75],[59,76],[59,76],[60,76],[60,77],[61,76],[60,76],[60,75],[60,74],[60,71],[58,67],[57,64],[57,65],[57,65],[56,66],[56,66],[54,67],[54,67],[53,66],[52,66]],[[144861,139928],[-2,145],[-3,142],[-3,140],[-4,142],[-3,145],[-3,146],[-3,148],[-3,149],[-2,150],[-2,151],[-2,150],[-1,151],[-1,149],[0,148],[0,146],[1,142],[3,135],[3,129],[4,126],[5,123],[6,123],[7,123],[8,126],[7,129],[8,134],[8,141],[8,148],[8,157],[7,163],[5,166],[4,169],[3,172],[2,173],[2,174],[3,174],[2,173],[4,172],[4,170],[6,167]],[[173724,139798],[42,-47],[40,-42],[38,-38],[38,-35],[37,-33],[38,-34],[39,-34],[40,-37],[43,-39],[44,-44],[47,-50],[48,-54],[49,-57],[48,-55],[48,-52],[48,-50],[49,-46],[50,-42],[51,-40],[52,-38],[54,-37],[56,-40],[57,-43],[59,-49],[60,-57],[61,-71],[61,-82],[63,-92],[63,-98],[64,-101],[65,-102],[65,-100],[65,-96],[65,-90],[64,-81],[64,-73],[65,-62],[63,-54],[62,-48]],[[175789,137555],[58,73],[56,82],[55,90],[53,98],[53,104],[51,107],[52,108],[52,105],[53,100],[55,92],[57,83],[58,72],[61,62],[62,55],[63,50],[62,49],[60,52],[59,55],[55,62],[53,69],[50,76],[47,84],[46,88],[44,94],[45,96],[44,96],[46,94],[49,89],[52,88],[54,86],[57,84],[58,83],[58,82],[58,81],[57,81],[55,82],[53,81],[51,83],[49,83],[46,83],[44,84],[42,84],[40,83],[39,84]],[[163017,144263],[21,-142],[22,-147],[22,-153],[23,-158],[23,-163],[23,-167],[23,-169],[22,-171],[20,-171],[19,-169],[17,-168],[15,-166],[13,-162],[11,-158],[11,-161],[12,-161],[12,-162],[12,-159],[12,-158],[11,-154],[11,-151],[11,-148],[11,-145],[10,-143],[10,-144],[9,-146],[9,-150],[9,-155],[10,-161],[10,-166],[12,-172],[12,-176],[14,-180],[15,-182]],[[163514,138825],[59,-60],[60,-63],[64,-64],[65,-63],[65,-57],[65,-49],[64,-43],[65,-37],[64,-32],[64,-28],[63,-27],[64,-27],[63,-28],[62,-33],[63,-39],[62,-47],[61,-55],[60,-63],[60,-67],[59,-71],[58,-72],[59,-70],[59,-67],[59,-64],[59,-58],[59,-52],[59,-45],[59,-38],[59,-30],[60,-28],[61,-31],[62,-32],[63,-34],[62,-34],[62,-35]],[[165666,137182],[47,111],[48,113],[49,113],[49,114],[50,116],[49,116],[48,117],[47,118],[46,117],[42,119],[40,120],[39,121],[37,119],[37,117],[38,114],[39,109],[41,105],[43,98],[45,93],[47,87],[49,82],[50,79],[51,76],[51,74],[50,74],[49,76],[47,78],[43,87],[41,92],[39,98],[38,102],[38,103],[39,104],[40,104],[43,102],[45,101],[48,97],[50,96],[53,93],[54,92],[55,92],[55,92],[54,95],[52,97],[50,100],[50,105],[50,108],[51,114],[51,116],[52,119],[52,120],[52,122],[52,121],[51,122],[52,120],[51,120],[50,118],[50,118],[49,118],[48,117],[48,118],[47,118],[46,115],[45,110]],[[144861,139928],[58,-83],[59,-88],[59,-92],[60,-97],[59,-100],[59,-102],[58,-105],[57,-107],[58,-110],[57,-112],[58,-115],[58,-117],[58,-119],[58,-119],[58,-118],[56,-116],[55,-114],[54,-110],[53,-108],[52,-105],[52,-100],[52,-97],[51,-93],[50,-91],[50,-89],[49,-87],[48,-85],[47,-84],[46,-84],[45,-83],[45,-84],[45,-84],[45,-85],[45,-87],[46,-87],[48,-86],[50,-85],[51,-84],[52,-83],[53,-83],[51,-81],[51,-79],[50,-78]],[[147127,135812],[60,111],[58,112],[56,114],[54,114],[52,113],[50,112],[49,112],[47,111],[47,113],[46,113],[44,116],[44,119],[44,121],[42,124],[43,127],[42,128],[42,129],[42,129],[43,127],[43,125],[45,121],[45,117],[47,114],[49,113],[50,111],[51,108],[51,103],[50,99],[49,94],[48,88],[45,82],[45,79],[42,74],[41,74],[40,74],[39,77],[37,81],[38,89],[38,95],[36,99],[35,102],[33,104],[33,105],[32,105],[33,103],[34,103],[35,100],[36,98],[38,96],[39,93],[41,92],[43,91],[43,91],[44,92],[44,94]],[[135925,133879],[17,76],[29,128],[29,128],[28,127],[26,126],[25,123],[24,120],[21,119],[20,120],[19,119],[20,119],[21,118],[23,118],[25,118],[29,117],[32,118],[34,119],[37,122],[37,124],[38,128],[36,130],[34,130],[31,128],[30,127],[27,125],[25,124],[23,123],[22,124],[21,125],[21,126],[22,130],[23,135],[24,139],[25,145],[26,152],[24,160],[23,166],[22,170],[22,173],[23,175],[23,174],[24,172],[25,170],[27,167],[28,162],[28,158],[30,153],[31,148],[32,143],[34,139],[37,136],[39,134],[40,132],[41,130],[41,129],[42,126],[41,127],[41,129],[39,130],[38,134],[35,137],[33,138],[31,138],[30,131],[29,127],[29,121],[29,117],[30,113],[30,111],[31,109],[32,107],[32,108],[32,110],[33,113],[31,117],[32,123],[29,131],[28,134],[27,137],[25,140],[24,143],[23,143],[23,143],[24,142]],[[133391,142486],[-34,-62],[-37,-127],[184,37],[-123,-194],[2,-186],[-5,-49],[9,-77],[121,-101],[7,-13],[44,-30],[10,-93],[20,-78],[19,-80],[29,-54],[85,-33],[102,59],[132,-395],[-45,-149],[223,-526],[-12,-111],[12,-116],[201,-462],[1,-3],[37,-103],[43,-90],[43,-91],[175,-206],[37,-62],[32,-72],[37,-59],[36,-49],[77,209],[-20,-91],[-11,-100],[-6,-106],[-9,-101],[103,-100],[-12,-78],[-1,-20],[-15,-106],[-7,-28],[-9,-83],[-24,-98],[22,-8],[33,39],[105,-36],[27,88],[-18,-127],[-9,-131],[37,-78],[43,-54],[43,-46],[43,-47],[3,-93],[-3,-74],[-3,-88],[-5,-77],[0,-88],[7,-83],[14,-75],[5,-85],[-6,-129],[13,-126],[20,-111],[24,-111],[0,-162],[-1,-83],[1,-82],[20,-83],[22,-80],[15,-85],[20,-83],[18,-90],[27,-75],[15,-46],[28,-111],[-24,95],[-36,62],[-43,44],[-35,65],[-56,-168],[58,-299],[13,-90],[29,-119],[96,77],[21,0],[39,47],[8,-98],[11,-98],[27,-75],[21,-88],[21,-547],[140,-252],[151,-52],[82,-314]],[[158522,142447],[26,-127],[24,-130],[23,-135],[22,-144],[20,-149],[20,-153],[19,-157],[19,-159],[18,-160],[18,-160],[17,-159],[18,-156],[17,-153],[17,-150],[18,-147],[17,-144],[18,-142],[17,-145],[16,-148],[17,-150],[16,-151],[17,-150],[18,-149],[18,-146],[19,-144],[19,-140],[21,-138],[22,-135],[22,-133],[23,-132],[23,-138],[22,-147],[22,-155],[22,-160],[21,-163],[21,-166],[21,-166],[22,-164],[22,-160],[23,-154],[23,-147],[24,-138],[26,-128],[25,-120],[25,-115],[25,-112],[25,-111],[25,-110],[26,-113],[26,-116],[27,-119],[26,-124],[27,-129],[27,-134],[27,-139],[26,-142],[24,-147]],[[159751,134344],[67,-41],[65,-39],[64,-38],[62,-34],[60,-31],[60,-32],[61,-34],[62,-35],[62,-36],[63,-36],[63,-35],[63,-33],[62,-32],[63,-28],[62,-25],[61,-22],[60,-19],[59,-18],[57,-21],[55,-20],[55,-22],[54,-21],[55,-20],[55,-20],[57,-19],[58,-19],[59,-18],[62,-17],[64,-18],[64,-17],[65,-18],[65,-17],[65,-17],[64,-17]],[[161824,133475],[32,97],[31,100],[31,103],[31,106],[32,111],[33,115],[34,119],[35,120],[37,120],[38,120],[39,119],[40,121],[40,123],[40,126],[40,129],[40,132],[40,133],[40,136],[39,137],[38,137],[38,138],[35,136],[35,136],[33,133],[34,129],[34,125],[33,121],[34,115],[34,111],[35,108],[36,104],[36,103],[37,101],[37,101],[38,102],[39,103],[41,105],[42,108],[43,111],[44,113],[44,117],[45,123],[44,128],[45,134],[44,141]],[[185154,140665],[11,-112],[16,-142],[17,-142],[19,-140],[19,-138],[20,-137],[20,-135],[19,-132],[18,-130],[17,-127],[16,-124],[14,-122],[12,-120],[12,-120],[11,-121],[10,-123],[10,-128],[11,-134],[13,-135],[14,-137],[16,-138],[16,-137],[16,-137],[17,-138],[16,-138],[16,-140]],[[185550,137238],[53,-58],[53,-65],[53,-71],[53,-75],[54,-78],[53,-80],[54,-79],[54,-75],[53,-69],[53,-61],[53,-52],[50,-48],[48,-48],[47,-48],[45,-50],[47,-50],[47,-52],[49,-54],[51,-56],[54,-58],[57,-59],[60,-59],[62,-59],[62,-57],[62,-54],[61,-52],[62,-51],[61,-50],[61,-52],[62,-52],[61,-54],[62,-56],[61,-60],[62,-63],[62,-67],[59,-71],[55,-72],[51,-74],[47,-74],[43,-76],[41,-75],[41,-74],[41,-73],[43,-71],[46,-68],[49,-66],[54,-64],[59,-58],[62,-53],[65,-47],[67,-45],[69,-43],[69,-43],[70,-44],[70,-47],[69,-50],[66,-56],[65,-62],[62,-69],[21,-27]],[[188876,133664],[1,5],[5,39],[15,75],[19,67],[34,59],[14,98],[4,101],[18,98],[13,95],[26,490],[184,367],[37,85],[24,111],[14,121],[15,119],[33,123],[4,21],[95,359],[19,72],[28,51],[17,83],[5,88],[9,85],[11,82],[-4,91],[0,87],[32,60],[20,80],[33,43],[31,55],[11,90],[19,85],[27,67],[21,72],[27,328],[43,80],[33,108],[34,111],[24,121],[-9,165],[2,29],[0,95],[-13,90],[20,96],[17,111],[14,111],[24,93],[-4,118],[1,114],[-3,113],[5,114],[21,665],[39,31],[37,44],[36,49],[35,44],[62,-3],[59,47],[-19,139],[-12,54],[-57,354],[-2,95],[4,80],[10,85],[-3,88],[-7,87],[-12,68],[-5,193],[50,353],[-36,34],[-38,21],[5,90],[-1,2],[16,410],[4,31],[0,65],[5,116],[112,310],[35,384],[-225,124],[-82,90],[-16,36],[-50,59],[-52,44],[-184,-142],[-19,-105],[-11,-60],[-11,-64],[-19,-106],[-27,-46],[-34,-26],[-26,-49],[-19,-70],[-10,-28],[-93,-178],[-44,-41],[-44,-6],[-36,-80],[-43,-43],[-48,-8],[-48,5],[-44,-62],[-46,-31],[-236,-10],[-49,-147],[-83,-75],[-7,0],[-33,-10],[-20,-44],[-66,-57],[-1,0],[-29,-26],[-66,-26],[-3,0],[-32,6],[-33,10],[-33,-16],[-31,-38],[-29,-29],[-35,-18],[-58,29],[-61,23],[-57,57],[-55,64],[-35,-5],[-34,0],[-33,-5],[-35,-26],[-31,-23],[-13,-10],[-41,-16],[-14,3],[-34,-26],[-156,-292],[-52,0],[-24,-13],[-332,-69],[-31,67],[-30,49],[-38,15],[-38,37],[-33,-3],[-33,-5],[-33,8],[-32,-21],[-39,-49],[-42,-31],[-26,-59],[-49,-62],[-151,-305],[-38,-49],[-4,-7],[-252,-354],[-131,-103],[-8,0],[-47,-41],[-197,237],[-51,-5],[-46,-47],[-25,65],[-29,41],[-33,31],[-30,41],[-34,8],[-33,29],[-33,15],[-34,-5],[-34,-44],[-33,-59],[-38,-39],[-33,-52],[-33,-56],[-40,-31],[-30,-70],[-29,-67],[-35,3],[-30,15],[-30,-39],[-33,-10],[-29,-28]],[[137150,131689],[22,26],[49,59],[49,61],[49,63],[49,64],[49,66],[49,67],[50,67],[49,66],[50,64],[48,63],[46,60],[45,59],[43,59],[42,59],[43,60],[42,61],[44,62],[45,64],[47,66],[49,69],[51,73],[52,78],[54,83],[54,88],[54,91],[53,96],[52,97],[51,98],[49,99],[49,100],[49,99],[48,99],[48,97],[50,95],[50,93],[51,90],[53,88],[52,92],[53,95],[53,97],[53,99],[53,99],[52,98],[52,98],[51,96],[51,93],[51,90],[51,87],[51,82],[51,78],[52,72],[51,66],[50,59],[50,55],[49,52],[49,49],[48,48],[50,47],[50,48],[51,50],[51,54],[52,60],[53,66],[54,74],[57,80],[60,87],[62,92],[65,99],[67,105],[68,110],[68,115],[69,119],[68,121],[68,123],[66,121],[66,120],[64,116],[63,110]],[[135925,133879],[5,-19],[-22,-75],[-18,-77],[-15,-85],[-15,-83],[38,-31],[32,-59],[31,-54],[32,-54],[39,-16],[36,-33],[39,-11],[37,-31],[33,-41],[35,-36],[36,-39],[37,-20],[38,-16],[38,-20],[37,-21],[35,-33],[37,-78],[41,-57],[6,-2],[41,-18],[44,-26],[33,-88],[29,-93],[37,-72],[39,-69],[15,-78],[27,-54],[28,-52],[25,-54],[4,-121],[13,-116],[28,-39],[23,-57],[30,-33],[23,-57],[32,-10],[29,-41],[31,7],[31,-20],[52,-65],[19,-43]],[[72992,142630],[59,-80],[214,-456],[119,-444],[69,-57],[-31,-307],[-142,-118],[202,-232],[32,-349],[-149,-273],[-47,-320],[80,-591],[114,-379],[259,-173],[85,-221],[50,281],[-101,198],[108,168],[-66,201],[147,96],[189,-423],[74,25],[104,-417],[-39,-194],[139,-369],[210,-80],[305,-418],[248,-567],[35,-433],[-136,-472],[146,-380],[259,-92],[-16,257],[-97,147],[18,331],[205,-408],[-8,-405],[157,-317],[57,-410],[20,400],[64,175],[124,41],[123,-85],[189,145],[83,-315],[74,69],[337,-221],[40,-287],[118,-626],[274,-158],[15,403],[85,-62],[118,-526],[60,-746],[237,49],[136,26],[71,294],[192,95],[111,165],[-119,558],[-202,528],[-87,191],[7,297],[78,188],[128,-20],[161,216],[156,338],[72,59],[16,470],[232,438],[262,44],[140,-124],[219,-286],[127,-346],[85,-77],[17,-351],[59,-273],[97,240],[127,-152],[-23,-199],[-106,-106],[21,-371],[-126,-13],[80,-498],[162,-761],[211,-570]],[[80109,133205],[28,93],[21,99],[11,107],[5,113],[2,114],[45,-24],[44,-5],[40,26],[37,56],[36,74],[43,29],[40,42],[35,58],[31,75],[27,85],[27,87],[19,385],[107,229],[-56,387],[-87,235],[-24,88],[-21,91],[-18,94],[-12,99],[-7,104],[-4,107],[76,278]],[[80554,136331],[-81,5],[-85,271],[-383,937],[-360,392],[-527,123],[-14,227],[-95,-56],[-309,203],[-304,-714],[-82,34],[-86,-215],[-262,-178],[-187,-193],[-200,-371],[-300,-189],[-282,36],[-181,555],[-29,-299],[-183,41],[-80,-34],[-122,189],[-13,358],[-109,220],[32,260],[-190,379],[-166,183],[-210,648],[-163,369],[-225,802],[-133,887],[-55,78],[-21,18],[-102,428],[-28,505],[94,405],[88,104],[-37,531],[-117,41],[106,392],[38,449],[-88,635],[150,185],[-13,-467],[100,-36],[-45,385],[29,696],[-18,292],[-30,562],[59,972],[60,483],[176,642],[26,291],[-30,268]],[[180518,137902],[2,-170],[2,-174],[2,-176],[0,-177],[0,-176],[0,-175],[0,-172],[0,-169],[1,-165],[0,-169],[-1,-174],[-1,-178],[-1,-184],[0,-188],[1,-191],[3,-194],[3,-196],[5,-196],[6,-194],[7,-191],[7,-185],[7,-179]],[[180561,133929],[56,-113],[54,-111],[51,-108],[48,-105],[44,-101],[42,-97],[40,-93],[40,-86],[42,-82],[45,-81],[48,-82],[52,-84],[56,-86],[59,-90],[62,-91],[63,-92],[63,-90],[62,-86],[58,-82],[54,-78],[50,-77],[46,-73],[42,-69],[41,-67],[39,-66],[40,-68],[39,-71],[41,-75],[43,-80],[44,-85],[46,-91],[48,-96],[48,-100],[50,-104],[50,-107],[49,-108],[47,-101],[45,-93],[43,-86],[42,-81],[40,-78],[41,-76]],[[182574,130239],[52,79],[52,79],[52,78],[52,76],[52,72],[54,67],[54,60],[58,52],[60,52],[62,52],[65,51],[66,51],[66,51],[65,50],[65,49],[63,49],[61,48],[59,47],[57,47],[53,44],[52,44],[51,41],[52,42],[52,41],[51,43],[50,44],[50,46],[49,47],[48,49],[49,51]],[[184246,131841],[14,142],[14,143],[15,143],[16,143],[19,140],[21,138],[26,133],[27,129],[29,123],[28,119],[30,115],[29,114],[30,113],[30,113],[30,116],[30,118],[31,121],[31,126],[31,128],[32,133],[33,135],[34,137],[37,136],[39,136],[41,136],[42,137],[44,137],[45,138],[45,139],[46,140],[45,140],[44,140],[43,140],[40,139],[38,137],[34,136],[31,133],[30,131],[28,128],[26,126],[26,126]],[[185154,140665],[-17,-16],[-42,-77],[-42,-62],[-48,-34],[-41,-74],[-41,-70],[-31,-101],[-34,-93],[-46,24],[-37,-11],[-95,18],[-138,-98],[-41,29],[-41,33],[-45,-5],[-40,-26],[-47,67],[-52,57],[-36,132],[-33,126],[-23,59],[-18,60],[-52,90],[-60,41],[-52,85],[-52,57],[-54,103],[-147,408],[-6,80],[-14,77],[-18,75],[-23,67],[-11,75],[-22,70],[-28,49],[-25,54],[-3,129],[-17,121],[-46,80],[-13,13],[-39,31],[-48,69],[-37,101],[-61,113],[-15,119],[-56,31],[-56,8],[-54,-26],[-54,-31],[-41,13],[-40,21],[-39,-6],[-42,-7],[-19,-8],[1,4]],[[231644,132231],[110,-269],[142,-493],[63,-387],[126,-534],[25,-443],[-24,-527],[73,-588],[-19,-399],[38,-444],[107,-129],[44,-707],[-55,-462],[55,-353],[118,-144],[-41,-485],[96,-44],[74,-333],[100,-165],[53,-322],[164,-436],[74,-578],[-85,-209],[223,-549],[150,-142],[116,-387],[112,-57],[174,-369],[255,-271],[199,-541],[72,33],[473,-712],[120,-523],[148,309],[140,75],[322,-271],[63,209],[-31,421],[-117,693],[-131,527],[-14,317],[-92,258],[-61,351],[-114,103],[-135,400],[-35,232],[21,531],[-32,351],[51,320],[-124,534],[84,479],[7,423],[41,356],[-40,1012],[-276,1274],[-142,348],[-70,67],[-280,616],[-140,604],[-53,119],[-211,149],[-226,454],[-68,240],[-135,570],[-157,155],[-269,-101],[-59,0],[-202,266],[-131,462],[-99,-106],[-17,64]],[[232978,121644],[56,-356],[44,-90],[54,-34],[31,31],[33,24],[29,43],[28,49],[18,132],[13,52],[1,62],[18,131],[-13,132],[-33,105],[-25,91],[-36,62],[-47,-21],[-47,-18],[-43,-44],[-42,-59],[-11,-73],[0,-7],[-28,-212]],[[233497,120896],[29,-77],[4,-5],[81,-207],[85,-54],[28,-31],[38,-28],[39,-21],[16,3],[101,-65],[5,140],[-9,131],[-120,142],[-38,10],[-36,31],[-37,11],[-36,10],[-37,-3],[-38,13],[-37,-2],[-38,2]],[[165666,137182],[25,-132],[25,-133],[23,-133],[22,-134],[22,-134],[22,-135],[21,-135],[24,-130],[25,-124],[27,-118],[29,-115],[29,-113],[30,-111],[30,-111],[31,-112],[30,-115],[29,-119],[28,-124],[27,-129],[25,-137],[23,-141],[21,-141],[19,-143],[20,-145],[19,-147],[19,-149],[21,-151],[21,-152],[22,-154],[24,-153],[24,-154],[26,-151],[26,-148],[26,-145],[24,-141],[21,-137],[20,-132],[18,-127],[16,-123],[14,-119],[14,-118],[13,-119]],[[166641,131598],[54,-45],[55,-56],[55,-67],[56,-76],[56,-85],[56,-90],[57,-95],[58,-98],[57,-97],[59,-95],[58,-91],[58,-85],[59,-76],[58,-68],[57,-67],[56,-65],[55,-64],[54,-62],[55,-60],[54,-59],[53,-58],[55,-57],[54,-57],[56,-56],[57,-56],[59,-56],[62,-56],[63,-55],[65,-56],[65,-57],[66,-58],[65,-59],[64,-60],[63,-61],[61,-60]],[[168676,129235],[29,142],[30,144],[29,145],[29,146],[28,146],[26,144],[23,141],[21,139],[17,139],[13,142],[10,145],[7,148],[7,150],[5,152],[6,153],[7,154],[8,153],[10,152],[13,151],[16,150],[19,148],[23,149],[24,151],[25,152],[25,152],[25,153],[26,153],[25,153],[24,153],[23,153],[22,154],[21,155],[20,156],[18,159],[18,160],[16,162],[16,163],[16,164],[16,166],[16,167],[16,167],[17,167],[17,167],[18,165],[19,163],[21,160],[21,155],[23,150],[25,143],[26,138],[27,134],[28,131],[28,128],[29,128],[27,128],[27,129],[27,132],[25,135],[23,140],[23,145],[23,147],[23,149],[24,150],[23,151],[23,152],[22,151],[23,151]],[[154707,138762],[21,-160],[19,-154],[18,-149],[15,-144],[14,-140],[12,-138],[12,-137],[12,-137],[13,-139],[13,-141],[15,-143],[16,-147],[19,-151],[21,-155],[24,-159],[27,-161],[27,-160],[28,-158],[27,-155],[27,-154],[26,-152],[25,-152],[24,-151],[24,-152],[23,-152],[23,-154],[22,-156],[24,-159],[24,-160],[27,-156],[28,-151],[29,-148],[31,-144],[31,-142],[30,-140],[30,-139],[29,-139],[27,-141],[25,-142],[22,-145],[20,-148],[18,-147],[16,-143],[15,-140],[14,-138],[14,-137],[14,-135],[13,-135],[14,-136],[15,-136],[16,-138],[17,-140],[19,-142],[20,-146],[20,-154],[20,-162],[20,-167]],[[155896,130361],[70,-24],[70,-25],[69,-23],[67,-23],[66,-21],[63,-20],[60,-19],[59,-16],[57,-15],[56,-12],[56,-11],[55,-9],[55,-8],[55,-6],[55,-6],[56,-5],[56,-5],[58,-7],[58,-8],[61,-9],[63,-9],[63,-10],[64,-11],[63,-11],[63,-11],[63,-11],[61,-11],[59,-10],[58,-9],[56,-8],[54,-7],[51,-11],[48,-17],[47,-21],[45,-23]],[[157956,129909],[41,106],[43,103],[44,100],[45,96],[46,95],[48,93],[47,94],[48,96],[46,99],[46,105],[44,111],[42,117],[41,123],[39,124],[37,127],[37,126],[36,127],[36,125],[37,124],[38,121],[38,119],[40,117],[41,113],[41,111],[43,108],[42,105],[43,103],[43,104],[42,104],[42,103],[41,103],[41,100],[42,98],[43,96],[43,95],[45,94],[45,93],[47,92],[48,92],[48,92],[48,90],[48,91]],[[147362,130148],[10,19],[94,438],[75,121],[364,248],[188,98],[10,0],[35,23],[4,3],[40,23],[39,15],[38,-31],[43,-5],[42,13],[42,-8],[40,18],[40,24],[40,46],[33,67],[104,18],[52,8],[44,-13],[46,23],[44,16],[38,-11],[36,-25],[37,5],[37,-21],[36,-2],[38,-24],[35,13],[37,13],[37,3],[36,5],[39,5],[36,-10],[38,13],[35,36],[33,41],[35,26],[12,224],[2,21],[3,88],[28,-55],[24,-61],[26,-55],[32,-41],[30,-33],[33,-13],[33,-8],[32,5],[32,-15],[30,-13],[33,-16],[31,-33],[31,-16],[32,-23],[34,13],[31,-8],[34,18],[29,23],[31,18],[31,13],[44,-54],[45,-36],[48,-23],[49,23],[29,-39],[29,-28],[32,-23],[31,-23],[44,-101],[49,-85],[47,-101],[55,-56],[26,-104],[37,-77],[9,-21],[179,-469],[9,-103],[6,-114],[23,-90],[18,-103],[30,-78],[22,-92],[25,-91],[24,-87],[22,-106],[31,-83],[17,-36]],[[151026,129212],[5,90],[8,159],[8,159],[9,158],[10,158],[10,157],[12,157],[15,156],[15,158],[15,161],[16,162],[16,164],[17,164],[17,165],[17,165],[17,163],[17,163],[18,160],[17,159],[18,156],[17,153],[19,148],[19,145],[19,143],[18,140],[18,140],[17,139],[15,139],[15,141],[14,143],[13,147],[12,152],[10,159],[10,164],[9,166],[9,168],[9,169],[8,169],[9,169],[9,168],[9,168],[10,166],[10,164],[11,164],[11,162],[11,161],[14,161],[16,160],[18,160],[19,159],[21,159],[22,157],[22,157],[22,155],[22,153],[21,152],[21,152],[19,151],[17,151],[17,155],[17,156],[16,157],[15,159],[15,159],[15,158],[15,157],[16,157]],[[147127,135812],[-1,-149],[-3,-148],[-5,-148],[-5,-148],[-6,-147],[-5,-148],[-4,-148],[-2,-149],[-1,-148],[2,-149],[4,-148],[4,-144],[4,-140],[3,-137],[4,-134],[5,-132],[4,-131],[6,-131],[7,-132],[7,-134],[9,-136],[11,-141],[11,-146],[12,-155],[14,-164],[13,-172],[15,-177],[15,-181],[15,-184],[14,-184],[15,-183],[15,-181],[14,-176],[13,-171],[12,-164],[11,-157],[8,-147]],[[81338,136746],[52,-41],[68,-54],[65,-56],[63,-57],[61,-58],[57,-54],[54,-51],[51,-49],[50,-48],[49,-47],[48,-48],[48,-50],[48,-53],[49,-57],[50,-59],[51,-62],[53,-66],[56,-71],[57,-75],[59,-81],[60,-82],[60,-84],[62,-82],[62,-82],[63,-79],[63,-77],[62,-74],[63,-72],[62,-70],[61,-69],[60,-67],[59,-67],[57,-66],[55,-67],[54,-72],[53,-77],[53,-80],[53,-84],[52,-85],[53,-86],[53,-85],[54,-85],[54,-82],[55,-80],[55,-76],[55,-73],[54,-70],[54,-66],[53,-61],[52,-55],[52,-51],[52,-48],[52,-46],[52,-46],[53,-45],[54,-47],[54,-49],[55,-52],[55,-55],[56,-60],[57,-66],[57,-72],[58,-81],[59,-85],[58,-86],[59,-88],[59,-88],[58,-87],[59,-86],[58,-83]],[[85250,132033],[13,149],[14,146],[14,144],[14,145],[15,144],[16,145],[16,144],[18,144],[18,145],[19,144],[18,146],[18,146],[18,148],[15,149],[14,152],[12,154],[9,156],[8,161],[5,166],[5,171],[2,174],[2,176],[0,178],[-1,177],[-1,177],[-2,175],[-2,172],[-1,166],[-1,161],[1,154],[-1,144],[-1,138],[1,133],[0,13]],[[85525,137170],[-121,20],[-60,121],[23,529],[-204,299],[-25,338],[-108,374],[125,576],[69,116],[107,433],[120,248],[48,572],[-101,263],[-62,586],[-146,596],[-19,461],[492,364],[51,204],[154,369],[22,157],[-108,513],[-247,258],[-107,44],[-212,-565],[-87,121],[-136,-61],[19,-289],[-93,-470],[-164,-209],[-267,-198],[-247,-449],[-204,-433],[-228,-34],[-229,0],[-155,170],[-155,-93],[-42,-258],[14,-260],[-118,-647],[-79,-73],[-44,490],[-288,248],[-166,-369],[-163,-232],[0,-116],[-27,-116],[-113,-49],[-101,-209],[16,-328],[-71,-753],[-70,-830],[70,-184],[-34,-381],[-70,-67],[-185,25],[-141,-193],[-76,-206],[-70,-516],[-161,-305],[-13,-26]],[[85933,140700],[17,98],[25,139],[24,135],[24,132],[23,130],[23,129],[23,130],[23,133],[20,124]],[[86135,141850],[-33,-14],[-350,-449],[157,-485],[24,-202]],[[85250,132033],[27,-146],[27,-143],[26,-142]],[[85330,131602],[61,-34],[61,-33],[61,-32],[61,-33],[61,-34],[62,-35],[61,-37],[62,-39],[62,-40],[61,-41],[62,-40],[61,-40],[61,-39],[61,-38],[60,-36],[60,-34],[60,-32],[59,-30],[58,-28],[58,-31],[56,-35],[56,-38],[54,-40],[54,-42],[53,-41],[52,-42],[52,-40],[52,-37],[51,-35],[52,-31],[51,-27],[51,-24],[52,-24],[53,-26],[53,-27],[54,-29],[54,-28],[55,-30],[54,-29],[54,-30],[53,-29],[53,-29],[53,-28],[52,-26],[51,-24],[48,-20],[46,-15],[44,-13],[43,-12],[43,-12],[44,-12],[45,-15],[47,-17],[49,-20],[52,-26]],[[88329,129943],[40,109],[42,106],[46,102],[47,99],[50,97],[52,94],[54,91],[55,88],[57,85],[57,84],[58,83],[59,84],[59,86],[58,87],[57,90]],[[89120,131328],[4,169],[3,169],[4,170],[3,170],[3,170],[2,168],[3,166],[2,164],[1,160],[3,154],[3,147],[5,141],[4,136],[5,133],[5,130],[5,130],[5,131],[3,133],[3,135],[2,141],[1,145],[0,143],[0,138],[0,135],[0,132],[0,130],[0,130],[-1,131],[-1,133],[-2,135],[-1,139],[-3,143],[-2,149],[-7,155],[-9,158],[-10,162],[-12,164],[-12,165],[-11,164],[-10,164],[-8,162],[-6,161],[-3,158],[1,156],[2,156],[4,162],[5,167],[6,171],[5,175],[6,178],[7,178],[6,179],[5,178],[6,176],[5,172],[4,166],[4,162],[3,158],[2,152]],[[89162,140427],[-94,-13],[-331,-95],[-74,-80],[-221,62],[-104,237],[-22,80],[-47,470],[60,113],[-133,601],[-207,382],[-175,222],[-168,0],[-182,183],[-302,-150],[-63,155],[-98,578],[-16,467],[-76,296],[-79,98],[-159,-198],[-86,-524],[86,-294],[16,-302],[281,209],[92,-464],[-60,-116],[-110,206],[-87,5],[-115,-319],[-282,-274],[-271,-112]],[[85933,140700],[37,-322],[103,-178],[106,24],[103,-323],[-47,-258],[-117,-198],[36,-253],[128,-168],[14,-245],[-185,-420],[-175,33],[2,-609],[-139,-319],[-253,-297],[-21,3]],[[231978,115867],[20,50],[39,107],[40,112],[41,116],[41,119],[42,119],[41,119],[41,117],[41,114],[41,111],[42,110],[41,108],[43,108],[45,111],[45,113],[48,112],[50,111],[51,109],[53,110],[55,111],[56,112],[56,114],[55,115],[54,114],[50,115],[48,115],[46,114],[42,114],[41,113],[41,113],[40,111],[42,111],[43,110],[45,110],[48,109],[48,110],[49,112],[49,112],[50,111],[50,107],[23,46]],[[233814,120342],[-70,157],[-44,-106],[-33,-129],[2,-111],[-3,-82],[-3,64],[-13,122],[-33,92],[-21,114],[-113,217],[-24,87],[-42,52],[-38,64],[-33,80],[-41,62],[-158,18],[-42,88],[-47,52],[-19,18],[-75,105],[3,80],[-2,78],[-10,80],[1,77],[-7,80],[-17,67],[-15,70],[-20,59],[-198,379],[-34,54],[-27,67],[-35,37],[-40,18],[-44,-29],[-36,-80],[-4,-142],[2,-141],[7,-142],[31,-119],[-163,291],[-88,52],[-35,116],[-14,23],[-104,289],[-2,119],[-18,103],[-18,111],[-21,103],[-26,90],[-7,101],[-34,62],[-25,85],[-43,13],[-35,31],[-41,13],[-39,-11],[-36,470],[-194,511],[-101,74],[-3,3],[-35,26],[-57,160],[-5,18],[-23,57],[-452,727],[-56,52],[-11,12],[-34,42],[-36,13],[-18,113],[-20,111],[-32,90],[-30,96],[-34,100],[-40,88],[-50,36],[-46,62],[-61,31],[-14,18],[-37,26],[-39,2],[-3,122],[8,116],[-23,103],[-13,116],[7,299],[-47,70],[-46,72],[-45,59],[-49,73],[-3,103],[-12,95],[-15,96],[-20,90],[-14,93],[-16,93],[-22,82],[-21,88],[-210,392],[-144,395],[-52,-39],[-48,-47],[-53,-36],[-41,-90],[-28,57],[-24,64],[-33,26],[-33,34],[-31,38],[-33,13],[-36,11],[-33,15],[-124,13],[-40,-34],[-3,-7],[-108,-101],[-249,23],[-200,124],[-40,80],[-33,101],[-44,56],[-48,52],[-14,108],[-20,106],[-239,243],[-39,46],[-42,26],[-45,-8],[-43,-8],[-68,-85],[-24,-15],[-31,-52],[-61,-77],[47,-328],[-47,-222],[82,-222],[8,-108],[18,-98],[10,-100],[2,-106],[8,-106],[14,-98],[22,-95],[30,-78],[36,-95],[20,-85],[35,-75],[27,-90],[27,-37],[58,-154],[12,-49],[28,-91],[33,-82],[28,-88],[36,-64],[30,-91],[29,-51],[101,-263],[37,-67],[32,-80],[38,-52],[47,-18],[14,-106],[7,-108],[27,-83],[25,-92],[37,-55],[27,-85],[32,-75],[35,-54],[28,-41],[0,-3],[48,-72],[5,-13],[29,-38],[169,5],[51,-88],[54,-59],[30,-93],[1,0],[86,-261],[15,-77],[17,-75],[19,-72],[7,-26],[58,-245],[5,-33],[17,-70],[79,-65],[48,-405],[33,-128],[45,-93],[156,-134],[3,-129],[3,-21],[27,-562],[-4,-34],[7,-67],[9,-181],[17,-74],[21,-62],[16,-78],[21,-64],[45,-28],[44,-11],[47,13],[44,3],[122,-183],[24,-65],[21,-70],[30,-36],[25,-56],[27,-57],[32,-31],[26,-44],[32,-39],[156,-152],[19,-108],[27,-96],[31,-82],[31,-88],[42,-21],[42,21],[10,-85],[6,-34],[32,-198],[-37,-108],[-35,-122],[19,-108],[16,-114],[10,-116],[12,-116],[29,-100],[23,-54],[25,-132],[1,-15],[22,-109],[-1,-137],[15,-131],[19,-126],[11,-39],[61,-588],[8,-88],[14,-85],[20,-75],[29,-57],[24,-562],[35,-3],[35,-7],[4,-3],[30,-10],[36,0],[80,-168],[47,-36],[33,-70],[45,0],[43,-36],[118,-281],[2,-152],[0,-155],[26,-134],[28,-137],[164,-348],[186,-577]],[[228122,123491],[29,-57],[17,-62],[21,-59],[19,-64],[29,-31],[28,-44],[29,-34],[26,-46],[58,-29],[58,-7],[205,-449],[147,95],[-31,160],[-171,240],[-19,111],[-30,98],[-40,70],[-39,59],[-95,77],[-81,284],[-50,-8],[-45,-31],[-65,-273]],[[229427,120223],[9,-83],[18,-72],[24,-57],[3,-5],[36,-160],[7,-54],[23,-59],[16,-75],[0,-147],[42,-90],[39,-109],[56,-20],[53,-57],[78,-552],[106,-18],[46,170],[9,98],[2,101],[-1,10],[29,563],[-24,92],[-23,98],[-33,70],[-36,62],[-40,57],[-42,36],[-177,632],[-57,77],[-3,0],[-57,75],[-99,-276],[-4,-307]],[[230592,114824],[185,-725],[10,-82],[13,-41],[38,-202],[44,-72],[13,-10],[127,-181],[30,-2],[32,-3],[32,26],[29,26],[16,69],[11,83],[-3,80],[0,85],[-25,67],[-27,70],[-52,260],[-3,16],[-3,20],[-18,91],[0,85],[8,103],[-8,106],[-13,103],[-31,64],[-26,80],[-26,78],[-20,85],[-20,93],[-26,77],[-21,85],[-20,88],[-189,-108],[-57,-514]],[[89120,131328],[75,-32],[73,-32],[72,-31],[70,-32],[70,-32],[69,-32],[69,-32],[68,-32],[67,-31],[67,-30],[66,-30],[66,-29],[65,-28],[66,-27],[65,-25],[65,-27],[65,-30],[65,-33],[64,-36],[63,-36],[62,-35],[61,-34],[60,-31],[59,-29],[59,-24],[57,-19],[55,-13],[54,-7],[54,3],[53,11],[53,18],[53,23],[52,27],[52,29],[52,29],[52,29],[52,25],[52,21],[52,15],[52,8],[52,0],[50,-8],[49,-14],[48,-18],[48,-22],[48,-24],[49,-26],[49,-25],[50,-26],[52,-23]],[[92061,130571],[10,139],[12,144],[13,145],[14,142],[15,139],[16,138],[17,136],[18,135],[18,135],[18,137],[19,138],[18,141],[18,144],[19,148],[18,151],[21,156],[21,157],[23,155],[23,153],[24,149],[25,143],[24,139],[25,134],[25,130],[24,128],[24,127],[24,129],[24,133],[24,137],[26,141],[27,146],[28,149],[28,153],[28,156],[28,158],[27,159],[27,161],[26,162],[25,162],[24,162],[23,165],[24,169],[23,168],[23,166],[22,162],[22,157],[21,151],[21,145],[21,141],[20,137],[20,137],[21,139],[22,145],[20,155],[21,164],[21,173],[20,179],[11,98]],[[93305,139113],[-84,515],[-87,-199],[-132,-152],[-202,162],[302,-36],[28,114],[-95,542],[-80,59],[-18,276],[161,85],[279,-90],[84,232],[45,8]],[[93506,140629],[2,13],[15,88]],[[93523,140730],[-472,151],[-160,-129],[-223,60],[-61,-88],[-248,-113],[-193,74],[-79,-245],[20,-229],[-270,72],[-165,-191],[-111,-328],[-63,19],[-78,-19],[-103,-301],[-179,-24],[-101,-103],[-74,103],[-226,109],[-371,358],[-211,413],[-3,224],[-171,65],[-595,-41],[-130,-127],[-94,-13]],[[175789,137555],[8,-126],[9,-127],[9,-130],[10,-135],[12,-141],[12,-147],[13,-154],[13,-161],[13,-167],[12,-172],[10,-174],[9,-176],[8,-175],[7,-175],[7,-172],[5,-170],[6,-166],[5,-164],[7,-160],[8,-158],[10,-156],[9,-155],[9,-155],[9,-157],[8,-159],[7,-160],[7,-162],[7,-163],[7,-165],[7,-165],[7,-164],[7,-162],[7,-161],[8,-155],[8,-150],[8,-146],[9,-142],[8,-139],[8,-137],[8,-136],[7,-136],[6,-138],[5,-141],[4,-145],[2,-150],[1,-155],[1,-157],[0,-160],[1,-162]],[[176157,129972],[46,-92],[48,-93],[48,-94],[49,-95],[50,-94],[50,-94],[51,-94],[50,-94],[51,-93],[51,-92],[50,-91],[50,-90],[50,-88],[50,-87],[50,-82],[51,-79],[52,-76],[53,-73],[53,-71],[55,-72],[55,-72],[57,-74],[58,-76],[60,-79]],[[177395,127927],[52,107],[51,105],[51,104],[50,100],[50,97],[51,93],[52,88],[52,86],[52,85],[52,84],[51,86],[51,88],[51,92],[51,95],[51,99],[50,102],[49,107],[48,109],[48,112],[45,112],[44,111],[42,110],[39,109],[37,106],[35,103],[34,100],[33,97],[33,94],[33,93],[36,94],[38,95],[42,97],[46,100],[50,101],[53,102],[56,102],[58,100],[60,96],[59,90],[58,85],[57,81],[55,75],[54,72],[52,69],[51,67],[50,66],[49,66],[49,65],[48,68],[49,70],[49,76],[49,80],[49,86],[51,92],[51,97],[51,99],[53,101],[53,102],[56,103],[57,104],[58,105],[60,106],[61,107],[60,109]],[[168676,129235],[20,-70],[20,-70]],[[168716,129095],[63,-10],[61,-3],[60,3],[59,4],[58,5],[59,7],[58,7],[58,7],[58,9],[58,10],[58,10],[58,12],[57,12],[58,14],[58,16],[59,21],[59,26],[60,32],[60,34],[61,36],[61,37],[61,36],[61,33],[61,30],[61,24],[60,18],[59,9],[60,7],[62,8],[62,8],[63,7],[63,5],[63,5],[62,4],[61,3],[60,2],[58,-1],[57,-4],[56,-7],[54,-15],[53,-26],[52,-34],[52,-41],[51,-45],[51,-47],[50,-48],[51,-46],[50,-42],[52,-36],[51,-27],[52,-18],[52,-8],[51,-1],[50,3],[49,8],[49,9],[49,12],[50,12],[51,11],[52,9],[53,6]],[[172172,129207],[11,169],[14,174],[15,177],[17,179],[17,180],[17,180],[17,179],[15,177],[13,173],[11,169],[8,163],[8,159],[7,155],[8,151],[8,150],[8,147],[7,146],[8,146],[7,146],[7,146],[6,148],[6,150],[5,153],[3,152],[3,143],[3,135],[3,129],[4,123],[5,121],[5,118],[7,118],[7,120],[9,122],[10,126],[12,132],[14,140],[14,145],[15,150],[15,154],[16,156],[16,158],[16,159],[16,158],[16,157],[15,155],[15,151],[14,146],[13,142],[13,145],[13,151],[14,157],[12,160],[13,164],[11,165],[10,168],[10,167],[7,168],[6,166],[6,162],[4,157]],[[172172,129207],[34,-101],[36,-100],[39,-102],[41,-102],[42,-99],[42,-99],[44,-97],[45,-96],[47,-96],[47,-95],[48,-95],[49,-94],[50,-95]],[[172736,127936],[60,47],[62,44],[62,41],[63,38],[63,33],[65,30],[67,28],[67,27],[70,27],[71,27],[72,28],[73,29],[73,29],[73,32],[73,32],[72,33],[70,34],[67,34],[67,32],[65,24],[66,20],[66,14],[65,12],[64,11],[63,10],[63,13],[61,16],[60,22],[58,28],[56,36],[56,43],[53,46],[52,45],[51,45],[51,45],[50,44],[50,44],[51,44],[52,44],[52,44],[53,44],[54,45],[55,46],[55,47],[55,47],[53,48],[53,47],[52,47],[53,46],[52,46],[53,44],[53,44],[54,42],[56,43],[56,42],[59,41],[60,42]],[[142656,128866],[49,101],[43,5],[34,-7],[22,15],[204,28],[29,-43],[31,-34],[29,-23],[29,-11],[12,-10],[21,-33],[33,-24],[17,-12],[44,-39],[32,-21],[34,-20],[29,-44],[31,-42],[33,18],[34,11],[32,-3],[34,-2],[49,-18],[51,31],[46,-37],[44,-64],[28,39],[22,59],[17,57],[26,59],[57,-170],[41,0],[43,33],[15,16],[67,36],[85,-62],[-113,-147],[-33,15],[-29,42],[-30,5],[-32,-8],[-1,-28],[38,-75],[45,-49],[47,-31],[48,-5],[46,-39],[48,3],[47,20],[48,0],[33,-38],[39,-16],[12,3],[203,-137],[28,-62],[19,-23],[179,-322],[289,309],[46,62],[44,49],[33,106],[38,80],[36,15],[37,34],[34,5],[37,21],[35,30],[34,8],[39,16],[30,49],[55,82],[24,23],[33,65],[40,59],[52,-2],[55,0],[53,10],[52,15],[37,62],[39,70],[41,52],[30,100],[104,49],[126,302],[45,-8],[47,0],[42,47],[41,36],[37,67],[39,51],[42,24],[42,49],[30,62],[29,33],[14,54],[36,72],[137,119],[299,-57],[52,6],[52,5],[36,20],[64,16],[60,118]],[[142430,136773],[1,-160],[1,-158],[2,-157],[1,-155],[1,-154],[0,-152],[-1,-153],[-2,-151],[-3,-152],[-4,-152],[-5,-153],[-5,-152],[-6,-154],[-5,-154],[-5,-154],[-3,-156],[-2,-153],[-2,-149],[0,-146],[0,-142],[1,-138],[2,-137],[3,-134],[3,-134],[5,-134],[6,-135],[6,-138],[7,-143],[8,-150],[8,-155],[9,-161],[9,-166],[10,-170],[11,-174],[11,-176],[12,-177],[13,-178],[13,-177],[13,-174],[14,-170],[13,-165],[12,-162],[11,-162],[10,-162],[9,-161],[8,-160],[8,-160],[7,-159],[8,-158],[7,-158],[6,-122]],[[151026,129212],[19,-41],[34,-83],[5,-126],[-4,-65],[10,-61],[8,-132],[36,-67],[44,-16],[-63,-20],[57,-392],[0,-5],[1,-6],[16,-134],[2,-18],[11,-77],[29,-129],[10,-98],[33,-93],[25,-108],[209,-462],[7,-41],[30,-39],[52,-119],[127,-118],[32,-5],[31,-26],[35,5],[32,18],[34,0],[32,-21],[32,-18],[33,-13],[34,18],[31,21],[33,36],[27,34],[33,10],[32,31],[32,28],[28,49],[-32,338],[27,88],[28,93],[-16,-127],[-2,-134],[4,-123],[12,-124],[213,36],[250,423],[163,-49],[66,338],[5,-109],[1,-90],[8,-88],[6,-105],[47,-8],[43,-52],[47,13],[42,34],[59,15],[27,18],[56,18],[32,3],[57,31],[57,-39],[57,13],[57,13],[57,-5],[41,162],[-41,356],[39,-80],[49,-33],[48,-36],[49,-29],[9,29],[-11,-54],[-7,-75],[-1,-83],[0,-77],[1,-80],[113,-72],[5,-8],[42,-21],[147,212],[47,-612],[59,-224],[-23,-253],[28,-75],[16,-24]],[[154216,126273],[39,124],[41,130],[42,126],[42,123],[41,120],[41,118],[41,118],[41,118],[41,119],[43,121],[43,122],[45,122],[45,123],[44,122],[45,118],[43,112],[44,105],[43,97],[42,89],[42,82],[43,76],[42,73],[44,74],[44,76],[46,83],[46,92],[47,101],[48,111],[49,119],[50,122],[52,125],[52,126],[53,125],[54,123],[53,121],[54,118],[55,114]],[[161824,133475],[40,-121],[41,-120],[40,-121],[39,-124],[38,-126],[36,-130],[33,-136],[29,-141],[26,-146],[23,-147],[19,-148],[16,-149],[14,-150],[12,-150],[12,-151],[10,-151],[11,-150],[12,-151],[13,-149],[17,-149],[19,-148],[23,-148],[24,-149],[25,-152],[24,-153],[23,-157],[22,-159],[19,-162],[17,-163],[15,-165],[14,-166],[12,-165],[12,-163],[13,-159],[15,-155],[17,-152],[21,-148],[23,-146],[27,-141],[28,-139],[31,-136],[33,-134],[33,-133],[33,-134],[32,-135],[30,-138],[28,-141],[25,-145],[25,-143],[26,-140],[25,-136],[25,-134],[23,-132],[22,-131],[21,-130]],[[163110,125533],[46,-78],[46,-78],[44,-78],[43,-77],[43,-77],[45,-75],[47,-74]],[[163424,124996],[57,79],[59,78],[60,76],[60,75],[60,75],[58,76],[58,79],[57,80],[56,84],[54,86],[53,89],[53,90],[51,93],[51,93],[51,93],[51,93],[50,93],[52,96],[53,100],[53,102],[54,102],[54,102],[54,103],[54,102],[53,102],[53,102],[52,101],[51,102],[51,102],[49,104],[49,106],[46,110],[46,115],[45,119],[45,122],[44,125],[44,127],[44,128],[44,128],[45,126],[45,123],[46,120],[46,116],[48,111],[49,108],[50,105],[51,102],[51,101],[51,103],[51,110],[50,117],[49,121],[49,126],[49,129],[48,131],[48,133],[48,132],[50,128],[50,122],[51,115],[53,106],[55,97],[55,88]],[[184246,131841],[49,-115],[52,-117],[52,-118],[53,-117],[51,-120],[51,-122],[49,-126],[47,-126],[45,-128],[44,-125],[42,-122],[41,-118],[39,-111],[39,-105],[38,-97],[38,-91],[37,-86],[39,-81],[39,-78],[40,-78],[40,-82],[40,-88],[41,-97],[42,-106],[42,-113],[44,-119],[44,-120],[45,-118],[45,-114],[44,-111],[44,-106],[44,-101],[44,-96],[44,-93],[45,-90],[45,-88],[45,-90],[47,-94],[47,-97],[48,-102],[49,-107],[49,-111],[49,-116],[50,-119],[50,-123],[51,-126],[51,-129],[50,-133],[50,-135],[49,-136],[48,-137],[48,-136],[47,-136],[48,-137],[49,-138],[49,-138],[46,-124]],[[186844,125454],[3,10],[9,88],[18,83],[0,2],[86,235],[9,15],[9,31],[36,103],[301,875],[180,583],[23,72],[13,88],[21,77],[21,72],[15,88],[24,72],[1,93],[14,90],[23,73],[25,85],[3,13],[80,263],[10,26],[24,82],[31,67],[8,65],[177,575],[26,80],[23,87],[29,80],[27,78],[18,90],[28,83],[29,72],[27,85],[16,93],[9,108],[2,106],[9,103],[7,39],[25,103],[13,44],[19,93],[20,93],[18,147],[18,147],[-2,154],[-2,158],[25,98],[22,105],[29,93],[28,98],[11,116],[23,111],[0,122],[11,113],[56,255],[23,93],[23,124],[43,150],[20,51],[11,54],[11,62],[27,114],[29,106],[25,108],[34,106],[37,80],[21,82]],[[137150,131689],[5,-11],[41,-54],[44,-26],[76,-211],[3,-116],[7,-117],[130,-159],[52,-78],[58,-46],[56,-39],[62,10],[33,-77],[25,-95],[33,-75],[33,-75],[41,-59],[30,-86],[40,-46],[44,-41],[5,-93],[29,-85],[32,-80],[22,-101],[31,-80],[36,-75],[40,-46],[37,-64],[36,-68],[116,-188],[17,-72],[22,-52],[3,-5],[22,-44],[29,-31],[22,-144],[36,-126],[27,-78],[13,-26],[47,-108],[1,-3],[27,-72],[28,-56],[19,-78],[30,-44],[22,-72],[31,-36],[36,-13],[33,-13],[29,-41],[32,-62],[34,-41],[27,-70],[27,-70],[36,-38],[33,-34],[39,-5],[37,-23],[263,-364],[20,-44],[44,-75],[52,-46],[132,-72],[52,-70],[59,-36],[7,-5],[104,-93],[30,-49],[21,-62],[28,-46],[30,-36],[37,-8],[38,-3],[37,0],[38,-2],[34,-34],[38,-8],[33,55],[30,38],[14,31],[124,201],[9,11],[29,49],[54,10],[54,34],[118,263],[237,185],[9,3],[34,31],[39,36],[3,3],[247,234],[19,3],[30,41],[62,54],[24,8],[42,13],[39,34],[39,28],[33,64],[36,52],[58,28],[36,-2],[45,33],[47,0],[45,34],[45,28],[47,21],[45,26],[364,64],[-28,116],[-117,-28],[-10,5],[-43,-15],[-79,61],[79,62],[103,-85],[90,72],[9,-95],[24,-80],[253,83],[6,0],[39,15],[70,144]],[[157956,129909],[10,-145],[9,-144],[9,-141],[10,-140],[11,-139],[12,-140],[16,-139],[18,-139],[21,-138],[24,-139],[26,-139],[30,-140],[32,-139],[33,-140],[35,-141],[35,-143],[35,-144],[34,-147],[32,-150],[29,-153],[28,-154],[29,-155],[29,-155],[31,-155],[32,-155],[33,-154],[36,-154],[37,-154],[38,-153],[40,-153],[40,-155],[40,-156],[38,-158],[37,-161],[37,-164],[36,-166],[37,-167],[36,-168],[36,-167],[35,-167],[34,-165],[32,-161],[30,-157],[29,-151],[27,-144],[26,-137],[23,-131],[19,-125],[15,-123]],[[159357,122604],[51,82],[50,85],[50,88],[49,89],[48,88],[49,87],[49,83],[49,78],[50,72],[51,64],[48,64],[46,66],[43,68],[42,67],[41,65],[42,63],[43,60],[45,56],[48,51],[51,46],[54,41],[59,34],[62,28],[65,23],[67,21],[68,19],[69,20],[69,22],[70,25],[68,27],[68,30],[66,31],[65,33],[62,32],[61,31],[58,29],[56,29],[54,30],[52,29],[51,28],[51,28],[50,28],[50,27],[51,28],[52,29],[53,30],[54,31],[57,34],[60,36],[64,38],[66,40],[69,42],[70,45],[71,45],[71,48],[70,48],[69,48],[68,46],[65,44],[64,43],[60,39],[58,36],[56,32],[55,29],[55,26],[55,25]],[[177395,127927],[21,-143],[23,-145],[23,-146],[23,-147],[24,-147],[24,-148],[24,-148],[24,-148],[22,-146],[21,-147],[19,-149],[18,-149],[17,-150],[16,-152],[16,-152],[15,-153],[16,-155]],[[177741,125402],[55,-94],[55,-97],[55,-100],[55,-100],[54,-101],[55,-101],[55,-99],[55,-97],[56,-93],[55,-89],[56,-82],[56,-77],[56,-73],[55,-71],[55,-67],[55,-65],[55,-62],[56,-62],[57,-60],[57,-60],[59,-60],[59,-60],[59,-60],[61,-59],[62,-59],[62,-57],[60,-53],[59,-50],[57,-48],[55,-46],[53,-45],[52,-44],[51,-44],[51,-46],[52,-47],[53,-51],[54,-54],[56,-58],[57,-61],[58,-63],[59,-62],[58,-63],[58,-64]],[[180154,122498],[58,85],[58,84],[58,82],[58,80],[59,77],[57,74],[58,71],[57,67],[55,65],[54,57],[51,48],[49,41],[47,36],[46,31],[47,30],[46,28],[48,28],[50,31],[51,33],[53,38],[54,43],[55,51],[56,57],[55,58],[54,60],[54,59],[53,59],[53,57],[52,56],[52,54],[52,52],[52,50],[54,48],[54,47],[56,46]],[[182020,124381],[21,132],[20,134],[17,134],[16,141],[14,150],[14,156],[13,161],[13,165],[12,167],[12,167],[13,166],[13,164],[13,160],[14,154],[15,148],[16,140],[16,136],[15,134],[14,133],[14,133],[12,134],[13,135],[12,138],[12,142],[13,145],[12,148],[13,154],[14,157],[14,161],[15,158],[14,156],[15,154],[14,154],[15,154],[14,155],[14,157],[15,158],[14,160],[14,163]],[[92061,130571],[37,-122],[39,-117],[39,-114],[40,-111],[41,-109],[42,-108],[42,-109],[42,-110],[42,-114],[41,-116],[41,-120],[40,-125],[39,-129],[40,-133],[39,-135],[39,-136],[39,-136],[38,-134],[37,-133],[35,-131],[35,-128],[34,-126]],[[92922,127875],[62,6],[63,3],[62,-2],[63,-6],[62,-10],[59,-13],[57,-13],[54,-13],[52,-13],[51,-13],[50,-13],[51,-13],[51,-13],[52,-13],[54,-12],[57,-12],[60,-12],[63,-15],[66,-23],[68,-29],[69,-34],[70,-35],[71,-36],[70,-34],[70,-32],[69,-26],[66,-19],[64,-11],[61,-2],[57,7],[57,11],[56,14],[56,17],[55,18],[55,21],[54,22],[53,22],[54,21],[52,22],[52,19],[52,17],[51,14],[51,10],[51,6],[51,4],[52,1],[53,-1],[52,-2],[54,-2],[53,-2],[55,0]],[[95865,127656],[34,142],[37,141],[37,139],[36,139],[35,140],[32,140],[30,140],[28,140],[24,143],[23,144],[22,145],[22,143],[22,142],[23,140],[24,138],[26,135],[29,133],[30,131],[33,130],[35,130],[37,132],[37,135],[37,138],[36,141],[35,144],[35,146],[35,146],[35,145],[35,142],[36,138],[36,133],[37,127],[37,124],[22,69]],[[96937,132291],[-14,-2],[-189,153],[-146,-537],[-9,-382],[-23,-100],[-14,147],[-173,152],[-3,346],[-112,317],[-179,36],[11,232],[-11,279],[59,616],[70,227],[119,127],[84,245],[-326,853],[-500,779],[-52,-131],[-183,451],[-142,127],[-152,33],[-75,-211],[-199,141],[-245,-72],[-173,-167],[-85,-207],[-129,178],[-76,253],[271,26],[94,768],[79,199],[19,253],[167,363],[-67,253],[-161,292],[-60,-21],[-277,521],[-125,-69],[-245,90],[-124,281],[-150,147],[-30,-395],[-75,-263],[-81,494]],[[93506,140629],[195,33],[-21,173],[-152,-106],[-5,1]],[[182020,124381],[37,-96],[38,-91],[38,-87],[39,-82],[39,-78],[40,-73],[41,-69],[42,-67],[42,-65],[44,-64],[44,-65],[44,-66],[44,-71],[44,-77],[46,-83],[46,-93],[49,-103],[51,-111],[52,-117],[53,-121],[52,-122],[51,-122],[49,-119],[47,-116],[45,-112],[43,-108],[42,-104],[41,-100],[41,-97],[43,-96],[44,-92],[44,-86],[47,-80],[47,-75],[48,-72],[50,-70],[50,-70],[51,-73],[53,-76],[54,-81],[55,-87],[57,-94],[57,-99],[57,-106],[56,-111],[56,-113],[27,-58]],[[184200,120163],[16,19],[49,72],[55,52],[41,103],[47,85],[43,95],[25,134],[38,111],[324,565],[14,21],[46,90],[31,31],[32,21],[31,2],[31,8],[26,46],[31,29],[18,72],[25,54],[36,52],[38,33],[34,67],[37,44],[39,49],[18,44],[86,129],[39,85],[50,62],[5,5],[48,21],[48,62],[45,64],[40,93],[43,80],[40,88],[24,64],[26,47],[30,46],[22,62],[23,70],[19,67],[17,69],[16,75],[64,145],[24,41],[47,90],[39,101],[25,80],[141,322],[352,970],[49,134],[32,31],[28,54],[26,57],[23,64],[29,55],[19,59]],[[163424,124996],[13,-130],[15,-133],[19,-138],[23,-137],[26,-135],[29,-134],[31,-133],[33,-133],[33,-134],[34,-135],[34,-136],[32,-139],[31,-140],[29,-143],[26,-145],[24,-148],[20,-150],[18,-152],[16,-153],[16,-153],[15,-153],[16,-151],[17,-148],[18,-146]],[[163992,121597],[62,-60],[61,-57],[62,-53],[59,-49],[59,-43],[56,-37],[56,-33],[56,-28],[55,-25],[57,-21],[57,-20],[58,-19],[60,-19],[60,-21],[60,-24],[62,-27],[62,-32],[63,-30],[63,-26],[63,-22],[63,-20],[63,-19],[63,-17],[62,-17],[62,-17],[61,-19],[61,-21],[60,-23],[59,-27],[58,-31],[57,-33],[56,-36],[56,-39],[55,-41],[54,-42],[56,-44],[55,-44],[56,-46],[56,-46],[57,-46],[58,-45],[58,-45],[59,-43],[61,-41],[63,-41],[64,-40],[64,-40],[65,-41],[65,-42],[65,-43],[64,-45],[64,-47],[63,-49],[61,-52],[61,-55],[57,-57],[55,-59],[51,-61],[50,-62],[49,-64],[48,-65],[50,-67],[51,-68]],[[167699,119151],[37,77],[37,79],[39,80],[42,81],[43,81],[46,83],[47,87],[47,90],[48,91],[48,92],[49,93],[49,91],[50,89],[50,88],[50,85]],[[168381,120438],[-2,140],[-2,142],[-3,146],[-4,153],[-6,162],[-6,168],[-5,170],[-4,169],[-2,169],[-1,167],[0,166],[3,164],[3,162],[5,160],[6,157],[8,154],[8,151],[9,149],[9,154],[11,159],[11,163],[12,165],[13,167],[13,166],[14,166],[15,164],[15,159],[15,155],[16,149],[17,142],[14,136],[12,134],[9,132],[7,130],[7,130],[5,130],[4,130],[5,132],[5,134],[6,136],[7,140],[9,145],[9,146],[8,144],[6,143],[5,143],[4,143],[3,142],[2,141],[2,139],[2,138],[3,139],[2,140],[2,141],[3,145],[7,146],[8,149],[11,151]],[[80109,133205],[214,-565],[-40,-118],[142,-454],[92,-39],[63,-333],[-63,-663],[-53,-113],[108,-351],[98,-519],[-102,-392],[-111,-33],[107,-650],[-1,-637],[37,-1001],[-55,-408],[115,-242],[-30,-72],[-129,-129],[8,-292]],[[80509,126194],[50,-3],[62,-9],[62,-13],[62,-15],[64,-16],[63,-18],[64,-19],[64,-19],[64,-20],[62,-19],[62,-19],[60,-18],[59,-16],[57,-13],[55,-14],[56,-21],[56,-27],[56,-32],[56,-34],[57,-37],[56,-37],[56,-36],[57,-33],[56,-30],[57,-24],[56,-18],[57,-10],[55,-2],[55,5],[55,9],[54,13],[55,14],[55,16],[57,15],[58,13],[60,10],[61,6],[62,1],[65,-7],[66,-12],[68,-15],[70,-19],[70,-20],[71,-22],[70,-22],[71,-23],[71,-21],[69,-19],[69,-16],[68,-11],[66,-7],[63,-6],[61,-6],[59,-7],[57,-7],[55,-7],[55,-7],[54,-7],[54,-8],[55,-7]],[[84129,125448],[37,144],[40,146],[43,147],[43,147],[43,147],[42,146],[40,142],[37,138],[32,132],[28,125],[26,120],[24,118],[23,119],[22,124],[22,130],[21,138],[21,148],[22,156],[22,165],[23,171],[23,174],[23,175],[24,172],[24,167],[26,163],[26,158],[28,153],[29,147],[29,144],[30,142],[29,142],[30,143],[29,145],[29,146],[28,147],[28,149],[26,151],[26,151],[26,150],[26,148],[25,144],[26,140]],[[81338,136746],[-186,-379],[-184,-144],[106,-480],[31,-704],[-22,-335],[-157,87],[93,387],[-98,-20],[-32,265],[-122,343],[-128,196],[-85,369]],[[102460,126241],[31,327],[-131,929],[-110,-65],[-139,374],[-266,478],[-499,1049],[-223,189],[-231,74],[-220,305],[-139,57],[-102,-666],[-94,-196]],[[100337,129096],[-130,-299],[-14,-99],[-17,-97],[-18,-94],[-21,-90],[-21,-90],[-23,-88],[-21,-90],[41,-448],[-14,-485],[0,-103],[2,-103],[4,-102],[7,-100],[11,-100],[12,-98],[46,-313],[16,-103],[18,-99],[22,-94],[25,-88],[29,-82],[30,-80],[25,-86],[27,-82],[29,-76],[30,-70],[33,-68],[32,-67]],[[100497,125302],[-12,-338]],[[100485,124964],[-36,-63],[-33,-67],[-30,-73],[-25,-84],[-18,-94],[-14,-104],[-11,-108],[24,-459],[-37,-426],[-40,-72],[-35,-78],[-27,-90],[-16,-105],[-7,-118],[-1,-125],[-39,-41],[-34,-52],[-28,-71],[-21,-88],[-18,-96],[-85,-31],[121,-248],[40,-49],[42,-43],[41,-36],[43,-29],[43,-26],[44,-25],[43,-24],[24,91],[25,87],[28,77],[32,64],[36,48],[40,33],[43,25],[99,39],[37,-31],[37,-33],[37,-35],[36,-35],[37,-34],[164,215],[89,-194],[40,-26],[40,-27],[40,-27],[39,-30],[40,-31],[39,-34],[30,86],[33,77],[36,67],[38,60],[39,55],[39,55],[22,98],[24,95],[26,91],[27,89],[27,88],[-15,142],[19,104],[19,104],[19,103],[21,102],[21,102],[21,101],[21,100],[22,101],[21,101],[-1,163],[117,271],[23,98],[24,97],[23,97],[23,98],[23,99],[22,99],[23,99],[22,99],[14,189],[27,86],[28,85],[28,83],[30,82],[29,80],[30,79],[31,79],[30,78],[31,78]],[[88329,129943],[7,-172],[6,-172],[7,-169],[6,-167],[6,-162],[6,-158],[7,-153],[8,-148],[10,-145],[10,-143],[11,-141],[10,-141],[11,-141],[10,-142],[11,-145],[10,-147],[9,-151],[9,-155],[10,-159],[12,-161],[15,-163],[17,-164],[18,-164],[18,-165],[19,-165],[19,-165],[17,-163],[17,-163],[14,-160],[12,-159],[9,-157],[7,-154],[4,-153],[4,-152],[2,-151],[1,-151],[1,-150],[1,-151],[2,-152],[2,-153],[5,-154],[5,-157],[7,-159],[5,-162],[5,-165],[4,-167],[3,-171],[3,-175],[2,-177]],[[88743,122229],[57,-28],[57,-28],[57,-30],[57,-30],[55,-30],[55,-31],[54,-31],[53,-32],[53,-31],[52,-30],[53,-31],[53,-29],[53,-29],[55,-28],[56,-26],[59,-24],[64,-21],[67,-19],[70,-16],[72,-15],[73,-13],[73,-14],[74,-13],[72,-16],[70,-17],[68,-21],[64,-24],[59,-30],[59,-39],[58,-46],[57,-51],[56,-57],[57,-59],[56,-61],[56,-60],[57,-59],[58,-55],[58,-50],[59,-45],[60,-37],[61,-30],[61,-24],[61,-21],[61,-17],[61,-17],[62,-16],[63,-16],[62,-19],[63,-21],[63,-23],[63,-27],[62,-31],[62,-34],[60,-40],[57,-43],[55,-45],[54,-48]],[[92170,120451],[6,166],[7,163],[7,160],[9,157],[9,153],[11,151],[11,154],[13,158],[15,162],[17,167],[17,171],[20,175],[20,176],[21,177],[22,175],[21,172],[20,168],[18,160],[17,152],[18,147],[17,144],[18,140],[18,138],[18,136],[18,135],[17,135],[18,136],[17,139],[16,141],[16,145],[15,149],[15,149],[14,149],[14,148],[13,149],[14,150],[15,153],[14,154],[16,156],[16,158],[16,159],[17,160],[16,158],[17,156],[16,157],[17,157],[17,155],[18,154]],[[95865,127656],[9,-162],[10,-160],[10,-158],[13,-156],[15,-152],[18,-150],[22,-148],[26,-147],[29,-147],[32,-147],[34,-148],[36,-147],[37,-147],[38,-147],[36,-147],[35,-146],[34,-146],[31,-145],[28,-145],[25,-142],[21,-136],[19,-133],[18,-131],[18,-129],[17,-130],[18,-131],[19,-132],[20,-136],[22,-138],[23,-142],[25,-145],[25,-149],[23,-153],[20,-159],[16,-161],[14,-164],[12,-167],[9,-168],[7,-169],[6,-169],[6,-168],[6,-166]],[[96747,121393],[57,-6],[56,-8],[54,-11],[55,-14],[53,-20],[54,-17],[53,-10],[54,-5],[53,0],[54,3],[54,5],[54,5],[53,4],[54,2],[53,-2],[52,-7],[52,-14],[51,-21],[50,-23],[49,-25],[49,-27],[49,-27],[50,-29],[49,-28],[51,-27],[51,-26],[53,-24],[54,-21],[56,-19],[58,-15],[62,-13],[66,-11],[68,-8],[70,-6],[71,-4],[72,-2],[71,-2],[71,-1],[70,-2],[68,-2],[66,-3],[63,-5],[62,-11],[61,-18]],[[99273,120898],[32,123],[33,118],[34,112],[34,107],[32,106],[32,107],[31,107],[29,111],[29,115],[27,118],[27,123],[27,128],[27,131],[29,134],[32,135],[34,136],[37,136],[39,139],[42,140],[42,142],[44,145],[44,147],[45,147],[44,148],[45,148],[45,147],[45,146],[45,144],[45,140],[44,137],[45,132],[44,126],[35,93]],[[100492,125166],[5,136]],[[100337,129096],[86,307],[74,557],[-42,214],[-372,209],[-199,78],[-262,51],[-104,-392],[-85,176],[-20,43],[-118,122],[-203,23],[-210,-57],[-52,-217],[48,-227],[-13,-180],[0,196],[-82,106],[-260,170],[-262,134],[-292,139],[-97,-139],[-52,-289],[-33,-565],[-71,-152],[75,325],[14,534],[-19,431],[-107,338],[-150,229],[-50,-142],[-70,330],[-259,620],[-132,237],[-81,-14]],[[242553,109979],[6,66],[14,143],[13,139],[12,136],[11,134],[11,135],[9,135],[10,137],[9,139],[9,140],[10,143],[11,144],[12,147],[14,150],[16,152],[18,152],[20,152],[22,150],[21,150],[21,148],[19,146],[18,145],[17,143],[14,142],[13,143],[11,143],[9,146],[8,149],[6,153],[5,156],[5,161],[6,165],[5,169],[7,171],[8,173],[8,173],[10,172],[10,168],[12,162],[12,157],[9,156],[8,155],[5,155],[4,154],[2,153],[2,152],[1,151],[3,151],[4,150],[6,151],[10,151],[14,151],[19,147],[22,138],[26,132],[28,125],[29,122],[30,120],[31,119],[29,119],[28,123],[25,126],[23,132],[19,138],[15,146],[11,153],[8,157],[5,162],[4,166],[1,170],[1,172],[1,174],[2,174],[3,174],[5,172],[8,168]],[[242438,124003],[-405,-275],[-297,-100],[-195,-354],[-30,-412],[35,-253],[-70,-67],[-128,90],[1,-676],[-209,-1246],[-106,135],[-97,-55],[-309,398],[-376,-67],[-227,544],[-9,312],[-23,-87],[21,87],[-71,-196],[-54,-34],[-43,3],[-40,-57],[-51,-36],[4,-273],[-28,-65],[-26,-67],[-10,-95],[-19,-80],[-39,-31],[-32,-72],[-29,-70],[-32,-70],[-20,-85],[-13,-95],[-1,-98],[5,-98],[-113,-534],[10,-80],[0,-3],[21,-155],[12,-79],[-107,-356],[0,-117],[13,-110],[30,-86],[21,-103],[-7,-657],[34,-75],[40,-49],[40,-49],[42,-39],[5,-77],[12,-75],[14,-72],[21,-60],[-2,-90],[-7,-90],[-9,-85],[-3,-93],[9,-85],[3,-91],[6,-90],[13,-82],[-73,-166],[4,-118],[7,-52],[17,-291],[205,-333],[-103,-95],[24,-346],[44,5],[28,-21],[35,18],[35,13],[99,-90],[24,-49],[34,-21],[28,-43],[33,-18],[35,-16],[167,-583],[41,-77],[44,-57],[-6,-88],[7,-82],[19,-72],[13,-80],[-11,-116],[-18,-111],[7,-98],[-7,-137],[-97,-271],[11,-116],[16,-111],[105,-106],[12,-82],[1,-5],[33,-238],[-28,-278],[52,-521],[19,-119],[36,-93],[20,-544],[-18,-121],[-16,-122],[21,-121],[27,-113],[61,20],[58,55],[47,98],[43,108],[95,-75],[38,-377],[31,86],[29,54],[30,67],[19,95],[40,8],[34,44],[34,36],[35,39],[-46,-62],[-10,-26],[-27,-70],[-40,-74],[-50,-42],[32,-36],[33,-39],[31,-41],[31,-44],[34,-25],[34,12],[31,42],[35,18],[54,57],[22,49],[125,170],[32,-11],[22,16],[21,2],[20,-10],[32,16],[26,-60],[32,-28],[9,-10],[51,-73],[50,75],[27,23],[42,47],[32,77],[6,-95],[20,-80],[13,-90],[21,-75],[-5,-83],[4,-82],[3,-85],[-8,-80],[5,-86],[-5,-79],[10,-83],[7,-77],[-17,-400],[32,-49],[39,-8],[22,52],[25,49],[28,33],[32,23],[23,55],[21,59],[17,67],[11,80],[43,5],[41,28],[38,55],[37,56],[138,-201],[48,-67],[80,28],[6,7]],[[238253,110875],[28,-124],[40,-92],[19,-31],[57,-165],[33,54],[36,33],[27,72],[21,88],[32,-77],[34,-65],[48,-13],[42,26],[99,16],[20,142],[-6,147],[79,345],[-43,196],[-13,88],[-27,82],[-26,52],[-13,13],[-74,119],[-43,10],[-2,-3],[-293,67],[-64,-487],[-11,-493]],[[238594,126181],[14,-92],[11,-91],[27,-72],[18,-85],[49,-47],[50,-41],[-4,-356],[119,65],[26,98],[19,103],[5,98],[19,121],[-4,263],[-188,400],[-39,-90],[-47,-72],[-32,-109],[-43,-93]],[[172736,127936],[9,-154],[8,-154],[9,-153],[7,-153],[6,-154],[5,-153],[6,-155],[6,-157],[8,-158],[9,-159],[9,-159],[10,-160],[10,-160],[10,-159],[10,-158],[9,-156],[10,-154],[7,-152],[5,-151],[2,-150],[1,-150],[-2,-149],[-3,-150],[-4,-149],[-4,-149],[-4,-149],[-3,-150],[-2,-150],[1,-152],[3,-154],[2,-160],[0,-164],[0,-169],[-1,-173],[-1,-177],[-1,-180],[-1,-182],[0,-183],[0,-183],[0,-181],[1,-178],[1,-175],[5,-174],[7,-173],[10,-174],[11,-174]],[[172907,120525],[60,-46],[60,-49],[61,-52],[62,-51],[63,-48],[63,-44],[62,-41],[62,-38],[60,-36],[59,-33],[57,-33],[56,-32],[55,-33],[54,-36],[53,-39],[53,-45],[51,-47],[50,-47],[48,-48],[46,-50],[46,-51],[45,-53],[46,-54],[46,-55],[48,-55],[51,-56],[53,-56],[57,-54],[60,-56],[63,-59],[64,-63],[67,-66],[68,-69],[68,-72],[69,-72],[69,-73],[69,-72],[70,-70],[69,-67],[69,-61],[69,-53],[71,-49],[71,-45],[72,-42],[72,-40],[71,-39],[70,-37]],[[175735,118138],[50,150],[51,148],[53,146],[53,143],[53,140],[51,135],[50,131],[47,126],[43,120],[39,113],[34,106],[31,98],[28,94],[27,89],[25,88],[26,87],[28,88],[29,90],[32,94],[35,98],[37,103],[38,109],[41,114],[40,118],[39,121],[36,122],[33,120],[30,117],[28,116],[25,113],[23,113],[22,113],[22,115],[22,119],[24,124],[24,129],[25,134],[27,138],[30,141],[31,144],[31,145],[32,146],[32,144],[33,143],[32,140],[33,138],[32,135],[32,132],[32,131],[32,129],[31,129],[31,130],[31,131],[31,132],[33,133],[35,132],[36,130],[37,129],[38,128]],[[84129,125448],[9,-144],[11,-138],[13,-132],[17,-127],[17,-121],[18,-118],[18,-115],[18,-114],[19,-113],[19,-112],[20,-114],[20,-115],[21,-118],[22,-123],[22,-128],[23,-134],[24,-140],[25,-145],[25,-151],[26,-155],[27,-159],[27,-160],[28,-160],[28,-161],[28,-160],[28,-159],[28,-158],[29,-156],[28,-155],[29,-154],[28,-154],[27,-154],[26,-154],[26,-157],[24,-159]],[[84927,120531],[67,-46],[65,-47],[63,-49],[60,-49],[57,-46],[56,-41],[55,-37],[54,-33],[54,-30],[54,-28],[54,-27],[54,-27],[56,-27],[56,-30],[57,-34],[59,-39],[59,-46],[60,-53],[60,-58],[59,-63],[60,-66],[59,-68],[60,-70],[59,-68],[58,-66],[59,-63],[59,-57],[58,-49],[59,-41],[59,-32],[59,-30],[60,-28],[61,-26],[60,-25],[61,-24],[61,-24],[60,-22],[61,-23],[60,-23],[60,-24],[59,-24],[59,-25],[60,-24],[61,-22],[62,-21],[63,-20]],[[87643,118756],[46,130],[47,134],[47,133],[46,134],[46,132],[44,132],[43,131],[42,130],[41,129],[39,129],[39,127],[39,127],[39,127],[40,130],[39,131],[41,135],[41,137],[42,138],[42,139],[43,140],[44,142],[43,141],[43,140],[42,137],[42,135],[40,133]],[[92170,120451],[34,-166],[32,-164],[31,-162],[31,-159],[29,-157],[29,-153],[29,-151],[28,-149],[29,-145],[28,-142],[29,-138]],[[92499,118765],[51,-17],[56,-16],[59,-14],[61,-8],[60,-1],[61,4],[60,8],[60,11],[59,11],[60,10],[58,8],[59,4],[57,0],[57,-6],[56,-12],[56,-17],[56,-17],[56,-19],[57,-19],[57,-19],[56,-19],[57,-19],[57,-18],[58,-18],[57,-17],[56,-17],[57,-15],[56,-15],[56,-18],[56,-19],[57,-19],[56,-20],[57,-19],[57,-19],[57,-17],[58,-17],[59,-15],[59,-15],[59,-16],[60,-17],[60,-18],[60,-18],[61,-19],[61,-20],[62,-22],[62,-23],[61,-25],[62,-26],[62,-29],[61,-29],[60,-32],[59,-33],[58,-35],[57,-35]],[[95646,117943],[28,109],[27,110],[29,111],[29,113],[32,114],[33,117],[35,118],[37,121],[40,122],[41,124],[43,124],[43,121],[43,119],[43,117],[43,116],[43,115],[43,115],[44,117],[43,119],[44,122],[42,126],[42,129],[42,133],[41,137],[41,141],[42,144],[43,147],[45,149]],[[168381,120438],[65,-33],[65,-34],[63,-35],[62,-39],[61,-42],[59,-44],[59,-45],[59,-47],[60,-49],[60,-52],[61,-54],[61,-56],[62,-58],[62,-59],[63,-58],[62,-56],[62,-54],[62,-53],[64,-59],[66,-64],[68,-67],[68,-70],[69,-71],[69,-71],[69,-69],[68,-67],[67,-62],[66,-57],[63,-51],[62,-43],[60,-40],[59,-38],[59,-39],[58,-38],[58,-40],[57,-41],[56,-43],[56,-45],[55,-47],[56,-50],[55,-51],[56,-52],[57,-52],[55,-52],[54,-50],[53,-51],[52,-52],[52,-54],[51,-55],[52,-58],[52,-59],[53,-61],[53,-63],[54,-64]],[[171611,117624],[44,94],[44,96],[44,98],[45,100],[45,101],[47,101],[48,101],[50,101],[51,100],[53,100],[53,100],[53,99],[54,100],[52,100],[51,101],[48,102],[46,102],[44,101],[43,98],[41,96],[40,95],[39,95],[38,97],[37,98],[37,100],[37,103],[37,106],[37,107],[38,109]],[[79677,123058],[5,-17],[43,-123],[44,-124],[47,-126],[48,-127],[51,-128],[52,-128],[52,-128],[53,-129],[50,-129],[50,-130],[48,-128],[46,-127],[44,-124],[41,-123],[39,-125],[36,-127],[34,-129],[32,-131],[31,-132],[30,-133],[30,-133],[30,-133],[30,-132],[31,-130],[32,-128],[34,-124],[36,-121],[37,-116],[40,-110],[42,-107],[43,-108],[45,-108],[46,-108],[47,-107],[48,-107],[47,-106],[47,-104],[47,-103],[45,-102],[45,-102],[43,-103],[41,-105],[39,-108],[36,-112],[35,-117],[34,-121],[34,-126],[34,-130],[33,-135],[32,-134],[32,-133],[32,-133],[33,-133],[35,-131],[36,-131],[37,-130],[39,-131],[39,-130],[39,-131],[39,-132],[38,-133],[38,-136]],[[82153,115426],[58,18],[58,14],[58,9],[59,2],[59,-5],[59,-11],[59,-16],[60,-19],[59,-20],[60,-21],[60,-19],[60,-17],[60,-15],[60,-11],[59,-4],[60,2],[56,10],[54,14],[50,18],[48,22],[47,23],[46,24],[47,23],[46,23]],[[83495,115470],[24,150],[24,147],[26,140],[28,133],[30,125],[33,119],[35,112],[37,108],[37,106],[38,107],[38,109],[38,113],[38,117],[37,122],[37,127],[37,130],[37,131],[35,133],[35,133],[34,132],[34,131],[33,129],[32,127],[33,126],[32,124],[32,123],[32,123],[32,123],[33,123],[34,123],[34,123],[36,123],[37,122],[37,119],[37,116],[39,115],[39,116],[41,116],[42,119],[42,122],[43,124]],[[80509,126194],[1,-28],[241,-451],[-44,-390],[-92,-155],[-52,-314],[-81,-225],[-43,-237],[-113,-253],[0,-392],[-143,-328],[55,-260],[-134,-103],[-42,201],[-100,-57],[-13,-302],[-272,158]],[[154216,126273],[18,-27],[38,-31],[37,-28],[34,-16],[31,-13],[35,-13],[33,-10],[18,-80],[19,-70],[52,-38],[53,2],[8,91],[7,95],[-1,95],[-11,88],[42,54],[26,-59],[18,-16],[70,-121],[35,-237],[13,-85],[-58,-248],[0,-118],[-11,-114],[11,-116],[10,-108],[251,-591],[2,-101],[6,-28],[7,-134],[-2,-44],[11,-101],[-24,-100],[-23,-106],[-9,-111],[-11,-116],[-19,-291],[0,-6],[-19,-141],[-3,-150],[-7,-144],[-4,-117],[-18,-327],[-23,-134],[-18,-134],[16,-142],[-5,-150],[30,-402],[-58,-183],[-3,-6],[-24,-49],[-6,-46],[-68,-212],[-11,-108],[-20,-72],[-2,-98],[-8,-96],[-37,-110],[-32,-119],[-28,-124],[-35,-113],[-42,-305],[127,-15],[25,-124],[39,-98],[36,31],[38,33],[28,37],[44,43],[19,-118],[19,-121],[-52,74],[-56,65],[-30,-34],[-27,-49],[-16,-64],[-20,-65],[44,-340],[-79,-263],[-76,-67],[-18,-8],[-43,-44],[-47,-36],[9,-108],[1,-28]],[[154472,118640],[44,1],[65,1],[69,2],[71,1],[73,0],[74,1],[76,0],[76,-1],[77,0],[77,-1],[77,-1],[76,-1],[74,-2],[73,-2],[69,-3],[66,-4],[64,-4],[63,-5],[61,-6],[61,-5],[60,-6],[61,-5],[62,-5],[64,-3],[66,-3],[69,-1],[70,-1],[70,-1],[72,-1],[71,0],[70,1],[70,2],[68,1],[66,1],[64,2],[61,1],[59,1],[55,1],[54,2],[53,4],[51,4],[51,4],[50,5],[50,5],[49,4],[50,4],[49,4],[50,2],[51,1],[51,0],[53,-7],[53,-11],[55,-14],[55,-18],[56,-19],[57,-19],[58,-19],[58,-17],[58,-14],[59,-11],[59,-5],[59,1],[59,5],[61,6],[60,9],[60,12],[59,15],[58,16],[58,18]],[[158740,118562],[21,149],[19,148],[20,147],[20,146],[21,144],[20,144],[19,144],[17,145],[17,145],[16,145],[15,145],[16,146],[16,145],[16,145],[17,146],[17,145],[19,145],[20,145],[24,143],[27,141],[30,139],[31,138],[33,139],[32,140],[32,141],[30,145],[27,147],[25,150]],[[153733,124567],[52,-39],[5,-3],[151,-98],[27,65],[26,67],[13,93],[19,87],[13,93],[10,91],[6,56],[27,114],[32,54],[24,65],[10,90],[19,75],[-26,229],[-199,23],[-61,-270],[-19,-140],[-14,-49],[-11,-103],[-13,-98],[-36,26],[-39,-10],[-10,-106],[0,-119],[-6,-193]],[[242553,109979],[42,48],[40,90],[49,39],[46,59],[43,75],[40,82],[40,80],[38,93],[-61,165],[75,204],[123,-186],[47,-124],[18,-77],[36,-80],[37,-90],[56,46],[47,93],[133,-5],[10,-588],[69,-39],[335,276],[41,-54],[14,-5],[118,-132],[186,-90],[21,-132],[9,-103],[15,-49],[29,-170],[3,-121],[-4,-62],[8,-90],[0,-6],[11,-438],[-21,-124],[-2,-137],[88,-85],[298,408],[447,441],[30,28],[28,36],[28,39],[32,18],[24,49],[23,57],[20,51],[32,44],[55,-2],[54,56],[31,104],[31,113],[18,124],[7,134],[28,108],[11,129],[22,122],[20,118],[85,78],[-132,454],[50,-13],[47,-42],[49,16],[46,49],[18,83],[11,90],[3,95],[10,91],[7,90],[9,93],[-11,92],[0,96],[33,36],[35,31],[31,54],[30,47],[12,82],[-2,41],[17,204],[19,147],[9,155],[-88,36],[-5,0],[-89,41],[-7,106],[-20,101],[88,160],[4,245],[-89,327],[0,5],[-33,114],[54,49],[54,5],[48,70],[42,87],[-6,135],[-10,139],[51,54],[8,21],[130,175],[33,106],[18,124],[44,20],[46,18],[41,36],[42,57],[31,106],[31,106],[0,10],[174,616],[33,-31],[31,-43],[33,-26],[34,-13],[43,103],[34,124],[14,144],[16,145],[13,454],[-88,82],[-49,266],[83,503],[-20,103],[-28,90],[12,127],[14,124],[5,131],[3,127],[32,103],[17,124],[9,72],[31,162],[26,109],[23,51],[5,19]],[[245441,109480],[4,-90],[15,-86],[20,-59],[13,-95],[35,-514],[43,85],[43,78],[17,49],[63,131],[-6,354],[-21,464],[2,41],[-4,91],[-9,82],[12,103],[-4,104],[3,100],[-7,103],[-34,-46],[-37,-31],[-21,-77],[-30,-70],[-14,-88],[-1,-20],[-54,-413],[-4,-8],[-18,-88],[-6,-100]],[[158740,118562],[25,-129],[26,-130],[29,-131],[31,-131],[32,-132],[32,-133],[32,-132],[31,-132],[29,-131],[28,-131],[27,-131],[27,-129],[28,-128],[28,-128],[28,-127],[29,-126],[30,-126],[32,-126],[32,-126]],[[159296,116103],[61,8],[62,10],[62,9],[63,8],[62,4],[63,0],[62,-6],[63,-12],[60,-22],[56,-30],[54,-37],[51,-43],[49,-47],[49,-49],[48,-50],[48,-49],[51,-48],[52,-43],[55,-37],[58,-31],[62,-23],[61,-18],[62,-14],[61,-10],[61,-9],[60,-7],[61,-6],[60,-7],[60,-9],[61,-11],[59,-15],[60,-19],[60,-24],[61,-31],[60,-35],[62,-39],[61,-41],[61,-43],[61,-43],[61,-42],[61,-39],[60,-36],[60,-32],[59,-25],[59,-19],[60,-8],[61,1],[62,8],[63,13],[63,16],[64,16],[65,16],[64,12],[66,8],[65,2],[65,-7],[64,-16],[66,-22],[68,-26]],[[162835,115054],[27,123],[28,123],[29,123],[29,123],[29,126],[28,128],[29,127],[28,127],[28,129],[28,131],[29,133],[29,136],[29,138],[29,140],[30,141],[29,143],[30,144],[30,143],[29,140],[29,132],[28,124],[27,118],[25,113],[25,110],[24,107],[23,107],[22,109],[21,112],[21,117],[20,124],[20,132],[18,139],[15,143],[11,146],[8,147],[8,147],[7,146],[8,143],[9,140],[11,137],[12,134],[16,131],[17,130],[20,130],[23,132],[25,133],[27,135],[29,135],[30,136],[31,136]],[[180099,114676],[45,-117],[45,-120],[44,-123],[44,-126],[44,-127],[43,-128],[44,-128],[44,-124],[45,-120],[45,-115],[47,-107],[46,-105],[46,-101],[46,-99],[46,-99],[46,-98],[45,-99],[46,-101],[47,-102],[46,-103],[47,-105],[47,-106],[47,-107],[47,-106],[13,-29]],[[181204,111981],[132,287],[12,129],[-2,137],[79,72],[-22,299],[247,297],[95,-36],[37,33],[30,54],[24,80],[25,70],[16,93],[22,77],[22,78],[19,85],[29,59],[15,72],[54,163],[28,88],[6,51],[89,384],[10,21],[25,93],[13,98],[195,782],[434,1253],[23,52],[28,98],[109,211],[346,968],[40,95],[10,39],[235,634],[17,90],[26,80],[30,67],[33,52],[28,75],[23,77],[30,65],[37,41],[37,36],[34,34],[33,54],[28,64],[57,152],[13,26],[7,31],[103,279],[35,43]],[[180154,122498],[3,-170],[2,-173],[2,-173],[1,-174],[0,-174],[-1,-173],[-2,-170],[-4,-167],[-6,-164],[-6,-164],[-7,-162],[-7,-163],[-7,-162],[-8,-162],[-8,-162],[-7,-163],[-8,-164],[-7,-165],[-7,-166],[-5,-168],[-6,-169],[-8,-168],[-7,-168],[-9,-166],[-9,-166],[-9,-165],[-8,-164],[-8,-162],[-6,-161],[-6,-160],[-3,-157],[-2,-156],[1,-154],[3,-150],[6,-148],[9,-146],[10,-143],[10,-143],[12,-143],[11,-142],[11,-144],[10,-145],[9,-147],[6,-149],[5,-153],[2,-154],[2,-153],[0,-154],[1,-153]],[[175735,118138],[24,-146],[25,-143],[26,-141],[26,-138],[29,-135],[31,-134],[32,-139],[32,-143],[33,-147],[32,-152],[32,-155],[33,-158],[32,-161],[32,-160],[32,-160],[31,-158],[31,-156],[30,-153],[29,-150],[28,-148],[29,-147],[28,-146],[29,-147],[29,-146],[30,-147],[30,-147],[31,-148],[31,-149]],[[176572,113984],[68,31],[67,32],[64,33],[63,32],[59,30],[57,26],[55,26],[53,29],[53,31],[53,34],[53,35],[52,36],[52,37],[52,37],[52,35],[53,35],[52,33],[52,31],[52,27],[50,21],[50,16],[49,11],[49,8],[48,6],[49,4],[50,4],[50,4],[52,6],[53,8],[56,11],[58,16],[61,15],[62,15],[63,14],[65,12],[65,10],[66,9],[66,5],[66,4],[67,0],[66,-2],[66,-6],[65,-9],[66,-7],[68,-4],[68,-3],[68,-2],[70,-1],[69,-3],[70,-3],[69,-5],[69,-6],[69,-9],[67,-12],[66,-13],[65,-12],[64,-10],[62,-7],[63,-3]],[[162835,115054],[29,-123],[29,-121],[28,-121],[29,-120],[28,-119],[28,-120],[28,-121],[28,-124],[29,-128],[29,-132],[29,-138],[29,-142],[29,-146],[30,-151],[29,-154],[30,-156],[29,-158],[30,-159],[30,-157],[30,-154],[31,-149],[30,-144]],[[163476,112017],[65,2],[65,0],[67,-4],[66,-6],[67,-8],[67,-8],[66,-10],[67,-9],[66,-9],[65,-6],[65,-5],[64,-2],[62,2],[59,9],[56,15],[52,21],[50,24],[48,24],[48,24],[47,22],[49,18],[49,14],[52,8],[54,1],[58,-7],[60,-17],[61,-24],[62,-30],[64,-34],[63,-38],[64,-39],[64,-39],[63,-37],[63,-35],[62,-30],[60,-24],[59,-16],[60,-14],[63,-14],[65,-14],[67,-14],[68,-13],[68,-13],[69,-11],[68,-10],[68,-8],[66,-6],[65,-3],[62,0],[61,6],[60,16],[60,24],[59,31],[59,35],[59,38],[59,39],[59,40],[58,37],[59,35]],[[167077,111945],[4,165],[2,168],[1,169],[0,172],[-1,173],[-1,174],[1,174],[2,173],[5,170],[8,168],[12,164],[15,160],[18,157],[20,155],[21,153],[22,153],[23,151],[23,152],[23,151],[24,153],[23,152],[23,154],[22,153],[21,153],[20,151],[19,149],[19,147],[19,144],[18,142],[18,139],[18,137],[18,136],[18,135],[18,135],[17,137],[18,138],[17,142],[15,142],[14,144],[12,146],[10,149],[8,150],[5,153],[4,154],[3,156],[1,156],[2,157]],[[171611,117624],[2,-170],[1,-165],[2,-157],[1,-148],[1,-138],[0,-131],[1,-126],[1,-122],[0,-120],[1,-120],[2,-121],[1,-125],[3,-130],[2,-138],[4,-145],[5,-151],[7,-150],[9,-151],[10,-150],[11,-150],[12,-150],[11,-150],[12,-150],[10,-150],[9,-151],[8,-150],[5,-151],[2,-152],[-1,-155],[-4,-156],[-5,-159],[-7,-159],[-9,-161],[-8,-162],[-8,-161],[-8,-162],[-6,-161],[-5,-161],[-2,-161],[1,-161],[4,-166],[7,-173],[9,-176],[9,-179],[11,-182],[11,-183],[10,-183]],[[171743,110451],[57,-78],[56,-84],[55,-87],[53,-90],[52,-92],[50,-92],[49,-93],[48,-93],[47,-92],[48,-91],[49,-90],[49,-89],[49,-85],[50,-82],[52,-79],[54,-78],[56,-77],[59,-76],[60,-74],[62,-72],[63,-70],[64,-67],[65,-65],[65,-63],[65,-61],[64,-58],[62,-58],[60,-56],[56,-56],[55,-56],[54,-58],[54,-58],[53,-59],[54,-60],[53,-61],[54,-61]],[[173739,107790],[51,68],[51,67],[50,67],[50,68],[50,67],[51,68],[50,69],[49,69],[48,69],[47,69],[46,70],[46,69],[45,69],[46,69],[47,67],[47,66],[47,64],[48,62],[49,61],[49,57],[50,58],[52,60],[54,62],[57,63],[59,65],[61,65],[62,65],[63,66],[63,64],[62,64],[61,61],[58,60],[57,58],[54,58],[53,59],[51,59],[52,59],[51,58],[52,58],[52,57],[54,55],[54,55],[56,54],[57,53]],[[176051,110561],[18,120],[18,122],[19,122],[19,124],[20,126],[21,127],[21,130],[22,132],[22,132],[22,129],[20,127],[21,128],[20,128],[20,129],[21,132],[21,134],[21,138],[22,142],[22,146],[22,152],[22,157],[23,161],[22,161],[21,161],[21,163]],[[231978,115867],[68,-210],[7,-139],[28,-121],[33,-101],[27,-123],[-27,-117],[-13,-129],[11,-123],[22,-122],[35,-41],[23,-20],[24,-24],[22,-31],[37,-31],[-11,-123],[11,-124],[65,-279],[4,-31],[4,-124],[24,-100],[34,-83],[23,-62],[30,-134],[59,-320],[2,-43],[27,-116],[-27,-111],[-21,-119],[52,-235],[2,-46],[15,-101],[26,-90],[23,-88],[22,-90],[24,-85],[68,-235],[54,-93],[31,-111],[55,-51],[50,-78],[14,-105],[14,-111],[30,-88],[21,-103],[20,-96],[13,-100],[33,-75],[20,-90],[24,-88],[18,-44],[29,-106],[4,-18],[25,-90],[499,-854],[69,-446],[0,-77],[2,-78],[-4,-80],[9,-77],[40,-88],[44,-67],[2,-2],[247,-454],[27,-73],[14,-59],[22,-64],[21,-67],[24,-60],[26,-51],[28,-52],[22,-59],[115,-147],[40,-75],[58,-52],[21,-62],[26,-46],[14,-26],[32,-72],[3,-8],[24,-51],[23,-60],[25,-49],[24,-51],[42,-83],[47,-46],[39,-26],[12,-8],[44,-62],[27,-80],[39,-51],[24,-88],[15,-101],[42,-20],[38,-36],[38,-49],[35,-60],[-11,-167],[18,-70],[25,-59],[20,-70],[15,-80],[23,-64],[27,-47],[26,-51],[27,-57],[27,-62],[19,-16],[77,-128],[35,-227],[23,-65],[23,-59],[30,-39],[28,-57],[6,-7],[35,-75],[10,-23],[7,-13],[46,-96],[8,-95],[10,-91],[58,-12],[59,7],[5,137],[-16,132],[-130,539],[72,152],[146,-261],[280,-371],[71,219],[17,119],[1,87],[24,276],[54,-18],[248,-750],[37,-16],[35,-23],[40,-18],[38,18],[13,98],[25,80],[-6,101],[11,98],[18,147],[12,149],[-3,155],[-23,142],[15,537],[22,79],[22,117],[9,126],[9,126],[-11,124],[-4,129],[-9,124],[5,129],[-2,126],[0,127],[5,118],[-2,129],[-17,96],[-12,98],[-18,95],[-27,80],[8,155],[-1,157],[42,279],[20,64],[14,96],[24,72],[4,98],[3,98],[-13,113],[-28,99],[-38,64],[-35,77],[16,80],[22,75],[16,78],[20,77],[-3,90],[2,93],[12,85],[11,90],[30,44],[27,60],[15,36],[41,75],[4,87],[-9,83],[2,87],[14,80],[-11,80],[-9,80],[-22,73],[-8,80],[-117,36],[-75,201],[11,93],[-1,98],[-13,87],[-11,93],[-42,47],[-44,13],[-21,131],[-35,106],[14,75],[5,87],[1,83],[-6,85],[-362,116],[-71,-70],[-45,78],[-49,75],[-54,10],[-52,46],[-8,444],[-86,183],[-48,-38],[-47,-37],[-113,650],[-4,119],[-11,119],[-28,95],[-22,103],[-4,276],[8,101],[-10,124],[-61,596],[-35,-13],[-35,-34],[-37,-10],[-33,-39],[-220,214],[-52,-46],[-47,-78],[-38,55],[-40,59],[-40,41],[-41,41],[-156,372],[-23,57],[-22,116],[-35,95],[14,72],[13,75],[14,72],[11,78],[12,75],[11,77],[10,75],[8,80],[-37,10],[-34,-33],[81,278],[-24,157],[24,142],[103,147],[10,8],[38,59],[103,11],[-28,552],[-43,157],[-32,83],[-29,87],[-36,67],[-34,75],[-43,39],[-41,46],[-44,31],[-37,65],[-34,-5],[-29,-31],[-32,-24],[-33,-2],[-28,-44],[-28,-39],[-29,-33],[-32,-26],[-17,250],[-31,114],[-46,69],[-31,109],[-42,77],[-36,15],[-35,-5],[-32,52],[-34,31],[-36,18],[-36,-16],[-35,-28],[-33,-44],[-109,147],[-34,111],[-44,85],[-35,109],[-45,82],[-32,433],[0,11],[11,-85],[16,-101],[33,-113],[8,-39],[7,-16],[37,-134],[114,0],[15,73],[9,74],[-3,80],[3,78],[-14,152],[-3,155],[-86,196]],[[233839,119336],[26,-73],[33,-56],[37,-29],[35,-38],[251,36],[38,-65],[22,-77],[35,-28],[35,-60],[20,114],[15,116],[-240,467],[-41,-6],[-44,-30],[-91,283],[-35,-240],[-3,-10],[-11,-85],[-41,-108],[-41,-111]],[[235397,119818],[70,-193],[117,118],[1,-111],[8,-111],[3,-108],[16,-106],[99,-51],[53,222],[1,87],[3,85],[-9,88],[-3,85],[-215,237],[-144,-242]],[[236176,113060],[4,-41],[-3,-119],[139,-124],[33,-7],[34,10],[33,-13],[29,-39],[28,42],[33,25],[32,11],[34,20],[39,-36],[36,-59],[42,-23],[43,-3],[5,-121],[6,-124],[4,-121],[14,-119],[22,-70],[22,-61],[23,-62],[32,-39],[-32,-129],[-7,-147],[74,-420],[46,-26],[46,-16],[35,-49],[40,-41],[34,-54],[40,-23],[40,-26],[34,-60],[27,-7],[49,-52],[52,-196],[1,-2],[18,-73],[38,-7],[40,-11],[30,36],[46,6],[-15,92],[-20,91],[-26,69],[-22,85],[37,364],[6,23],[11,137],[25,70],[29,59],[14,88],[13,87],[-357,209],[-20,67],[-9,73],[-24,49],[-20,56],[-5,101],[-13,93],[-11,93],[-14,93],[-9,56],[-37,315],[16,139],[-5,142],[-85,317],[-1,13],[-30,109],[2,113],[-7,111],[-135,186],[-34,-5],[-34,-16],[-32,-31],[-33,-26],[32,-260],[-88,-134],[-35,358],[-53,-18],[-12,5],[-13,-13],[-51,-15],[-49,-85],[-46,-103],[21,-385],[-52,-25],[-51,-49],[-37,-101],[-47,-70],[-6,-77],[-3,-80]],[[247784,111391],[25,-54],[26,-49],[25,-49],[28,-36],[-8,-106],[-7,-106],[-7,-103],[-2,-108],[-40,-39],[-36,-44],[139,-1037],[32,13],[32,-10],[29,33],[33,8],[25,49],[24,31],[66,47],[75,136],[165,-131],[-11,-207],[-6,-38],[-15,-124],[4,-129],[19,-150],[25,-144],[28,-137],[36,-124],[13,-263],[-3,-20],[1,-96],[-2,-98],[7,-95],[10,-91],[9,-95],[-25,-126],[-13,-134],[-7,-145],[14,-134],[-84,-413],[10,-142],[18,-136],[-123,-668],[-14,-88],[-7,-93],[-6,-93],[5,-93],[18,-95],[1,-106],[33,-62],[19,-95],[41,-101],[30,-36],[108,-209],[133,-28],[30,57],[30,51],[23,72],[10,91],[160,-62],[51,23],[46,46],[30,60],[62,59],[51,377],[-27,105],[-9,124],[-33,88],[-30,93],[19,312],[19,137],[0,157],[64,93],[14,108],[13,111],[14,108],[8,114],[-35,116],[12,80],[6,90],[13,85],[5,93],[-4,88],[0,93],[4,93],[9,87],[-13,88],[-6,90],[-3,90],[-4,91],[-9,90],[-16,83],[-20,74],[-17,80],[56,305],[6,28],[19,114],[2,98],[5,95],[-3,98],[3,98],[-14,93],[-13,90],[-9,96],[-16,90],[20,113],[4,129],[-27,65],[-15,23],[-75,147],[-2,119],[-13,116],[-9,121],[-22,106],[77,126],[27,18],[37,47],[26,77],[31,62],[68,108],[36,147],[43,16],[37,57],[2,0],[79,74],[46,-74],[51,-37],[51,11],[50,0],[17,-140],[6,-30],[46,-372],[-9,-80],[-4,-77],[-14,-72],[-9,-78],[-1,-80],[0,-82],[13,-73],[6,-82],[-23,-67],[-2,-13],[-140,-467],[8,-106],[12,-100],[226,-557],[33,-31],[36,2],[54,-201],[14,-72],[31,-78],[37,-64],[44,-21],[44,-2],[43,-24],[63,-147],[-76,-312],[-20,-108],[-16,-111],[-4,-121],[-14,-114],[14,-116],[7,-103],[-4,-57],[-7,-77],[-2,-119],[39,-121],[46,-103],[23,-49],[21,-54],[57,-67],[103,54],[33,-41],[38,-24],[36,-25],[38,-6],[23,83],[13,90],[12,96],[20,82],[8,96],[7,95],[12,96],[4,92],[36,-2],[37,15],[38,3],[33,31],[38,15],[32,49],[30,57],[31,54],[35,11],[7,5],[99,31],[146,-181],[30,44],[32,31],[19,67],[32,57],[11,103],[5,108],[3,106],[-12,106],[-44,80],[-50,46],[-54,-8],[-50,42],[-11,95],[2,101],[-12,95],[-26,77],[-154,485],[-41,52],[-36,72],[-44,21],[-42,18],[-14,119],[-29,98],[77,229],[-34,165],[78,302],[21,111],[17,119],[-92,198],[27,248],[-33,69],[-25,70],[-22,90],[-29,78],[-37,44],[-33,62],[-35,59],[-39,36],[4,175],[-134,570],[-7,55],[-25,87],[-106,238],[-124,95],[-17,163],[-37,103],[-50,62],[-45,69],[-46,72],[28,52],[23,62],[4,10],[44,106],[22,-64],[20,-60],[8,-13],[35,-105],[128,36],[92,418],[53,33],[54,41],[50,65],[44,88],[127,0],[159,263],[30,87],[39,70],[32,85],[27,98],[25,103],[12,60],[30,92],[14,34],[28,95],[63,114],[23,119],[20,74],[17,106],[18,98],[212,96],[30,-101],[37,-83],[43,-59],[41,-72],[30,8],[10,7],[83,31],[38,328],[12,70],[10,136],[-41,250],[-142,160],[-45,-7],[-44,-8],[-45,-18],[-45,5],[-45,-10],[-33,-26],[-34,-8],[-19,0],[-46,-15],[78,-328],[-42,-5],[-45,23],[-41,-26],[-38,-59],[-89,90],[-49,-5],[-38,10],[-43,-2],[-44,21],[-44,-6],[-45,18],[-40,-23],[-41,-44],[-27,-100],[-30,-54],[-19,-96],[-13,-103],[-153,-62],[-46,16],[-43,33],[-47,16],[-45,-26],[-19,139],[-27,132],[-36,-18],[-10,-16],[-90,-67],[-31,-62],[-28,-70],[-25,-72],[-25,-72],[-26,-77],[-33,-57],[-30,-62],[-36,-41],[-22,-80],[-21,-88],[-28,-70],[-24,-82],[-18,-90],[-11,-98],[-8,-104],[0,-100],[-228,175],[-112,-118],[-95,392],[16,242],[-36,111],[-37,106],[-9,26],[-64,193],[-142,36],[-42,163],[-14,103],[-35,129],[-43,108],[-53,673],[3,57],[-9,126],[-18,122],[20,160],[14,56],[31,91],[33,80],[16,111],[5,116],[-1,116],[-5,118],[29,80],[28,75],[16,72],[135,421],[54,51],[56,62],[57,3],[19,-13],[38,2],[37,13],[45,-64],[19,-18],[118,-155],[129,28],[14,-5],[47,-18],[48,13],[47,0],[47,39],[46,28],[40,16],[14,7],[250,111],[23,-54],[1,-2],[71,-155],[56,8],[26,18],[233,82],[19,-10],[57,5],[55,49],[31,-36],[33,-34],[36,-20],[34,-23],[36,15],[35,23],[36,-23],[38,0],[33,28],[35,8],[36,23],[14,18],[87,-5],[3,-2],[5,2],[65,-2],[81,72],[141,-418],[46,-15],[25,2],[116,-18],[149,-101],[95,101],[29,-3],[32,3],[33,18],[30,3],[32,-8],[32,-26],[31,-15],[33,5],[29,33],[31,24],[32,7],[30,26],[31,23],[31,13],[31,36],[24,54],[39,73],[47,41],[30,98],[39,83],[17,74],[3,11],[26,116],[7,23],[29,52],[5,87],[4,23],[47,204],[198,364],[31,108],[8,39],[79,297],[23,141],[38,114],[15,142],[18,144],[44,65],[44,67],[-43,278],[-1,21],[-17,101],[-40,62],[-43,41],[-47,0],[-46,20],[-113,-294],[5,-108],[5,-111],[-34,-28],[-7,-16],[-68,-72],[-23,-10],[-33,-21],[-33,-33],[-34,-37],[-25,-59],[38,-364],[-61,-5],[-25,8],[-45,-5],[-42,-18],[-63,-323],[-46,-5],[-43,-44],[-37,-67],[-43,-49],[-34,-69],[-33,-83],[-16,-28],[-64,-88],[-56,10],[-26,24],[-41,31],[-38,25],[-43,24],[-41,5],[-39,-47],[-42,-13],[-43,36],[-3,-2],[-121,95],[-57,18],[-30,-15],[-142,2],[-56,42],[-57,33],[-28,-72],[-35,-52],[-14,-100],[-22,-85],[-194,320],[-144,113],[-220,18],[-229,152],[-35,-10],[-31,15],[-32,8],[-31,31],[-29,-41],[-30,-31],[-32,-13],[-32,-33],[-129,131],[-16,121],[-27,116],[-34,11],[-36,5],[-24,-18],[-47,-3],[-89,160],[-42,23],[-2,0],[-75,42],[-4,5],[-43,23],[-123,-77],[-6,-212],[-4,-51],[0,-98],[-4,-166],[-104,-165],[-68,-325],[-7,-20],[-24,-116],[-40,95],[-51,46],[-50,50],[-54,5],[-29,-31],[-30,-36],[-33,-21],[-30,-23],[-24,-60],[-3,-5],[-53,-62],[-4,-2],[-29,-36],[-13,-124],[-5,-127],[-7,-123],[0,-124],[-54,-34],[-49,-62],[-15,-77],[-21,-64],[-6,-80],[-9,-80],[-15,-75],[-4,-36],[-33,-191],[17,-75],[21,-70],[18,-74],[25,-55],[-17,-87],[-24,-73],[-12,-95],[1,-95],[-132,260],[-15,-85],[-12,-90],[81,-72],[15,-29],[34,-20],[-32,-790],[23,-170],[2,-13],[-7,-95],[0,-98],[18,-80],[28,-73],[11,-87],[22,-83],[-42,36],[-34,62],[-41,29],[-43,-13],[-25,-52],[-14,-36],[-59,-124],[-19,-64],[-23,-57],[-16,-67],[-13,-72],[4,-80],[-7,-80],[-8,-78],[-13,-74],[-29,-52],[-28,-62],[-15,-62],[-33,-82],[-14,-214],[-9,-62],[-2,-98],[0,-104],[12,-100],[3,-103],[12,-93],[-20,-271],[8,-134],[-1,-134],[20,-101],[11,-155],[-29,-41],[-34,-10],[-32,-44],[-21,-67],[-25,-101],[-24,-98],[-2,-108],[-21,-116],[8,-521],[-33,-23],[-32,-31],[-24,-67],[-26,-52],[-19,-72],[-23,-60],[-17,-74],[-21,-70],[-78,59],[-14,-93],[-20,-64],[-14,-88],[-6,-85]],[[246057,98014],[4,-77],[9,-77],[9,-75],[213,-199],[49,11],[47,51],[46,49],[43,70],[45,-41],[46,-37],[50,18],[49,-5],[45,62],[47,49],[40,39],[23,41],[32,41],[24,18],[37,60],[130,-57],[159,204],[32,-44],[34,-8],[51,101],[11,13],[28,64],[29,62],[32,-75],[35,-62],[36,-64],[41,-34],[241,194],[128,191],[78,-145],[137,29],[47,286],[-57,-34],[-52,-59],[-7,96],[-2,98],[-5,95],[-17,90],[-16,88],[-7,98],[-5,26],[-16,160],[-465,111],[-69,-186],[-101,33],[-24,127],[-15,44],[-70,296],[-188,52],[-141,-150],[-15,-69],[-5,-83],[98,-273],[30,-93],[43,-54],[41,-57],[42,-57],[45,47],[62,-104],[27,-98],[50,-36],[58,-103],[-50,10],[-49,-18],[-44,-49],[-47,-46],[-82,-204],[-140,62],[-28,253],[-107,116],[-77,317],[-46,26],[-46,-23],[-43,-26],[-38,-64],[-136,193],[-46,-65],[-47,-69],[-42,-83],[-45,-82],[-165,-194],[-25,-82],[-10,-101],[20,-144],[40,-116],[-70,-186],[-3,-83]],[[247937,96573],[38,-122],[43,-108],[316,-253],[64,96],[48,-88],[48,-88],[56,-54],[43,-23],[34,-39],[30,-59],[53,-70],[43,-28],[67,-83],[13,-75],[19,-64],[10,-75],[18,-67],[29,-33],[23,-57],[5,-11],[35,-113],[63,-31],[36,-41],[50,-34],[52,11],[35,-13],[37,-21],[36,0],[35,16],[28,61],[33,47],[36,10],[36,23],[28,52],[23,67],[10,46],[36,86],[-3,149],[-28,137],[-102,162],[-76,328],[-125,224],[-89,-82],[-74,351],[-63,64],[-8,16],[-39,36],[-38,31],[-21,95],[-20,36],[-26,80],[-9,44],[-29,77],[-106,-190],[-37,59],[-43,26],[-45,2],[-42,-13],[-48,36],[-49,-7],[-50,31],[-49,-16],[-46,-64],[-48,-39],[-50,-21],[-52,-13],[-123,-110],[-71,-294]],[[248671,98695],[2,-100],[4,-31],[13,-268],[130,-73],[34,5],[36,13],[33,26],[28,52],[48,-67],[50,-47],[38,-20],[36,7],[40,6],[37,-16],[38,13],[38,-8],[33,52],[38,28],[283,-289],[53,16],[1,2],[151,52],[149,-52],[36,122],[13,149],[46,-26],[42,-43],[34,-73],[39,-67],[43,8],[45,15],[45,13],[45,-23],[272,325],[164,-8],[23,-10],[32,-8],[31,11],[37,18],[36,31],[34,38],[28,70],[53,34],[55,-8],[53,41],[48,62],[7,137],[-7,134],[38,93],[9,15],[5,13],[131,312],[-39,305],[-40,23],[-33,59],[-42,16],[-40,-16],[-31,-547],[-36,-13],[-36,0],[-36,-15],[-31,-47],[-46,-82],[-43,-93],[-3,-111],[11,-106],[-49,16],[-49,-34],[-41,-64],[-45,-47],[-164,217],[-3,5],[-25,44],[-30,28],[-40,37],[-40,20],[-41,18],[-42,-18],[-90,-90],[-18,-8],[-39,3],[-29,-65],[-33,-44],[-8,-12],[-62,-65],[-109,65],[-32,118],[-45,88],[-54,70],[-49,85],[-60,7],[-57,24],[-21,72],[-30,46],[-194,18],[-36,80],[-42,72],[-177,-7],[-24,13],[-39,-11],[-15,-7],[-66,-6],[-145,-270],[-162,-153],[-31,-59],[-23,-77],[-24,-75],[-22,-83]],[[250781,105954],[2,-129],[130,-129],[11,-18],[29,-26],[28,-26],[30,-26],[96,238],[-43,185],[16,168],[0,5],[12,85],[5,85],[31,86],[32,80],[11,59],[42,126],[-40,599],[-66,41],[-216,-245],[-37,-101],[-27,-118],[15,-124],[3,-132],[29,-111],[17,-126],[-52,-101],[-30,-105],[-21,-116],[-7,-124]],[[251033,105430],[10,-88],[15,-87],[13,-39],[21,-126],[40,-18],[39,-16],[41,13],[40,-8],[130,617],[73,-52],[37,52],[23,64],[67,142],[-20,98],[-36,65],[-141,299],[12,88],[0,61],[5,68],[7,56],[17,83],[-3,95],[4,93],[10,90],[0,93],[135,312],[-34,129],[-36,124],[-23,52],[-11,18],[-51,155],[-94,-184],[-25,-80],[-17,-92],[-10,-101],[-2,-101],[0,-185],[5,-60],[2,-123],[-15,-109],[-25,-93],[1,-108],[-8,-114],[-1,-110],[-15,-98],[-1,-80],[-13,-137],[-24,-77],[-26,-75],[-14,-93],[-2,-13],[-74,-294],[-7,-18],[-19,-88]],[[251236,114481],[9,-95],[-4,-98],[2,-85],[15,-78],[23,-59],[14,-77],[52,61],[46,99],[21,87],[2,3],[66,263],[54,-219],[2,-13],[20,-75],[30,28],[32,29],[15,33],[43,52],[71,-207],[59,106],[19,23],[25,55],[-5,92],[-2,26],[-16,250],[-130,75],[-127,-170],[5,85],[-5,83],[2,85],[-2,82],[-46,-10],[-18,3],[-31,-11],[-35,0],[-16,-18],[-110,-28],[-28,-98],[-26,-101],[-20,-82],[-6,-96]],[[251241,93939],[6,-77],[4,-80],[5,-78],[10,-77],[43,2],[41,-12],[39,41],[39,31],[42,23],[36,57],[37,38],[36,57],[151,488],[-16,113],[-29,101],[-49,-57],[-46,-59],[-42,-80],[-19,-73],[-88,-211],[-200,-147]],[[251702,99103],[40,-384],[56,87],[17,16],[43,18],[41,10],[39,52],[30,72],[31,72],[22,96],[37,188],[35,31],[37,26],[25,72],[33,46],[-110,101],[-48,-47],[-47,-72],[-46,-59],[-52,-41],[-46,-70],[-46,-67],[-45,-75],[-46,-72]],[[251841,94906],[31,-36],[31,-39],[35,0],[31,-28],[34,16],[33,23],[33,7],[34,-7],[49,20],[41,60],[36,56],[52,57],[39,114],[36,113],[35,3],[29,-26],[31,-26],[34,-10],[31,23],[31,21],[31,20],[32,13],[268,570],[97,336],[51,92],[1,3],[1,0],[52,90],[28,88],[17,101],[8,74],[25,124],[-9,83],[-4,23],[-9,90],[-3,49],[-6,80],[-10,80],[-13,52],[-20,180],[39,0],[38,-18],[38,16],[36,51],[15,116],[-7,124],[-59,-13],[-34,18],[-37,-33],[-53,-13],[-26,258],[-54,-23],[-50,-62],[-31,-80],[-60,-70],[-109,-222],[-47,-7],[-48,-16],[-14,-119],[0,-123],[-38,-85],[-34,-93],[-19,-122],[-14,-126],[-21,75],[-17,77],[-26,67],[-32,34],[-86,39],[-20,12],[-36,13],[-100,-196],[-13,-18],[-39,-64],[-21,-65],[-121,-242],[-9,-170],[-9,-65],[-16,-64],[1,-155],[3,-158],[-17,-67],[-1,-7],[-46,-194],[147,-178],[-48,-20],[-43,-42],[-38,-80],[-42,-56],[-11,-142],[-3,-21],[-2,-49],[-9,-111]],[[252536,113452],[19,-119],[8,-80],[19,-92],[17,-96],[57,-31],[60,26],[36,-3],[35,26],[36,3],[34,33],[28,60],[30,51],[34,34],[32,36],[33,-31],[34,-28],[33,-26],[35,-13],[34,-13],[34,3],[33,31],[36,7],[30,42],[33,36],[31,43],[33,21],[-7,186],[-24,54],[-29,36],[-17,13],[-40,62],[-34,-3],[-37,-13],[-36,-5],[-34,-20],[-331,198],[-213,-82],[-42,-346]],[[252590,99338],[6,-88],[14,-85],[-6,-88],[2,-93],[38,11],[39,18],[19,10],[294,121],[27,-18],[39,-15],[35,49],[39,20],[27,31],[47,21],[7,291],[-35,124],[-42,44],[-47,10],[-46,-15],[-47,20],[-45,11],[-49,-16],[-44,-25],[-43,-47],[-184,47],[-12,-83],[-8,-88],[-13,-82],[-12,-85]],[[253442,113480],[7,-92],[14,-86],[15,-77],[464,62],[33,8],[30,-16],[30,3],[32,23],[29,31],[3,3],[56,15],[3,0],[32,10],[28,42],[20,64],[-101,28],[-5,6],[-36,13],[-34,36],[-37,18],[-37,2],[-36,-25],[-246,-78],[-202,78],[-24,15],[-32,8],[-6,-91]],[[253793,100295],[99,-109],[51,26],[12,0],[33,21],[31,15],[298,-108],[85,183],[30,64],[32,13],[32,-5],[30,34],[31,15],[32,21],[31,23],[26,49],[24,57],[-123,247],[-4,16],[-47,85],[-109,-49],[-40,-49],[-41,-34],[-32,-77],[-36,-70],[-109,-41],[-215,78],[-36,-93],[-40,-83],[-27,-108],[-18,-121]],[[253948,110357],[9,-116],[-3,-116],[24,-101],[24,-98],[25,-88],[2,-5],[75,-247],[356,-470],[131,-95],[99,129],[11,10],[32,8],[29,31],[29,15],[33,-8],[25,47],[27,36],[23,54],[17,67],[52,78],[52,87],[-3,299],[14,217],[-181,137],[39,229],[-40,39],[-3,3],[-275,268],[-67,0],[-30,33],[-31,21],[-33,-23],[-33,5],[-32,-18],[-28,-41],[-96,-114],[-5,-5],[-6,-8],[-95,-116],[-34,101],[-48,46],[-24,-64],[-27,-65],[-15,-82],[-19,-80]],[[255065,116511],[6,-93],[-2,-92],[21,-65],[5,-10],[30,-91],[4,-15],[21,-62],[11,-111],[14,-51],[36,-269],[44,47],[26,13],[24,41],[40,46],[107,-294],[32,57],[26,75],[1,2],[57,129],[-84,163],[-59,-16],[-58,-23],[-39,176],[28,80],[23,85],[10,100],[6,106],[-28,95],[-29,47],[-73,188],[-38,-98],[-23,-124],[-28,52],[-33,26],[-5,2],[-57,65],[-5,-88],[-11,-93]],[[255133,113880],[33,-57],[24,-87],[37,-39],[38,-31],[106,62],[5,0],[37,23],[65,-10],[10,-5],[8,2],[211,-38],[79,263],[-30,54],[-19,41],[-30,39],[-25,49],[-15,23],[-17,29],[-17,43],[-27,47],[-28,38],[-160,150],[-13,21],[-27,33],[-33,11],[-98,-184],[-51,-64],[-42,-108],[-15,-150],[-6,-155]],[[255158,120117],[12,-106],[22,-87],[13,-106],[27,-80],[54,-683],[-25,-395],[4,-80],[7,-80],[17,-62],[11,-85],[119,-317],[-12,-129],[-27,-122],[-9,-134],[-16,-131],[7,-137],[7,-129],[9,-137],[3,-136],[154,-338],[20,-98],[14,-52],[14,-62],[11,-82],[16,-101],[29,-85],[9,-28],[56,-256],[38,-28],[39,-10],[37,36],[39,15],[-9,96],[-6,95],[-18,88],[-15,87],[-27,73],[-23,77],[-30,57],[-29,67],[-15,111],[-16,108],[-6,31],[-91,617],[24,355],[-9,83],[-8,88],[-9,80],[-10,85],[70,400],[38,-42],[41,-18],[83,0],[93,-139],[46,-26],[45,-28],[46,36],[47,5],[52,-129],[75,5],[30,-7],[35,12],[1,117],[-5,113],[-8,114],[-6,116],[-211,185],[-20,31],[-28,11],[-53,49],[-16,69],[-22,54],[-19,29],[-28,75],[85,281],[106,64],[31,21],[29,26],[30,31],[26,41],[29,36],[30,28],[21,70],[24,52],[17,358],[0,5],[11,91],[11,87],[4,93],[-7,93],[-19,361],[-100,-26],[-11,5],[-53,-10],[-55,-23],[-36,-57],[-26,-23],[-27,-57],[-30,-38],[-27,-57],[-1,-3],[-86,-137],[-2,-100],[5,-44],[7,-242],[-31,-49],[-33,-26],[-28,-52],[-33,-36],[-22,-72],[-30,-49],[-21,-70],[-26,-64],[-12,-147],[4,-152],[-31,-19],[-27,-46],[-15,-31],[-37,-54],[-119,199],[-6,118],[-8,121],[28,42],[17,25],[114,181],[2,5],[28,44],[28,44],[18,77],[20,67],[21,73],[8,87],[23,127],[26,121],[-3,137],[6,141],[8,101],[-1,98],[-15,95],[-9,101],[-33,65],[-33,69],[-38,41],[-37,57],[169,702],[-112,54],[-193,-539],[-92,-374],[-23,-413],[-7,-39],[-5,-154],[-37,-121],[-8,-88],[-24,-119],[-23,-62],[-22,-147]],[[255832,122377],[7,-91],[5,-87],[12,-90],[18,-78],[82,-147],[189,152],[28,62],[19,85],[6,91],[10,92],[12,124],[28,106],[1,126],[-2,127],[-12,80],[-20,69],[-26,55],[-20,69],[-54,13],[-54,-41],[-123,-302],[-106,-415]],[[99273,120898],[25,-160],[27,-163],[26,-164],[28,-165],[27,-164],[26,-161],[27,-158],[25,-154],[24,-150],[24,-145],[23,-142],[23,-140],[24,-141],[25,-141],[26,-142],[27,-143],[27,-146],[28,-147],[28,-149],[27,-151],[27,-153],[25,-154],[23,-155],[23,-153],[22,-149],[22,-144],[23,-141],[23,-138],[23,-135],[23,-134],[24,-134],[25,-134],[24,-135],[24,-139],[26,-141],[25,-147],[26,-153],[25,-157],[24,-161],[25,-163],[24,-163]],[[100296,114789],[62,-66],[62,-63],[61,-59],[60,-54],[61,-51],[59,-48],[59,-44],[58,-43],[57,-43],[57,-44],[56,-50],[55,-56],[56,-61],[56,-67],[55,-72],[56,-76],[55,-79],[56,-82],[55,-83],[56,-82],[56,-81],[56,-78],[56,-76],[56,-70],[56,-64],[57,-57],[56,-52]],[[101841,113088],[55,67],[55,72],[55,75],[54,78],[54,78],[53,78],[53,75],[52,72],[51,65],[50,58],[48,51],[47,46],[45,43],[44,43],[43,45],[44,47],[44,52],[45,58],[46,64],[47,69],[48,75],[50,81],[51,83],[52,86],[53,86],[54,86],[28,42]],[[103162,114863],[-36,121],[64,204],[-95,266],[-87,-284],[-191,-392],[-344,-397],[-213,-354],[-175,-113],[-67,-158],[-66,372],[-107,209],[180,167],[113,-136],[121,178],[6,369],[161,255],[27,650],[212,591],[99,562],[106,361],[110,59],[129,385],[114,26],[152,456],[123,591],[129,358],[288,565],[87,627],[-32,665],[-76,194],[-154,152],[-242,-23],[-216,921],[-24,312],[-132,905],[-43,57],[-119,1207],[14,1104],[-123,622],[-144,425],[-107,173],[-90,-807],[-54,-67]],[[100485,124964],[7,202]],[[87643,118756],[12,-161],[11,-158],[11,-157],[11,-155],[11,-155],[10,-153],[11,-154],[11,-153],[12,-153],[12,-152],[13,-152],[14,-151],[15,-147],[16,-145],[18,-143],[18,-141],[20,-139],[20,-139],[21,-138],[21,-139],[21,-139],[21,-141],[20,-142],[20,-145],[19,-151],[20,-155],[20,-158],[19,-161],[20,-162],[19,-163],[20,-162],[19,-161],[18,-159],[18,-157],[18,-153],[17,-148],[15,-144],[12,-140],[10,-137]],[[88277,112893],[48,-51],[46,-50],[45,-50],[44,-49],[45,-49],[46,-47],[49,-48],[50,-47],[53,-47],[55,-48],[57,-48],[60,-51],[60,-51],[59,-49],[58,-48],[58,-48],[56,-49],[55,-50],[55,-52],[53,-54],[54,-55],[55,-58],[55,-59],[56,-61],[58,-62],[60,-64],[62,-64],[63,-65],[63,-65],[64,-65],[63,-65],[62,-65],[62,-65],[59,-64],[59,-65],[56,-64],[55,-64],[54,-65],[53,-66],[53,-69],[52,-73],[52,-75],[50,-77],[50,-80],[50,-81],[50,-81]],[[90799,110170],[57,78],[58,81],[59,84],[60,88],[60,91],[60,91],[60,87],[60,82],[59,77],[58,72],[57,68],[56,63],[54,61],[54,58],[53,57],[52,57],[52,58],[51,61],[51,66]],[[91870,111550],[14,146],[11,148],[10,148],[8,151],[9,151],[8,153],[8,153],[9,155],[11,156],[12,157],[14,158],[17,158],[17,157],[19,156],[19,155],[20,156],[19,156],[20,157],[19,159],[19,160],[19,163],[17,164],[17,166],[17,169],[16,171],[18,176],[18,177],[18,178],[17,176],[17,174],[15,171],[14,167],[12,163],[12,160],[10,155],[11,152],[11,150],[10,146],[10,145],[10,142],[10,142],[10,141],[9,142],[10,143],[9,145],[9,147]],[[167077,111945],[35,-121],[34,-122],[35,-126],[34,-131],[35,-135],[36,-137],[35,-138],[35,-138],[36,-139],[35,-137],[35,-137],[36,-134],[35,-132],[36,-130],[36,-126],[37,-123],[35,-121],[34,-118],[34,-117],[34,-114],[34,-112],[34,-111],[35,-110],[36,-109],[36,-110]],[[167954,108817],[60,-16],[59,-19],[58,-18],[58,-17],[57,-14],[56,-14],[56,-14],[56,-14],[55,-16],[56,-19],[56,-23],[56,-28],[57,-35],[58,-41],[58,-50],[61,-62],[63,-76],[64,-86],[65,-94],[66,-100],[65,-102],[64,-104],[63,-102],[61,-99],[60,-93],[57,-86],[54,-77],[54,-66],[54,-60]],[[169661,107272],[52,67],[53,72],[52,76],[52,81],[52,83],[53,84],[52,85],[52,83],[52,83],[51,83],[50,80],[50,77],[50,75],[50,76],[50,77],[51,75],[52,73],[52,69],[53,64],[54,58],[55,53],[56,49],[55,48],[56,49],[56,53],[55,61],[54,70],[54,76],[54,83],[54,89],[54,95],[53,98],[52,101],[51,103],[50,105],[49,105],[49,107],[48,106],[47,105],[47,102]],[[95646,117943],[20,-154],[19,-155],[17,-155],[14,-156],[13,-154],[12,-149],[12,-142],[12,-138],[12,-133],[12,-130],[12,-128],[12,-126],[12,-127],[13,-127],[13,-130],[13,-133],[14,-137],[15,-142],[14,-149],[14,-153],[15,-158],[16,-161],[16,-163],[17,-164],[17,-164],[18,-162],[18,-159],[17,-155],[17,-149],[15,-143],[13,-141],[10,-142],[8,-142],[7,-142],[5,-143],[5,-143],[4,-144],[4,-146],[4,-147],[6,-147],[7,-148],[10,-148],[12,-145],[15,-139],[18,-134],[19,-130],[21,-129],[21,-127],[21,-127]],[[96297,110883],[59,-53],[61,-57],[61,-62],[63,-63],[63,-65],[63,-64],[64,-63],[64,-58],[64,-54],[64,-46],[64,-40],[63,-36],[63,-36],[63,-34],[62,-35],[62,-34],[62,-36],[63,-36],[62,-38],[64,-39],[65,-41]],[[97616,109893],[54,99],[55,101],[56,103],[55,108],[54,111],[53,114],[51,115],[49,114],[47,113],[45,111],[43,108],[42,104],[40,101],[40,99],[40,97],[40,95],[42,96],[45,97],[46,100],[48,104],[48,108],[49,111],[51,111],[52,110],[53,108],[53,106],[54,103],[53,98],[53,94],[52,90],[52,86],[51,81],[51,79],[50,75],[52,72],[52,70],[54,67],[54,65],[55,63],[55,61],[55,63],[55,64],[54,67],[55,68],[55,73],[54,76],[54,81],[53,86],[53,90],[51,94],[50,96],[51,96],[51,94]],[[156784,106496],[20,26],[58,81],[57,80],[56,78],[54,76],[52,74],[52,72],[52,70],[52,68],[52,67],[52,66],[53,65],[54,67],[55,67],[55,70],[57,72],[57,76],[56,79],[53,81],[50,83],[50,86],[50,88],[50,91],[50,93],[51,94],[52,95],[54,97],[54,97],[56,98],[56,98],[57,98],[56,92],[55,87],[55,81],[55,76],[55,71]],[[158687,109356],[17,169],[14,166],[12,163],[8,159],[5,160],[3,161],[2,165],[3,167],[2,171],[4,173],[5,176],[7,176],[9,176],[11,174],[13,169],[15,162],[17,155],[19,147],[19,140],[19,135],[19,131],[19,129],[18,127],[17,128],[17,129],[17,132],[17,136],[17,142],[17,146],[17,147],[19,145],[19,145],[19,145],[19,146],[19,147],[18,148],[18,150],[17,152],[16,154],[15,158],[14,160],[13,162],[12,162],[12,162]],[[154472,118640],[2,-78],[21,-93],[22,-98],[25,-80],[23,-93],[29,-77],[33,-54],[-38,-67],[-24,-104],[-61,-433],[-45,-614],[-11,-77],[-14,-78],[-2,-74],[-4,-83],[-142,-410],[-23,-106],[-19,-113],[-24,-106],[-15,-119],[-62,261],[-111,-101],[9,-144],[3,-145],[24,-129],[32,-116],[25,-116],[28,-106],[24,-108],[38,-95],[8,-276],[33,-62],[20,-65],[32,-38],[30,-60],[104,-33],[4,-91],[-4,-85],[10,-54],[4,-113],[-48,-467],[106,-449],[169,-436],[9,-111],[0,-64],[11,-80],[8,-88],[265,-268],[197,-127],[-45,-87],[-43,-88],[-64,90],[-16,36],[-42,57],[-43,54],[23,-139],[9,-23],[66,-369],[22,-65],[20,-74],[21,-60],[30,-49],[28,-56],[31,-29],[24,-57],[31,-41],[26,-54],[27,-46],[28,-44],[6,-8],[28,-57],[15,-54],[25,-57],[26,-54],[33,-33],[152,-398],[13,-296],[43,-88],[23,-75],[36,-80],[38,-64],[40,-57],[14,-23],[95,-191],[27,-310],[82,-172],[26,-44],[24,-54],[22,-67],[27,-44],[28,-44],[27,-57],[28,-36],[28,-36],[9,-127],[26,-103],[42,-100],[42,-109],[43,-100],[42,-78],[178,-402],[0,-95],[12,-73],[16,-188],[8,-137],[32,-108],[75,-271],[28,-90],[19,3]],[[78368,110570],[61,-23],[65,-22],[68,-19],[69,-18],[71,-16],[71,-15],[72,-14],[71,-11],[71,-10],[70,-8],[69,-6],[66,-6],[65,-2],[65,5],[65,10],[66,16],[66,19],[66,21],[66,21],[65,20],[66,18],[65,14],[65,7],[65,1],[63,-6],[59,-6],[56,-7],[52,-7],[51,-8],[49,-9],[49,-10],[48,-12],[50,-12],[51,-14]],[[80505,110461],[37,131],[39,130],[41,129],[44,127],[44,126],[43,125],[43,124],[42,125],[40,127],[38,127],[37,127],[36,125],[36,120],[38,117],[39,112],[42,110],[45,107],[47,107],[50,108],[51,110],[53,110],[53,111],[53,113],[51,114],[50,115],[46,117],[42,121],[39,125],[38,125],[36,124],[36,125],[36,127],[35,129],[36,132],[35,136],[36,139],[36,142],[35,146],[35,149],[35,151]],[[79677,123058],[-26,15],[-131,-405],[-95,-449],[28,-350],[67,-78],[18,-467],[-235,88],[-134,-472],[127,-152],[23,-225],[-111,-593],[-104,111],[-59,-224],[-265,-83],[-97,-193],[-165,-57],[-81,-175],[-185,-140],[62,-1013],[-53,-645],[-146,-423],[-119,-173],[-107,-353],[68,-470],[-162,-756],[-175,-7],[-86,-258],[151,-607],[-99,-497],[33,-233],[76,-492],[-10,-431],[-179,-304],[28,-165],[226,-214],[92,-251],[190,-392],[125,276],[210,31],[82,428],[92,-420],[-92,-531],[-58,-514],[-33,-225]],[[83495,115470],[34,-149],[34,-150],[35,-150],[37,-152],[37,-152],[38,-152],[39,-153],[40,-154],[38,-153],[37,-154],[36,-152],[35,-152],[34,-150],[35,-149],[34,-148],[36,-144],[35,-139],[36,-134],[37,-127],[37,-122],[36,-117],[37,-113],[36,-110],[35,-111],[35,-113],[35,-117],[33,-124],[32,-128],[32,-128],[31,-129],[31,-129],[31,-129],[31,-130],[32,-131],[32,-132],[33,-133],[34,-134],[34,-134],[36,-135],[36,-133],[37,-132],[37,-132],[38,-136],[37,-137],[37,-140],[36,-141],[36,-142],[35,-143],[36,-142],[35,-140],[35,-139],[34,-135],[33,-132],[32,-129],[32,-126],[32,-123]],[[85453,107855],[58,-9],[57,-8],[58,-9],[58,-10],[59,-12],[59,-13],[60,-16],[61,-20],[61,-23],[60,-26]],[[86044,107709],[42,92],[43,93],[44,94],[45,95],[46,93],[47,94],[48,93],[48,94],[48,94],[49,95],[49,95],[48,96],[49,98],[49,98],[49,99],[48,97],[48,96],[48,94],[46,94],[46,92],[45,94],[44,96],[44,98],[44,100],[43,101],[43,103],[42,104],[42,106],[41,107],[41,108],[40,110],[39,112],[40,114],[38,114],[38,115],[38,113],[37,112],[38,112],[37,111],[36,109],[38,108],[39,108],[41,107],[43,106],[45,105],[46,104],[47,103],[47,103],[48,102],[45,102],[44,101]],[[266725,97586],[20,62],[17,65],[13,72],[11,72],[9,77],[11,73],[16,69],[20,65],[-1,77],[6,80],[11,72],[8,75],[15,152],[13,155],[-5,155],[-10,155],[-3,154],[-6,155],[-5,80],[-2,77],[0,80],[-2,78],[5,77],[6,78],[4,80],[10,69],[-14,152],[-19,150],[-5,155],[3,157],[-28,137],[-18,149],[-27,135],[-11,149],[-9,155],[-16,150],[10,154],[-5,155],[2,155],[-1,155],[-11,152],[-12,149],[-13,127],[-20,118],[-37,91],[-38,93],[13,113],[28,98],[18,106],[22,103],[13,93],[3,95],[12,96],[-1,95],[3,96],[-7,92],[4,93],[-5,96],[-15,85],[-12,88],[-5,92],[-12,91],[3,93],[-5,92],[8,96],[-1,93],[5,93],[12,85],[3,93],[10,90],[-1,93],[-9,87],[4,96],[-4,93],[-3,90],[-3,93],[0,90],[2,96],[10,85],[9,93],[3,90],[-3,95],[-1,91],[-3,90],[7,93],[6,87],[12,83],[6,82],[18,73],[9,80],[-2,87],[5,83],[7,82],[9,80],[7,85],[9,80],[3,88],[-5,78],[7,82],[9,83],[15,77],[14,75],[-10,82],[-4,83],[-6,85],[-5,83],[-13,79],[-11,80],[-14,78],[-21,64],[0,88],[-6,80],[-6,85],[1,80],[0,88],[-6,82],[-17,78],[-9,80],[4,134],[-4,131],[9,60],[10,64],[14,127],[-7,131],[-18,108],[-3,16],[3,131],[-8,127],[-17,93],[-21,87],[-10,104],[-6,103],[7,100],[-3,106],[-2,106],[-12,95],[-4,106],[9,101],[20,90],[10,103],[10,96],[17,95],[4,101],[0,20],[-2,83]],[[266721,111768],[-200,-75],[1,80],[9,77],[-9,75],[-4,83],[-95,64],[-14,23],[-35,31],[-40,13],[-12,3],[-97,69],[-49,-129],[-48,75],[-4,3],[-138,216],[-52,-25],[-56,20],[-46,-75],[-53,-33],[-496,544],[-35,78],[-29,87],[-42,44],[-43,31],[-261,201],[-22,91],[-22,85],[-38,44],[-35,67],[-29,46],[-35,21],[-30,-5],[-68,46],[-4,5],[-32,23],[-33,21],[-34,18],[-29,36],[-28,39],[-30,38],[-27,44],[-32,11],[-29,33],[-33,-2],[-30,18],[-128,276],[-111,0],[-59,-36],[-54,-78],[-58,-49],[-51,-85],[-40,-57],[-46,-31],[-33,-90],[-39,-67],[-44,-41],[-2,0],[-58,-60],[-31,-10],[-43,-57],[-17,-111],[-13,-113],[85,-129],[7,-139],[13,-137],[-74,-46],[-45,-8],[-30,-34],[-2,-7],[-86,-52],[-50,-70],[-35,-31],[-44,-54],[-34,-77],[-39,10],[-1,0],[-264,54],[-27,-77],[-23,-83],[-15,-95],[-22,-88],[-5,-106],[2,-100],[-19,-93],[-8,-101],[-38,-33],[-34,-57],[-36,-41],[-37,-39],[-30,-69],[-25,-80],[-27,-75],[-29,-70],[-46,-464],[-37,-18],[-31,-47],[-33,-41],[-32,-46],[-27,-60],[-29,-59],[-19,-77],[-27,-70],[-21,-65],[-38,-64],[-36,-75],[-28,-93],[-17,-105],[-33,10],[-32,0],[-32,-23],[-30,-39],[-33,44],[-37,13],[-37,15],[-35,13],[-38,18],[-36,23],[-37,3],[-38,-10],[-87,196],[-46,415],[-25,57],[-28,46],[-24,59],[-28,42],[-9,136],[-20,129],[-14,147],[3,150],[0,150],[4,147],[-40,116],[-49,100],[-69,-255],[48,-549],[-57,-47],[-116,722],[-21,98],[-29,78],[-36,64],[-30,78],[10,93],[9,92],[5,98],[-7,96],[0,98],[-11,93],[-24,74],[-14,93],[-3,98],[5,104],[-5,98],[-15,95],[-9,101],[4,100],[-19,90],[-15,93],[26,62],[33,39],[18,75],[26,67],[19,116],[0,33],[44,333],[-20,134],[-38,103],[-35,68],[-41,134],[-13,111],[-14,113],[-28,90],[-24,98],[57,318],[-103,193],[-124,-36],[-25,3],[-49,-24],[-39,8],[-4,0],[-259,49],[-25,57],[-14,26],[-20,43],[-14,39],[-26,54],[-26,49],[-5,5],[-71,150],[-59,57],[-34,62],[-42,75],[-48,49],[-49,41],[-47,62],[-52,2],[-51,26],[-135,16],[-39,15],[-58,-3],[-40,-15],[-39,8],[-34,-47],[-38,-31],[-28,-72],[-24,-31],[-84,-80],[-52,-129],[-19,-36],[-20,-67],[-24,-54],[-22,-59],[-25,-52],[-19,-65],[-36,0],[-32,-28],[-31,23],[-36,0],[-27,-56],[-25,-52],[-21,-23],[-45,-29],[-44,21],[-43,3],[-208,-158],[17,-111],[23,-103],[-94,-658],[-127,-121],[-14,-98],[-16,-93],[8,-105],[-2,-104],[37,-69],[44,-34],[44,0],[47,-44],[102,124],[52,-26],[55,-2],[52,-13],[53,13],[51,-80],[49,-85],[45,-11],[68,-82],[88,-232],[38,-563],[18,-85],[21,-77],[19,-41],[29,-104],[22,-72],[19,-75],[27,-64],[33,-36],[34,-31],[29,-47],[37,-7],[33,-31],[49,2],[50,44],[39,75],[42,70],[119,-266],[99,132],[55,-57],[54,-29],[111,67],[6,0],[38,-18],[36,39],[35,44],[3,3],[73,41],[215,-90],[44,15],[44,44],[36,51],[210,191],[-64,-240],[49,-374],[-158,-281],[-111,-36],[-29,39],[-29,31],[-30,0],[-33,10],[-30,26],[-31,5],[-32,-18],[-29,-5],[-21,98],[-33,75],[-49,-39],[-3,-3],[-85,-59],[-7,0],[-51,-41],[-29,-101],[-13,-38],[-28,-57],[-22,-62],[-17,-78],[-22,-69],[-17,-75],[-18,-77],[-84,-163],[-130,199],[-120,36],[-5,2],[-37,52],[-40,-26],[-20,0],[-103,29],[-145,-253],[-32,-266],[93,-23],[10,-10],[36,-6],[14,0],[127,-33],[43,-101],[44,-108],[50,-83],[57,-59],[28,-129],[24,-134],[30,-129],[36,-113],[102,123],[-1,-100],[6,-93],[8,-80],[5,-116],[85,-201],[-28,-85],[-14,-109],[-54,42],[-55,-11],[3,-82],[2,-88],[-4,-83],[-10,-82],[12,-77],[2,-86],[10,-80],[17,-74],[99,-349],[105,26],[13,-2],[38,-39],[37,36],[26,36],[29,5],[21,-2],[38,18],[45,100],[42,104],[21,98],[50,144],[-12,142],[-26,129],[151,340],[54,-67],[58,-13],[54,-43],[56,-34],[9,-129],[28,-106],[23,-116],[39,-82],[178,108],[2,-85],[-6,-88],[8,-85],[14,-80],[105,-168],[63,153],[14,23],[22,69],[20,-67],[19,-67],[24,-56],[22,-62],[37,54],[7,23],[95,157],[-21,-108],[-10,-121],[-7,-124],[9,-119],[37,-105],[44,-73],[50,-56],[52,-31],[33,-65],[35,-51],[27,-78],[19,-95],[37,-41],[38,-34],[38,-36],[38,-31],[75,18],[30,0],[24,10],[79,16],[33,-18],[28,-42],[33,-2],[16,0],[35,-21],[11,-10],[18,-5],[77,-44],[210,-52],[57,-142],[73,-56],[23,-49],[32,-44],[37,0],[27,8],[77,-60],[399,-544],[114,10],[164,-103],[1,0],[33,-36],[29,-5],[39,-23],[31,-65],[33,-57],[34,-46],[20,-5],[149,-222],[53,-52],[54,-36],[99,-307],[39,-43],[42,-8],[14,-132],[32,-105],[43,-75],[35,-101],[12,-333],[39,-49],[43,-43],[25,-93],[27,-91],[34,-67],[5,-126],[17,-121],[24,-114],[34,-90],[64,-498],[0,-8],[2,-15],[19,-150],[182,-441],[-7,-103],[3,-103],[24,-83],[32,-64],[33,-59],[39,-34],[-41,-88],[-30,-111],[-146,-98],[44,-100],[35,-96],[25,-44],[60,-136],[-38,-65],[-23,-105],[40,-104],[27,-126],[51,-67],[47,-72],[9,-88],[11,-85],[18,-83],[26,-62],[113,-113],[-85,-668],[-39,-47],[-32,-77],[-3,-258],[15,-80],[-52,-51],[-18,-78],[13,-85],[12,-52],[18,-100],[3,-13],[15,-88],[48,114],[32,46],[39,85],[31,98],[52,24],[43,67],[86,-142],[13,-36],[36,-47],[58,29],[39,38],[134,93],[32,-18],[33,10],[32,-13],[33,-10],[33,3],[33,5],[31,21],[31,38],[58,-206],[3,-23],[25,-75],[188,-351],[26,-67],[18,-83],[29,-67],[32,-46],[13,-10],[99,-230],[16,-106],[29,-82],[13,-31],[37,-142],[61,-157],[9,-62],[19,-80],[30,-54],[26,-70],[27,-57],[30,-57],[48,-82],[53,-39]],[[255558,110439],[23,-105],[22,-109],[45,-49],[35,-80],[12,88],[4,77],[19,207],[46,-18],[45,-42],[47,13],[45,-5],[75,-299],[2,-10],[28,-106],[69,-111],[165,64],[10,178],[47,60],[36,95],[44,65],[33,105],[71,-332],[31,-34],[34,3],[34,13],[32,25],[183,-141],[12,-21],[40,-44],[39,-33],[43,-8],[17,85],[7,98],[14,85],[12,93],[98,-26],[14,-10],[35,-49],[36,13],[28,15],[26,-5],[21,-18],[37,2],[79,-270],[138,-145],[5,-8],[32,-105],[51,-29],[47,-44],[49,-38],[49,-21],[31,-108],[41,-85],[45,-60],[46,-59],[115,-126],[16,-29],[46,-44],[25,320],[0,8],[24,317],[-95,369],[-41,10],[-41,-2],[-53,433],[0,18],[-5,29],[-15,129],[-203,314],[-80,-7],[-15,10],[-32,0],[-32,-3],[-33,-18],[-30,-2],[-32,-8],[-137,150],[-1,2],[-45,59],[-44,70],[-51,26],[-47,49],[-45,49],[-37,15],[-8,-2],[-97,36],[-75,-155],[-51,-57],[-56,-20],[-43,-83],[-51,-64],[-6,95],[-18,80],[-15,47],[-20,113],[-160,-121],[-223,44],[-35,15],[-38,-2],[-37,2],[-35,-2],[-25,-18],[-191,-34],[-61,-258],[-196,-511]],[[257152,113377],[151,-312],[173,-134],[54,-3],[52,47],[52,33],[51,39],[10,271],[-10,124],[0,41],[-10,77],[-8,83],[-290,-21],[-32,-7],[-30,-3],[-28,-44],[-29,-23],[-28,-34],[-23,-56],[-27,-47],[-28,-31]],[[257636,116867],[40,-20],[87,-47],[29,-31],[39,-10],[38,-29],[15,-2],[64,-36],[113,46],[-160,423],[61,101],[175,-464],[12,-55],[32,-62],[45,-18],[43,26],[12,8],[76,13],[33,62],[31,28],[27,59],[25,65],[0,170],[-28,39],[-28,51],[-30,42],[-33,26],[-31,46],[-34,44],[-37,18],[-34,44],[-36,-3],[-36,-5],[-38,8],[-37,20],[-278,-123],[-58,-47],[-54,-80],[-45,-307]],[[257948,115345],[43,-418],[0,-7],[16,-150],[17,-67],[23,-62],[24,-54],[24,-52],[54,-41],[56,0],[17,70],[20,59],[6,80],[17,70],[-6,80],[5,80],[14,74],[5,78],[-2,88],[-12,82],[-56,103],[-5,13],[-24,41],[-38,75],[-52,-26],[-52,8],[-45,-82],[-49,-42]],[[258294,100277],[5,-148],[24,-136],[52,18],[54,23],[24,34],[77,43],[24,217],[33,52],[33,54],[28,67],[36,52],[26,69],[26,72],[21,86],[13,95],[16,95],[3,62],[28,243],[1,103],[8,98],[-4,103],[-5,101],[-54,258],[-92,-137],[-31,-116],[-10,-34],[0,-5],[-114,-423],[-41,-33],[-36,-47],[-116,-567],[-23,-145],[-6,-154]],[[260835,102691],[4,-139],[95,-199],[110,126],[19,78],[26,69],[5,60],[63,268],[21,64],[15,83],[-33,294],[-275,586],[-2,-88],[-11,-80],[7,-83],[6,-87],[-20,-127],[-20,-129],[-4,-142],[-3,-139],[2,-139],[0,-137],[-5,-139]],[[261013,104174],[48,-299],[23,-62],[28,-57],[29,-44],[33,-15],[28,-57],[29,-39],[33,-13],[32,-33],[81,98],[17,134],[9,44],[3,46],[19,140],[0,134],[8,134],[-28,119],[-11,134],[35,56],[-21,276],[0,26],[12,98],[-23,83],[-5,38],[-18,258],[-99,243],[-78,-54],[-21,-67],[-10,-80],[-1,-11],[-50,-245],[-8,-28],[-4,-41],[-24,-109],[-4,-149],[11,-147],[-28,-119],[-21,-126],[-19,-129],[-5,-137]],[[261945,116008],[46,-98],[12,-33],[16,-96],[22,-82],[27,-73],[34,-51],[38,-31],[37,-34],[61,-7],[61,31],[3,-134],[12,-70],[23,-307],[192,-181],[6,-13],[35,-30],[35,-29],[44,31],[22,3],[31,18],[28,36],[37,98],[34,93],[-38,18],[-2,0],[-111,46],[-17,121],[-31,104],[-32,92],[-31,104],[-184,387],[-51,33],[-52,-3],[-14,-5],[-232,49],[-10,11],[-51,2]],[[262026,113875],[18,-88],[198,-64],[474,-446],[316,72],[173,237],[-29,39],[-28,23],[-32,21],[-32,-3],[-30,41],[-36,11],[-33,-8],[-34,-8],[-35,-5],[-25,-23],[-21,0],[-19,13],[-36,-11],[-40,49],[-42,49],[-39,55],[-47,5],[-32,23],[-28,44],[-32,-3],[-31,13],[-32,-18],[-33,0],[-32,-10],[-29,-36],[-50,23],[-30,3],[-292,103],[0,-101]],[[263881,99149],[56,-38],[58,-3],[58,5],[58,31],[39,10],[53,3],[22,-3],[9,3],[106,3],[47,-52],[52,-23],[130,88],[29,36],[24,62],[21,59],[23,59],[23,57],[11,52],[52,131],[59,18],[48,70],[29,44],[73,72],[-18,307],[26,41],[21,65],[21,56],[17,70],[53,575],[-91,47],[-24,103],[-17,113],[-39,60],[-33,87],[-40,29],[-38,25],[-40,-25],[-41,-5],[-322,-202],[-65,-118],[-30,-34],[-24,-62],[-65,-116],[-29,-129],[-38,-106],[-12,-110],[-149,-666],[-23,-75],[-20,-77],[-19,-80],[-16,-88],[-5,-93],[2,-95],[-6,-65],[-16,-116]],[[91870,111550],[56,-75],[55,-69],[52,-70],[50,-71],[48,-71],[47,-71],[47,-71],[46,-70],[48,-70],[49,-68],[50,-67],[52,-66],[54,-65],[55,-63],[56,-61],[59,-56],[60,-48],[61,-40],[62,-33],[63,-27],[62,-22],[61,-19],[61,-17],[60,-19],[57,-23],[56,-30],[54,-38],[51,-51],[48,-64],[45,-77],[42,-88],[40,-94],[40,-99],[39,-100],[39,-98],[40,-95],[43,-88],[44,-82],[45,-73],[48,-65],[49,-59],[51,-53],[51,-51],[52,-52],[51,-57],[52,-61],[52,-68],[51,-73],[51,-79],[51,-83],[50,-85],[51,-84],[51,-82],[51,-77],[50,-71]],[[94679,108041],[54,90],[53,93],[54,94],[53,97],[53,98],[54,100],[53,101],[53,103],[53,104],[53,104],[53,105],[53,106],[53,105],[52,105],[53,103],[52,101],[52,97],[52,95],[52,92],[51,88],[51,85],[51,81],[50,77],[48,76],[48,73],[46,72],[45,71],[45,70],[44,70],[44,67],[45,61],[45,58]],[[158687,109356],[50,-124],[51,-124],[49,-122],[50,-121],[50,-118],[49,-114],[49,-109],[49,-105],[50,-99],[48,-95],[48,-90],[49,-88],[49,-86],[49,-83],[50,-81],[51,-80],[51,-78],[52,-75],[52,-74],[53,-73],[53,-73],[55,-75],[54,-75],[56,-77],[57,-76],[56,-77],[56,-79],[54,-83],[53,-85],[52,-89],[49,-92],[48,-95],[47,-96],[46,-97],[46,-95],[47,-93],[48,-87],[51,-80],[53,-76],[56,-75],[58,-72],[59,-70],[59,-69],[59,-67],[58,-67],[55,-67],[53,-66],[51,-66],[49,-66],[46,-64],[46,-64],[46,-62],[46,-59],[49,-57],[52,-55],[55,-55],[57,-54]],[[161621,104662],[68,108],[68,110],[66,111],[65,112],[63,112],[60,111],[58,109],[56,106],[54,101],[53,97],[53,92],[52,88],[54,83],[55,80],[56,75],[56,71],[58,67],[58,65],[58,62],[57,61],[56,60],[55,61],[54,62]],[[162954,106666],[17,149],[18,149],[18,149],[19,150],[18,149],[18,148],[18,148],[16,147],[15,146],[14,145],[12,144],[10,144],[11,137],[12,131],[12,126],[15,124],[15,122],[17,122],[17,123],[18,126],[18,129],[18,133],[16,140],[14,145],[12,151],[10,156],[10,157],[9,159],[9,160],[9,159],[10,159],[10,157],[11,156],[12,155],[13,153],[15,152],[16,151]],[[104675,113682],[3,-37],[19,-165],[21,-163],[23,-161],[25,-159],[25,-158],[25,-156],[24,-155],[23,-154],[21,-154],[20,-155],[16,-155],[15,-156],[11,-160],[11,-166],[9,-172],[8,-175],[8,-178],[8,-180],[8,-181],[9,-180],[9,-179],[11,-175],[12,-170],[13,-165],[14,-158],[12,-152],[11,-146],[10,-142],[8,-138],[8,-136],[8,-135],[7,-135],[8,-138],[8,-142],[9,-146],[10,-152],[11,-160],[12,-162],[12,-165],[13,-167],[12,-167],[13,-167],[11,-166],[11,-165],[10,-163],[9,-162],[9,-159],[8,-157],[7,-155],[6,-152],[5,-152],[5,-151]],[[105319,105383],[42,-78],[43,-78],[44,-77],[45,-77],[48,-76],[50,-75],[52,-74],[54,-74],[56,-70],[58,-64],[60,-60],[62,-55],[64,-52],[65,-48],[66,-46],[66,-44],[67,-44],[65,-45],[65,-48],[62,-51],[60,-56],[58,-61],[56,-67]],[[106627,103963],[28,118],[26,114],[25,110],[24,108],[24,106],[24,107],[24,107],[26,109],[26,112],[28,114],[29,117],[30,121],[31,123],[33,126],[33,128],[34,131],[33,138],[33,142],[33,148],[33,151],[33,152],[35,153],[35,153],[37,152],[36,150],[37,148],[38,146],[37,141],[38,138],[37,133],[38,129],[38,130],[37,132],[37,136],[35,140],[36,143],[34,147],[34,148],[34,150],[33,148],[32,145],[33,140],[33,132],[34,124],[34,115],[35,107],[35,99],[34,94],[35,93],[33,95],[33,100],[31,107],[31,115],[30,123],[29,131],[21,101]],[[108436,111083],[23,316],[149,805],[103,193],[-40,240],[-85,113],[-19,666],[-160,67],[-12,201],[-171,317],[31,153],[-175,93],[-130,-240],[-78,-6],[-57,302],[-249,612],[-95,-261],[-73,219],[-165,-72],[-7,292],[-107,136],[-220,-28],[-118,459],[-132,-113],[-78,221],[-191,31],[-179,343],[-96,-134],[-143,173],[-315,-356],[-178,-95],[-5,-395],[-158,-769],[-112,75],[-47,-640],[-92,423],[-149,-523],[-133,59],[-98,-278]],[[176051,110561],[39,-101],[37,-99],[37,-98],[36,-98],[34,-97],[34,-94],[32,-96],[32,-100],[31,-104],[31,-106],[32,-109],[31,-112],[32,-114],[32,-115],[34,-116],[33,-117],[35,-117],[35,-116],[35,-115],[36,-114],[36,-112],[35,-110],[34,-107],[33,-106],[31,-105],[32,-106],[31,-106],[32,-107],[31,-107],[31,-108],[31,-109],[32,-111],[32,-113],[33,-118],[35,-124],[36,-129],[38,-137],[40,-142],[43,-147],[44,-151],[46,-156],[46,-160],[48,-163],[49,-165],[49,-166],[49,-166],[49,-166],[48,-166],[46,-164],[43,-161],[42,-158],[39,-155],[39,-153],[40,-151]],[[178052,103818],[56,-27],[56,-25],[56,-24],[56,-22],[57,-18],[58,-16],[61,-12],[64,-7],[64,-2],[64,2],[64,7],[64,11],[65,14],[64,18],[65,19],[64,22],[64,22],[64,23],[63,23],[61,23],[61,28],[59,34],[59,38],[58,41],[57,42],[58,44],[11,8]],[[179645,104084],[-34,351],[8,79],[-2,42],[14,198],[31,75],[28,83],[19,100],[15,96],[18,103],[17,100],[4,106],[12,109],[68,613],[29,83],[26,90],[-10,395],[34,57],[35,51],[-9,297],[2,21],[-5,108],[67,44],[4,2],[39,18],[33,34],[161,500],[15,85],[19,75],[12,93],[0,70],[38,268],[2,8],[12,87],[26,93],[2,13],[73,266],[70,490],[-13,144],[102,490],[133,320],[-5,163],[21,100],[33,91],[18,105],[17,106],[-54,142],[4,90],[13,91],[0,95],[-4,96],[55,229],[49,77],[19,13],[34,44],[30,70],[132,15],[5,0],[48,5],[49,108]],[[179936,104411],[14,-126],[-13,-271],[23,-54],[19,-70],[29,-41],[29,-23],[61,-261],[118,-224],[29,39],[21,64],[-12,175],[-1,91],[-12,131],[-11,134],[-32,-18],[-30,-28],[-5,116],[-5,114],[-18,100],[-32,93],[-5,108],[-1,114],[-12,69],[-8,153],[-40,-52],[-35,-52],[-36,-67],[-26,-82],[-9,-132]],[[80505,110461],[20,-153],[23,-154],[25,-156],[29,-160],[33,-168],[36,-178],[37,-183],[38,-185],[37,-185],[37,-181],[35,-175],[33,-167],[31,-158],[28,-150],[26,-142],[25,-136],[23,-134],[26,-131],[27,-129],[30,-130],[33,-133],[35,-135],[36,-138],[39,-142],[39,-145],[39,-145],[39,-145],[37,-143],[33,-141],[31,-137],[26,-136],[23,-137],[21,-137],[19,-137],[18,-136],[17,-135],[17,-132],[18,-131],[20,-127],[20,-126],[22,-122],[24,-121],[26,-118],[27,-116],[29,-114],[30,-113],[32,-112],[33,-111]],[[81887,103641],[59,-16],[59,-23],[60,-31],[61,-39],[61,-45],[62,-50],[60,-53],[61,-56],[59,-55],[58,-53],[57,-48],[55,-42],[55,-34],[54,-24],[54,-15],[54,-7],[56,0],[56,6],[57,9]],[[82985,103065],[50,108],[50,106],[47,104],[46,100],[45,98],[44,95],[44,92],[43,90],[45,88],[46,87],[46,85],[48,87],[49,87],[49,88],[50,90],[49,92],[50,93],[49,94],[50,95],[50,97],[49,98],[50,99],[49,101],[50,101],[49,103],[50,104],[49,106],[50,104],[52,101],[52,96],[53,92],[55,88],[54,85],[56,83],[55,82],[55,82],[54,82],[52,83],[50,85],[48,87],[47,89],[45,90],[44,92],[44,94],[44,95],[44,97],[43,98],[44,99],[43,99],[44,99],[44,100]],[[236440,102590],[88,-100],[54,15],[33,-10],[42,-11],[43,-2],[41,46],[30,24],[99,23],[41,-26],[42,-16],[194,-319],[52,-18],[53,0],[77,-98],[7,-11],[29,-33],[-121,-333],[-16,-224],[123,-217],[30,-16],[33,0],[22,-2],[40,-8],[32,-13],[32,-10],[28,-36],[30,-29],[32,3],[32,0],[30,-21],[31,-20],[29,36],[33,18],[31,-5],[31,2],[33,-13],[33,-18],[9,6],[185,-62],[35,-62],[37,-42],[37,-12],[44,-44],[37,-109],[45,-90],[228,-168],[39,-38],[42,-23],[34,-3],[96,-49],[26,-36],[42,-5],[42,-16],[52,-31],[53,31],[24,54],[18,70],[18,72],[14,78],[56,10],[57,-23],[57,7],[52,65],[44,-49],[48,-26],[14,-10],[79,-62],[71,98],[228,-57],[50,-137],[47,-41],[52,-8],[48,21],[51,18],[42,-28],[0,-3],[55,-39],[26,-30],[37,-55],[43,-18],[28,8],[96,-70],[39,-95],[46,-67],[51,-34],[48,-59],[48,-46],[12,-13],[128,-168],[311,-199],[43,-41],[45,-13],[54,-10],[53,-8],[16,-13],[35,-25],[54,-8],[17,5],[116,-28],[25,-24],[53,3],[48,-67],[48,-59],[52,-34],[51,-41],[27,59],[7,26],[66,162],[114,-100],[375,-88],[24,-70],[29,-51],[34,-39],[34,-23],[35,-34],[35,-7],[33,7],[37,-12],[35,20],[36,21],[38,10],[36,13],[36,28],[30,57],[26,67],[32,54],[179,101],[44,-77],[42,-70],[46,-34],[52,-67],[73,-56],[23,-31],[28,-13],[71,-52],[28,-95],[42,-60],[44,-74],[48,-55],[47,-69],[52,-26],[54,15],[53,-28],[51,-28],[54,15],[43,34],[45,36],[14,-83],[19,-49],[40,-165],[44,-59],[44,-26],[46,36],[45,-10],[-4,242],[-50,73],[-59,28],[-90,459],[21,273],[6,49],[21,62],[21,70],[12,75],[2,8],[1,-16],[10,-106],[34,-108],[27,-121],[47,-67],[41,-96],[133,-18],[53,-77],[56,-57],[32,-88],[21,-98],[32,-82],[35,-72],[37,-62],[43,-39],[43,-34],[37,-64],[60,199],[33,25],[16,29],[189,216],[32,47],[20,72],[14,75],[27,75],[-37,108],[-44,85],[-18,80],[-27,62],[-28,57],[-26,54],[-31,36],[-28,36],[-29,41],[-30,29],[-28,41],[-33,18],[-32,26],[-31,15],[-45,-46],[-47,-39],[-33,-90],[-43,-67],[-35,-3],[-19,-15],[-87,-28],[-142,123],[-89,16],[-14,10],[-27,-2],[-63,7],[5,65],[-1,82],[5,78],[-1,80],[4,82],[-3,80],[0,85],[-5,78],[-44,77],[-9,10],[-62,101],[-15,41],[-49,60],[-102,0],[-21,64],[-28,44],[-26,21],[-31,54],[-52,-11],[-45,-62],[-45,-69],[-38,-88],[-232,47],[-51,-44],[-11,-16],[-59,-54],[-30,-21],[-49,-59],[-26,41],[-29,42],[-14,7],[-389,467],[24,142],[24,139],[1,155],[4,152],[-52,26],[-51,-8],[-101,581],[-44,85],[-40,90],[-55,16],[-49,64],[-64,-13],[-29,23],[-33,11],[-30,-31],[-24,-29],[-70,-12],[-56,172],[-1,8],[-22,59],[-80,-54],[-42,62],[-40,75],[-47,39],[-51,-11],[-152,243],[-53,-165],[-231,18],[-89,510],[-110,117],[-42,-29],[-41,-31],[-4,-2],[-80,-55],[-24,-98],[-12,-108],[-24,-93],[-22,-100],[-1,-114],[-8,-54],[-44,-261],[-56,-167],[-6,-8],[-22,-64],[-99,-57],[-137,173],[-255,-57],[-38,31],[-30,8],[-241,141],[-42,13],[-40,-23],[-39,-31],[-36,-49],[-43,44],[-44,31],[-44,-18],[-45,-16],[-120,148],[-92,-52],[-40,18],[-22,28],[-35,0],[-116,57],[-5,3],[-30,13],[-16,165],[0,142],[-17,144],[-23,144],[-33,93],[-26,39],[-34,83],[-12,33],[-36,72],[-10,209],[-124,16],[-28,-47],[-27,-44],[-29,-38],[-23,-67],[-202,252],[-9,13],[-30,36],[-112,-105],[-40,72],[-43,54],[-42,16],[-52,56],[-10,116],[-23,101],[-38,62],[-28,93],[-174,5],[-89,129],[-20,-83],[-17,-85],[-6,-95],[-4,-96],[-129,-54],[-93,96],[-57,113],[-35,3],[-35,-21],[-36,-10],[-35,-34],[-48,83],[-44,82],[-56,11],[-55,33],[-71,-160],[-69,199],[-6,26],[-27,67],[-143,-416],[-49,-345],[-6,-449],[-50,-80],[-51,-70],[-26,-129],[-40,-105],[-39,-104],[-35,-113],[-41,-101],[-33,-116]],[[242612,102049],[15,-119],[27,-106],[43,-23],[12,-3],[274,-126],[44,-26],[45,-15],[45,28],[24,10],[30,0],[32,-31],[47,-10],[44,5],[46,34],[30,85],[24,33],[27,70],[18,83],[32,-49],[39,-16],[35,21],[37,-3],[180,472],[-50,54],[-51,49],[-863,-56],[-52,-88],[-58,-34],[-46,-105],[-30,-134]],[[245286,98272],[34,-74],[24,-19],[90,-144],[45,-18],[39,-49],[44,0],[45,21],[308,59],[-57,201],[156,537],[39,263],[13,93],[-95,260],[-154,108],[-10,16],[-55,33],[-51,-25],[-41,-75],[-204,-433],[16,-341],[-1,-101],[12,-144],[-49,-46],[-50,-31],[-22,-26],[-76,-65]],[[162954,106666],[46,-98],[44,-98],[43,-99],[40,-100],[40,-101],[40,-103],[41,-103],[42,-105],[44,-105],[46,-107],[48,-108],[51,-109],[52,-112],[53,-113],[54,-116],[54,-116],[52,-116],[53,-113],[51,-111],[50,-110],[49,-108],[49,-106],[49,-106],[49,-106],[49,-107],[50,-107],[50,-107],[51,-108],[51,-108],[52,-108],[54,-109],[55,-110],[57,-111],[58,-111],[58,-111],[58,-111],[57,-111],[57,-110],[56,-110],[55,-108],[54,-106],[53,-103],[52,-100],[52,-95],[49,-92],[48,-88],[48,-83],[48,-77],[49,-74],[49,-72],[49,-70],[51,-70],[51,-71],[52,-72],[53,-75],[53,-77],[53,-80]],[[165826,100945],[40,146],[39,145],[37,143],[35,140],[34,137],[34,134],[35,130],[35,127],[36,124],[37,121],[36,116],[37,111],[36,109],[36,106],[36,106],[35,105],[35,106],[34,107],[35,108],[35,110],[35,113],[36,115],[37,119],[38,121],[38,126],[38,133],[37,138],[36,141],[35,144],[35,144],[35,142],[36,139],[35,136],[36,132],[37,128],[36,125],[37,123],[37,122],[37,123],[37,126],[35,129],[35,134],[34,140],[34,143],[33,144],[35,146],[34,146],[34,148],[35,149],[35,150],[34,150],[34,151],[33,150],[34,148],[35,145],[34,142],[35,139],[34,135],[34,133],[32,129]],[[173641,100049],[44,-40],[46,-38],[46,-37],[47,-36],[50,-36],[52,-34],[53,-33],[55,-26],[56,-21],[57,-16],[59,-13],[59,-12],[61,-11],[62,-11],[63,-13],[65,-16],[65,-18],[64,-21],[65,-24],[64,-28],[63,-35],[63,-40],[63,-44],[62,-48],[62,-49],[61,-50],[62,-49],[61,-46],[62,-44],[61,-39],[62,-33],[63,-26],[64,-23],[63,-26],[63,-27],[62,-30],[62,-31],[61,-33],[60,-34],[60,-36],[59,-35],[58,-36],[59,-36],[60,-35]],[[176250,98680],[39,131],[42,136],[42,141],[43,145],[44,148],[44,150],[44,152],[44,152],[43,151],[42,151],[42,148],[40,145],[40,141],[39,138],[38,133],[38,125],[37,116],[36,107],[37,99],[37,93],[37,88],[37,88],[39,90],[39,93],[40,99],[42,104],[43,110],[44,114],[45,116],[46,117],[47,116],[47,113],[47,110],[46,104],[46,100],[44,96],[44,93],[43,92],[41,92],[39,93],[37,96],[34,99],[33,104],[31,109]],[[173739,107790],[5,-149],[4,-143],[2,-139],[0,-135],[-1,-134],[-2,-132],[-3,-133],[-3,-135],[-4,-137],[-4,-140],[-4,-146],[-3,-151],[-3,-158],[-4,-165],[-4,-171],[-6,-175],[-6,-178],[-7,-179],[-7,-181],[-7,-180],[-7,-178],[-7,-176],[-6,-171],[-5,-167],[-4,-160],[-6,-155],[-5,-152],[-7,-148],[-6,-146],[-6,-145],[-7,-144],[-5,-144],[-5,-144],[-3,-145],[-2,-148],[-1,-150],[2,-154],[3,-157],[4,-159],[3,-161],[4,-163],[3,-163],[4,-162],[3,-163],[3,-161],[3,-159],[2,-157],[3,-153],[2,-151],[2,-144]],[[97616,109893],[30,-143],[30,-140],[31,-138],[31,-137],[30,-137],[31,-137],[31,-139],[32,-142],[32,-147],[33,-152],[34,-157],[34,-161],[34,-166],[35,-166],[35,-163],[35,-158],[35,-151],[35,-144],[33,-137],[33,-131],[32,-126],[31,-123],[29,-123],[29,-123],[27,-126],[27,-132],[25,-140],[24,-146],[23,-153],[20,-156],[20,-160],[18,-160],[18,-159],[16,-158],[17,-154],[16,-150],[17,-146],[17,-141],[19,-138],[19,-134],[21,-134],[24,-138],[26,-141],[28,-143],[30,-146],[32,-147],[34,-147],[34,-148],[34,-147]],[[98977,102808],[57,41],[57,46],[55,52],[54,57],[55,61],[54,62],[54,61],[54,60],[54,58],[55,54],[55,49],[55,45],[56,38],[57,34],[58,32],[58,31],[60,30],[59,31],[61,30],[60,31],[61,29],[60,30],[61,28],[60,27],[60,25],[59,23],[59,16],[57,9],[56,3],[56,-3],[56,-7],[56,-10],[56,-11],[56,-11],[57,-9],[58,-6],[59,0],[60,6],[61,14],[59,22],[58,28],[57,34],[57,38],[55,41],[55,44],[55,43],[55,44]],[[101664,104158],[-8,161],[-5,162],[-3,163],[0,164],[0,164],[1,163],[2,163],[1,162],[0,161],[0,159],[-2,158],[-4,156],[-7,154],[-9,155],[-10,157],[-13,158],[-13,161],[-13,161],[-13,163],[-12,162],[-10,162],[-7,161],[-4,158],[0,154],[4,151],[7,143],[11,137],[13,131],[16,125],[17,123],[18,121],[18,119],[18,121],[17,124],[16,127],[13,133],[12,140],[10,148],[11,152],[11,156],[12,158],[12,162],[11,162],[11,164],[11,163],[9,163],[9,161],[7,159],[5,156],[4,153],[3,150],[3,148],[2,146],[2,147],[0,146],[0,148],[-1,148],[-2,151],[-4,152]],[[101664,104158],[51,-77],[52,-81],[53,-86],[55,-91],[57,-98],[58,-101],[60,-104],[61,-105],[59,-104],[59,-102],[57,-99],[54,-95],[53,-91]],[[102393,102924],[61,43],[62,45],[62,46],[61,48],[61,50],[59,53],[59,51],[58,51],[57,48],[55,47],[54,46],[53,45],[51,43],[51,44],[51,43],[52,45],[52,47],[55,50],[57,55],[60,65],[60,74],[63,82],[63,88],[65,90],[64,91],[65,89],[64,85],[64,80],[64,72],[62,63],[61,53],[61,44],[58,38],[58,35],[57,32],[57,31],[58,29],[58,28],[59,28],[60,29],[61,30],[61,32],[62,33],[61,35],[60,37],[58,35],[56,35],[54,32],[52,32],[49,32]],[[104675,113682],[-35,-98],[-99,-387],[-78,-575],[-100,51],[56,629],[-81,295],[-166,-325],[-115,15],[-142,168],[-260,-153],[-76,-170],[-160,173],[-113,619],[-111,384],[0,442],[-33,113]],[[86044,107709],[38,-121],[39,-121],[38,-121],[37,-124],[37,-123],[36,-123],[34,-124],[33,-123],[32,-123],[31,-123],[32,-122],[30,-121],[32,-119],[31,-114],[30,-106],[30,-102],[30,-99],[30,-100],[31,-104],[31,-108],[31,-114],[33,-122],[33,-128],[34,-134],[34,-138],[36,-140],[36,-141],[37,-138],[37,-137],[39,-136],[39,-135],[41,-138],[42,-140],[43,-142],[43,-144],[42,-145],[43,-145],[42,-147],[41,-146],[42,-146],[42,-146],[42,-145],[43,-143],[44,-143],[44,-141],[45,-140],[44,-138],[44,-134],[44,-131]],[[87866,101371],[66,39],[65,43],[65,47],[63,51],[62,56],[60,60],[59,62],[57,66],[56,66],[55,66],[54,65],[53,63],[55,56],[57,49],[59,43],[61,38],[63,36],[62,35],[63,36],[61,38],[61,41],[59,46],[56,52],[54,59],[52,65],[49,72],[46,74],[46,72],[45,71],[45,67],[45,65],[45,61],[46,58],[47,54],[49,51],[50,49],[51,48],[52,48],[54,49],[55,52],[56,56],[58,61],[59,63],[59,66],[61,67],[60,68]],[[90422,103921],[9,135],[8,132],[8,130],[8,129],[8,129],[9,129],[8,129],[8,129],[8,129],[8,129],[7,129],[8,131],[8,132],[8,133],[8,135],[9,135],[8,135],[9,136],[8,137],[9,138],[9,141],[9,144],[9,145],[9,147],[10,148],[10,150],[11,152],[9,155],[7,158],[5,160],[5,162],[3,163],[4,164],[3,164],[5,164],[5,162],[7,162],[9,159],[12,157],[14,157],[17,161],[20,165],[21,168]],[[169661,107272],[8,-155],[7,-155],[7,-156],[8,-156],[8,-157],[9,-157],[10,-159],[12,-158],[13,-158],[12,-153],[12,-148],[10,-145],[9,-140],[9,-139],[7,-136],[8,-136],[7,-136],[8,-138],[8,-141],[9,-146],[11,-151],[13,-156],[15,-158],[15,-160],[18,-163],[18,-164],[20,-167],[21,-167],[21,-169],[21,-168],[20,-166],[20,-165],[18,-161],[16,-157],[16,-149],[16,-144],[14,-139],[14,-134],[13,-130],[12,-129],[12,-127],[11,-128],[11,-129],[11,-132],[12,-136],[12,-141],[13,-144],[13,-146],[15,-147],[15,-147],[15,-149],[17,-148],[16,-148],[16,-147]],[[170363,99237],[61,-47],[57,-49],[54,-54],[51,-56],[49,-59],[47,-60],[46,-62],[45,-61],[45,-61],[47,-61],[48,-59],[50,-57],[53,-55],[57,-51],[60,-48],[62,-45],[64,-44],[66,-43],[66,-45],[68,-47],[67,-49],[68,-52],[67,-57],[66,-59],[64,-63],[62,-66],[60,-67],[59,-65],[58,-63],[58,-60],[58,-59],[57,-57],[57,-56]],[[172260,97400],[45,114],[46,114],[47,115],[48,114],[48,113],[49,111],[50,108],[50,106],[50,102],[50,98],[50,95],[49,91],[47,86],[47,84],[46,80],[47,77],[47,76],[47,75],[48,73],[48,73],[48,73],[48,73],[46,74],[45,74],[43,74],[41,74],[40,74],[38,75],[37,76],[36,77]],[[266725,97586],[118,-247],[261,152],[35,-88],[43,-54],[37,-36],[36,-34],[40,3],[38,-23],[39,10],[41,-8],[35,39],[38,39],[41,18],[35,-16],[41,-2],[38,12],[37,37],[35,43],[21,13],[55,24],[47,-55],[32,-25],[289,-289],[28,38],[32,18],[29,31],[32,18],[30,29],[32,13],[29,38],[28,37],[27,49],[25,51],[24,52],[19,67],[29,33],[27,47],[28,44],[23,62],[199,175],[-1,98],[4,101],[0,98],[-7,98],[-26,110],[-16,124],[-31,106],[-44,72],[-115,230],[-197,160],[37,80],[34,90],[37,21],[38,25],[38,21],[31,23],[161,101],[217,13],[-37,456],[89,106],[46,-80],[52,-44],[52,36],[24,6],[36,20],[37,39],[-2,82],[-5,78],[-11,77],[-5,80],[-20,70],[-23,54],[-1,2],[-22,150],[40,10],[35,49],[28,-46],[28,-41],[34,-11],[32,-25],[18,-3],[106,-95],[23,152],[52,80],[33,20],[28,75],[47,75],[178,-8]],[[269850,100836],[3,12],[28,113],[25,113],[22,113],[21,113],[20,114],[20,114],[21,115],[23,117],[26,118],[28,122],[31,124],[31,128],[33,135],[33,142],[34,148],[33,152],[33,157],[31,159],[31,162],[30,164],[28,165],[28,167],[26,168],[26,165],[26,161],[25,156],[23,151],[21,149],[21,147],[22,147],[22,146],[24,148],[26,148],[28,151],[29,151],[23,114]],[[270805,105905],[0,5],[18,85]],[[270823,105995],[1,5]],[[270824,106000],[2,101],[14,95],[9,96],[-2,98],[1,113],[3,114],[-4,49],[0,175],[-102,199],[-35,113],[-38,109],[-29,123],[-12,140],[-52,56],[-47,78],[-40,106],[-40,98],[-31,20],[-32,13],[-29,39],[-32,18],[-31,28],[-33,0],[-31,5],[-32,-18],[-19,70],[-8,21],[-16,59],[-9,67],[-11,82],[-24,55],[-26,56],[-24,57],[-23,67],[-26,47],[-30,28],[-33,13],[-17,13],[-18,15],[-23,39],[-30,41],[-32,8],[-32,21],[-11,95],[-13,62],[-6,52],[-7,85],[-20,95],[-33,16],[-33,38],[-33,8],[-33,-21],[-132,-87],[-116,64],[-16,13],[-45,21],[-151,374],[-40,67],[-43,33],[-29,11],[-57,54],[-122,271],[-336,149],[-47,-2],[-70,51],[-43,49],[-21,3],[-318,240],[-195,180],[-6,13],[-31,23],[-38,36],[-35,83],[-42,59],[-37,80],[-42,54],[-81,-30],[-60,82],[-12,23],[-23,83],[-31,72],[-39,31],[-35,54],[-40,13],[-39,26],[-48,72],[-50,57],[-53,41],[-55,26],[-24,72],[-29,54],[-210,78],[-16,7],[-33,11]],[[271505,113032],[9,-88],[6,-88],[26,-69],[16,-75],[263,-62],[72,13],[39,-23],[55,7],[55,34],[35,95],[22,124],[39,13],[24,-5],[34,2],[30,31],[7,85],[-4,86],[-10,-135],[-265,178],[-47,47],[-49,28],[-50,23],[-51,0],[-50,-7],[-50,-8],[-48,-46],[-47,-37],[-61,-123]],[[269850,100836],[52,-2],[30,-73],[37,-36],[33,-64],[39,-21],[1,-82],[11,-83],[48,-31],[42,-59],[49,-13],[46,-13],[46,-54],[48,-21],[49,16],[48,0],[125,-183],[124,23],[24,-49],[31,-31],[24,-52],[26,-41],[30,-36],[30,-21],[32,-5],[33,5],[190,-129],[5,-108],[6,-106],[88,-137],[13,-95],[11,-95],[1,-3],[24,-188],[23,-91],[12,-103],[28,-72],[33,-64],[27,-52],[30,-41],[19,-67],[15,-75],[15,-72],[14,-75],[6,-21],[13,-46],[20,-65],[-14,-255],[56,-183],[31,-36],[31,-24],[19,-15],[63,-52],[11,-18],[30,-28],[32,-31],[32,-21],[25,-165],[3,-26],[7,-103],[-6,-100],[23,-85],[32,-65],[8,-39],[25,-147],[39,-46],[158,-88],[176,-534],[7,-126],[15,-121],[61,-114],[12,-46],[23,-62],[31,-26],[27,-51],[28,-44],[26,-47],[102,18],[42,-54],[15,-33],[18,-13],[42,-57],[45,10],[19,5],[116,26],[38,-54],[4,-3],[107,-154],[56,28],[57,36],[87,-51],[9,-8],[39,-85],[46,-49],[48,-39],[48,-23],[49,31],[50,-3],[75,96],[40,-52],[35,-77],[41,-47],[44,-26],[41,-28],[46,-10],[43,-8],[46,-13],[188,36],[222,-229],[26,-111],[21,-119],[27,-106],[35,-95],[122,-137],[41,-15],[46,2],[44,21],[42,36],[33,26],[31,23],[28,39],[33,23],[20,54],[93,108],[-38,168],[-32,44],[-33,23],[-13,8],[-101,95],[-11,29],[-26,7],[-42,42],[44,142],[-171,448],[-53,37],[-55,30],[-56,19],[-55,-16],[-22,70],[-2,5],[-60,183],[-4,21],[-15,80],[-22,72],[-28,62],[-26,54],[35,15],[33,36],[210,155],[-38,158],[-61,38],[-60,13],[-57,52],[-62,-3],[-231,5],[-60,70],[-34,80],[-52,46],[-53,39],[-13,137],[-25,124],[42,216],[16,49],[8,78],[39,203],[-24,137],[-28,129],[-38,13],[-38,-5],[-39,-10],[-39,-8],[-38,-11],[-39,-7],[-34,-44],[-36,-47],[-113,-116],[-36,67],[-42,49],[-43,42],[-49,2],[-58,454],[0,44],[-14,101],[-14,100],[-18,93],[-54,70],[-31,41],[-38,72],[-47,31],[-25,573],[-81,552],[-28,39],[-24,46],[-33,13],[-32,8],[-34,100],[-51,47],[-29,15],[-33,10],[-32,0],[-31,-12],[-40,263],[-25,103],[-37,77],[-29,98],[-33,88],[-38,75],[-34,80],[-44,54],[-40,67],[-51,41],[-54,16],[-60,211],[2,98],[3,101],[-18,87],[-5,101],[-155,570],[18,467],[678,46],[68,60],[8,118],[19,111],[-2,122],[-12,118],[0,80],[-4,83],[-13,72],[-17,67],[-40,90],[-49,49],[-12,109],[-25,87],[-19,98],[-32,70],[-146,317],[-44,26],[-41,57],[-44,-16],[-46,13],[-43,-13],[-43,-5],[-41,-20],[-48,7],[-19,60],[-25,46],[-21,62],[-26,41],[-31,18],[-26,39],[-33,-10],[-31,13],[-281,472],[-94,23],[-18,13],[-39,0],[-71,62],[-29,61],[-35,37],[-39,-11],[-18,8],[-49,44],[-5,5],[-37,28],[-108,-2],[-16,5],[-40,-8],[-29,124],[14,150],[6,41],[8,93]],[[270823,105995],[0,0]],[[272993,105128],[54,-281],[34,-69],[40,-47],[38,-44],[42,-23],[43,-18],[44,-3],[43,3],[42,-8],[24,-142],[47,-95],[133,-106],[111,-250],[136,186],[36,-26],[33,-26],[6,0],[63,-49],[32,-113],[17,-29],[94,-283],[62,-16],[33,21],[147,5],[29,8],[30,10],[32,15],[27,42],[186,-80],[43,-5],[41,23],[32,15],[50,13],[26,52],[26,51],[30,44],[21,65],[50,33],[31,0],[38,39],[40,33],[92,165],[36,19],[35,23],[37,36],[18,33],[24,21],[27,-3],[35,26],[32,52],[35,41],[126,232],[93,328],[2,88],[14,79],[-5,86],[-1,85],[57,-23],[32,20],[55,-2],[23,-13],[56,7],[42,-113],[37,-3],[37,24],[29,61],[35,31],[36,16],[31,44],[28,62],[32,49],[8,93],[11,85],[6,92],[-5,93],[-22,85],[-35,55],[-25,82],[-32,54],[0,127],[12,77],[-8,106],[-1,108],[29,-18],[32,-20],[15,-3],[47,-23],[134,139],[19,64],[9,78],[19,62],[24,49],[19,144],[13,155],[-10,119],[0,121],[-18,103],[-15,116],[33,108],[10,132],[-44,85],[-50,44],[-54,23],[-54,-13],[-35,201],[-144,-276],[-29,80],[-25,83],[-33,62],[-41,36],[-24,49],[-29,31],[-32,-3],[-30,24],[-31,0],[-31,13],[-31,-13],[-29,-21],[-29,-119],[89,-487],[75,-789],[-33,-135],[-8,-77],[-1,-77],[-156,54],[-8,8],[-57,12],[-29,-41],[-31,-33],[-10,-29],[-45,-67],[-42,-75],[-43,-80],[-25,-116],[-34,-98],[-16,-134],[-29,-98],[-2,-131],[-7,-129],[-32,-57],[-39,-26],[-31,-64],[-21,-80],[-36,-24],[-33,-10],[-34,-15],[-33,-42],[-38,26],[-23,23],[-32,16],[-7,2],[-150,104],[-25,-57],[-2,-5],[-72,-165],[-32,44],[-37,10],[-35,-5],[-36,7],[-74,418],[-42,-98],[-50,-69],[-25,-129],[-38,-111],[-36,-5],[-34,0],[-34,-37],[-31,-43],[-90,121],[-49,-34],[-52,0],[-45,-69],[-44,-62],[-41,20],[-11,-5],[-110,34],[-188,222],[-34,-42],[-31,-18],[-32,-36],[-26,-57],[-40,34],[-35,46],[-39,24],[-41,15],[-81,-131],[-109,206],[-38,-83],[-24,-113],[-16,-121],[-10,-122]],[[274417,112059],[165,-462],[54,-28],[57,23],[55,24],[56,23],[13,273],[-16,106],[-48,75],[-47,80],[-56,31],[-49,54],[-51,-29],[-52,-12],[-42,-78],[-39,-80]],[[274782,96905],[28,-116],[6,-137],[34,-103],[39,-93],[53,-18],[53,-25],[22,5],[86,-23],[21,82],[21,52],[18,74],[15,75],[-109,271],[-75,-90],[-145,222],[-67,-176]],[[275097,111487],[29,-49],[25,-52],[31,-52],[33,-20],[34,-31],[34,-5],[34,7],[35,-18],[59,-100],[24,-60],[29,-46],[16,-83],[17,-74],[18,-78],[24,-64],[33,-16],[33,-15],[35,-26],[30,-36],[29,-44],[34,-26],[30,-38],[33,-26],[33,-129],[43,-103],[47,-91],[43,-100],[97,-142],[12,-26],[40,-46],[38,-24],[41,-41],[41,10],[42,-12],[45,-101],[53,-75],[9,-75],[11,-77],[20,-57],[20,-59],[140,-353],[140,-674],[-7,-77],[-5,-80],[-4,-77],[-5,-80],[2,-80],[7,-80],[-3,-78],[2,-82],[52,-421],[29,-82],[19,-98],[34,-80],[38,-47],[47,29],[44,36],[21,90],[34,60],[15,95],[12,95],[2,86],[-1,77],[-10,80],[-8,80],[70,400],[-20,74],[0,3],[-28,108],[-8,44],[-13,85],[-24,67],[-15,83],[-27,57],[-20,72],[-326,392],[-70,384],[-24,70],[-26,59],[-28,54],[-33,44],[-32,42],[-14,5],[-76,134],[-142,454],[-191,124],[-27,74],[-11,13],[-82,183],[-23,55],[-28,41],[-28,46],[-16,11],[-121,193],[-185,85],[-40,186],[-51,52],[-7,7],[-29,44],[-30,21],[-23,13],[-96,98],[-46,-44],[-39,-72]],[[278428,104865],[9,-103],[16,-93],[10,-100],[14,-96],[173,-400],[14,-136],[40,-70],[38,-80],[50,-21],[44,-43],[47,-158],[-39,-418],[37,-103],[34,-113],[39,-98],[40,-101],[135,-204],[57,-25],[26,-34],[25,8],[57,-26],[61,70],[10,5],[9,18],[60,64],[15,88],[3,59],[9,65],[10,51],[7,91],[-14,271],[-17,69],[-19,72],[-26,55],[-16,36],[-12,36],[-11,64],[-19,67],[-22,70],[-30,44],[-26,51],[-30,34],[-6,5],[-159,219],[-15,150],[-28,139],[-180,526],[-107,462],[-31,3],[-31,28],[-33,-2],[-32,0],[-30,-26],[-18,-11],[-32,0],[-15,6],[-32,-8],[-16,-114],[-16,-113],[-7,-78],[-20,-152]],[[90422,103921],[49,-73],[50,-76],[50,-81],[52,-85],[51,-91],[52,-97],[52,-102],[50,-107],[50,-106],[50,-104],[51,-100],[51,-98],[51,-95],[51,-94],[51,-92],[50,-95],[49,-99],[49,-105],[48,-112],[48,-119],[49,-124],[48,-129],[47,-134],[45,-137],[44,-138],[43,-137],[42,-132],[41,-126],[41,-121],[41,-115],[42,-110],[41,-107],[43,-104],[43,-104],[47,-105],[49,-104],[51,-105],[55,-102],[56,-99],[57,-93]],[[92352,99664],[61,49],[63,50],[63,51],[63,52],[64,50],[63,48],[63,46],[61,44],[60,40],[57,37],[55,36],[53,40],[53,43],[52,46],[52,49],[52,50],[51,51],[52,50],[52,50],[53,47],[53,45],[54,40],[56,36],[57,31],[60,22],[61,17],[62,12],[64,10],[65,8],[65,8],[65,9],[65,11],[65,16],[64,20]],[[94351,100878],[12,153],[12,156],[11,159],[10,162],[11,162],[9,162],[10,162],[10,160],[9,156],[9,154],[7,155],[5,158],[4,159],[3,160],[3,161],[1,162],[1,161],[2,162],[1,160],[2,160],[3,157],[3,155],[2,148],[-1,141],[-2,136],[-4,132],[-3,129],[-5,128],[-4,128],[-3,130],[-2,133],[0,137],[2,144],[4,151],[8,155],[10,155],[13,156],[14,156],[16,156],[18,155],[18,156],[19,155],[19,156],[19,156],[18,157],[17,157],[17,160]],[[106627,103963],[33,-137],[31,-144],[29,-147],[28,-148],[26,-146],[26,-142],[25,-136],[25,-128],[25,-122],[24,-114]],[[106899,102599],[53,-5],[51,-2],[51,-1],[49,-3],[47,-8],[46,-15],[43,-23],[41,-29],[40,-36],[38,-39],[38,-43],[38,-45],[39,-44],[39,-43],[41,-40],[43,-35],[45,-29],[49,-22],[50,-18],[51,-16],[53,-15],[53,-13],[55,-15],[55,-15],[57,-17],[57,-20],[58,-25],[58,-28],[59,-34],[58,-40],[61,-46],[64,-50],[66,-54],[67,-56],[69,-59],[68,-60],[68,-61],[67,-61],[66,-61],[65,-59],[62,-58],[61,-55],[59,-54],[58,-56],[59,-60],[59,-63],[60,-64]],[[109433,100904],[56,56],[54,57],[53,58],[53,60],[51,63],[51,65],[50,67],[51,70],[51,72],[51,74],[54,75],[54,77],[55,78],[57,78],[56,81],[58,82],[59,84],[58,86],[59,87],[58,89]],[[110522,102363],[-2,167],[-2,171],[-3,173],[-2,175],[-1,176],[0,176],[2,176],[4,174],[7,172],[9,169],[11,166],[10,168],[10,170],[10,170],[9,172],[8,171],[8,171],[8,170],[8,168],[8,167],[7,165],[9,163],[8,160],[7,154],[7,149],[5,144],[4,140],[3,137],[2,136],[1,136],[0,137],[-2,142],[-3,146],[-4,152],[-5,159],[-3,162],[-3,165],[-1,166],[-1,168],[-1,170],[-1,170],[-1,170],[-2,170],[-4,170],[-5,169],[-7,168],[-10,167],[-10,166],[-8,166],[-7,167],[-6,167],[-4,166],[-4,166],[-3,165],[-2,118]],[[110580,111301],[-54,0],[-34,126],[-160,8],[-225,418],[-508,482],[-122,5],[-20,-446],[-224,57],[-233,-250],[-55,505],[-244,-327],[-54,-870],[-157,-368],[-67,260],[13,182]],[[79330,98781],[22,38],[54,93],[54,91],[55,89],[56,85],[58,83],[59,81],[60,80],[61,78],[62,78],[62,76],[63,77],[63,77],[62,78],[62,80],[59,81],[58,82],[55,86],[52,89],[49,93],[48,93],[47,95],[45,95],[43,97],[42,99],[41,100],[40,103],[39,104],[38,105],[38,108],[37,108],[38,109],[38,110],[39,108],[41,108],[43,106],[45,104],[48,104],[50,105],[51,105],[51,105],[51,104],[51,104],[51,103],[50,101],[50,100],[48,99],[47,97],[47,95],[45,92],[45,91],[44,88]],[[78368,110570],[-16,-105],[-91,-51],[-57,-233],[-175,-139],[-27,-157],[-146,-93],[-61,-240],[-134,-201],[-88,-351],[-165,-469],[-162,-325],[-64,-534],[-6,-431],[232,-764],[-90,-134],[-28,-260],[234,-557],[58,-413],[-69,-428],[-78,64],[-97,-142],[38,-405],[262,-503],[144,-157],[434,-604],[127,-301],[31,-212],[191,-480],[14,-111],[66,-237],[28,-438],[123,-454],[-27,-93],[142,-480],[149,-273],[125,-336],[73,-343],[-36,-139],[108,-260]],[[110522,102363],[69,-41],[69,-40],[69,-39],[67,-38],[68,-34],[68,-26],[69,-20],[70,-16],[71,-12],[70,-12],[71,-12],[70,-15],[69,-17],[69,-23],[68,-28],[67,-35],[66,-42],[63,-49],[63,-51],[61,-54],[62,-54],[63,-52],[63,-50],[64,-47],[65,-43],[66,-40],[65,-37],[65,-34],[65,-33],[64,-31],[63,-32],[62,-31],[61,-32],[59,-33],[58,-34],[56,-36],[55,-37],[54,-39]],[[112989,101064],[35,104],[35,101],[35,99],[36,98],[35,97],[33,99],[33,101],[31,105],[31,109],[28,116],[28,122],[27,125],[27,127],[28,127],[29,128],[30,128],[32,127],[35,126],[35,126],[38,126],[38,127],[40,128],[40,131],[39,134],[39,139],[39,143],[39,144],[39,145],[39,147],[39,148],[40,151],[42,154],[42,159],[45,162],[45,166],[47,169],[47,170],[46,171],[46,168],[44,165],[41,161],[39,160],[37,158],[36,154],[35,149],[16,68]],[[114669,107226],[-208,164],[-139,467],[-70,36],[-213,485],[-125,418],[-110,212],[-65,320],[-180,87],[-588,1084],[-110,85],[-426,645],[-437,139],[-73,-96],[-472,-128],[-102,33],[1,-307],[-74,199],[-286,95],[-140,248],[-141,-111],[-131,0]],[[156784,106496],[37,7],[54,18],[-10,-382],[90,-650],[-20,-74],[-6,-34],[-45,-188],[9,-85],[14,-80],[13,-44],[20,-108],[16,-96],[17,-93],[32,-72],[21,-88],[23,-87],[23,-88],[37,-49],[33,-67],[151,113],[25,6],[57,51],[28,103],[19,47],[20,82],[19,85],[52,-7],[22,-18],[39,-6],[37,-18],[39,3],[36,-31],[32,8],[-118,-80],[-27,-88],[-24,-93],[-156,-149],[-88,46],[-43,-3],[-39,-38],[-38,-21],[-43,0],[-36,-49],[-33,-67],[-39,-26],[-36,-46],[9,-98],[-1,-96],[10,-92],[6,-96],[16,-82],[20,-86],[10,-92],[10,-93],[32,-54],[30,-55],[28,-64],[31,-57],[20,-80],[25,-77],[23,-75],[19,-85],[22,-59],[0,-3],[147,-400],[29,-699],[31,-170],[5,-54],[12,-75],[14,-77],[5,-80],[3,-83],[-4,-80],[17,-67],[14,-75],[10,-75],[15,-72],[27,-44],[22,-62],[18,-67],[17,-67],[11,-116],[18,-108],[11,-116],[23,-103],[19,-109],[17,-111],[35,-77],[27,-101],[12,-90],[20,-80],[20,-75],[25,-72],[1,-402],[-1,-13],[3,-139],[-2,-98],[3,-16],[4,-266],[-57,-49],[-17,-12],[-26,-29],[-47,-46],[-178,-604],[30,-131]],[[157641,97486],[62,5],[70,5],[73,1],[75,-1],[76,-3],[77,-4],[77,-4],[77,-3],[76,-2],[75,1],[72,3],[70,7],[67,11],[63,15],[61,20],[58,22],[56,25],[54,25],[53,24],[52,25],[51,23],[51,22],[51,21],[52,18],[54,17],[55,15],[56,15],[58,16],[59,15],[60,16],[62,16],[61,16],[62,16],[63,15],[61,15],[61,15],[60,14],[58,13],[57,10],[55,5],[55,1],[54,-1],[54,-3],[54,-4],[55,-4],[54,-3],[56,-1],[57,2],[59,7],[60,13],[61,22]],[[160751,98000],[19,144],[20,148],[21,152],[21,152],[19,152],[17,151],[17,152],[15,151],[16,152],[14,152],[15,153],[16,154],[17,156],[18,157],[20,160],[22,163],[24,164],[25,163],[27,161],[27,158],[29,154],[29,151],[28,148],[28,146],[27,146],[26,147],[23,150],[21,153],[19,156],[16,155],[15,155],[13,156],[13,157],[12,156],[13,157],[14,157],[16,157],[17,158],[20,158],[22,159],[24,162],[27,163],[28,166]],[[165826,100945],[9,-160],[9,-160],[8,-158],[8,-156],[7,-153],[5,-150],[3,-145],[1,-141],[1,-140],[-1,-138],[-1,-138]],[[165875,99306],[55,-64],[54,-68],[52,-73],[53,-74],[53,-76],[53,-80],[54,-82],[55,-84],[56,-87],[55,-88],[57,-89],[56,-88],[56,-87],[56,-85],[56,-84],[56,-81],[55,-79],[54,-81],[53,-82],[53,-83],[50,-85],[49,-86],[47,-86],[46,-86],[44,-87],[42,-86],[41,-86],[41,-85],[42,-83],[42,-81],[43,-78],[45,-78],[45,-76],[46,-74],[47,-72],[49,-70],[49,-69],[49,-67],[51,-67],[50,-67],[51,-68],[51,-67],[50,-67],[50,-67],[51,-68],[51,-68],[55,-67]],[[168244,95650],[51,80],[54,81],[56,85],[58,86],[59,88],[61,88],[60,89],[60,87],[58,87],[56,85],[52,84],[49,82],[47,80],[47,80],[46,81],[47,84],[46,89],[46,95],[45,101],[46,107],[46,113],[46,116],[46,118],[46,119],[48,115],[47,110],[51,105],[55,103],[59,99],[62,95],[64,91],[67,88],[68,86],[67,84],[66,83],[63,83],[61,81],[58,80],[55,79]],[[94351,100878],[50,-103],[48,-96],[45,-87],[42,-82],[40,-78],[38,-74],[37,-73],[35,-72],[35,-72],[37,-72],[38,-73],[41,-74],[43,-75],[46,-77],[48,-79],[50,-80],[52,-80],[52,-79],[54,-76],[56,-73],[57,-71],[58,-70],[60,-69],[59,-69],[60,-71],[59,-74],[58,-79],[58,-84],[56,-90],[55,-96],[52,-101]],[[95870,98429],[59,28],[54,25],[51,21],[49,19],[47,17],[45,15],[44,13],[44,14],[45,14],[47,17],[49,19],[53,24],[57,28],[61,32],[64,35],[67,38],[69,39],[69,39],[70,39],[69,38],[67,36],[65,33],[62,30],[59,25],[54,22],[52,19],[49,17],[47,17],[47,15],[48,16],[48,15],[49,17],[52,17],[53,19],[56,20],[58,22],[61,24],[63,24],[66,23]],[[98039,99354],[44,113],[44,113],[44,114],[43,114],[41,115],[40,115],[37,116],[36,116],[34,117],[33,116],[32,114],[32,114],[32,114],[33,114],[32,114],[33,117],[33,117],[32,121],[33,123],[32,126],[32,129],[31,134],[30,136],[29,139],[27,144],[25,147],[23,150],[21,152]],[[82985,103065],[23,-102],[25,-103],[26,-104],[28,-109],[27,-114],[27,-119],[26,-122],[25,-125],[22,-129],[21,-133],[20,-136],[20,-140],[21,-143],[21,-144],[23,-143],[24,-143],[25,-142],[27,-141],[29,-143],[29,-146],[30,-150],[29,-152],[30,-155],[31,-156],[31,-156],[32,-157],[32,-155],[33,-154],[33,-150],[33,-147],[33,-141],[34,-135],[35,-131],[36,-129],[38,-130],[38,-131],[37,-131],[35,-134],[33,-135],[28,-138],[26,-140],[22,-144],[19,-147],[17,-151],[17,-156],[18,-159],[20,-155],[24,-153],[28,-149],[31,-145],[34,-144],[35,-142],[35,-142],[34,-143],[31,-146],[29,-150],[24,-154],[20,-158],[16,-163],[15,-162]],[[84630,94614],[41,-54],[42,-54],[41,-54],[42,-54]],[[84796,94398],[53,50],[53,51],[55,52],[55,52],[56,54],[57,54],[56,54],[56,56],[56,55],[56,57],[56,57],[56,58],[56,58],[57,59],[58,59],[58,60],[59,60],[60,60],[60,59],[61,59],[60,58],[58,58],[54,60],[52,61],[49,63],[47,66],[46,68],[43,72],[43,74],[42,77],[42,79],[43,81],[43,83],[45,84],[47,85],[50,84],[53,83],[56,82],[57,81],[58,82],[57,83],[56,85],[55,88],[53,89],[51,92],[48,94],[46,94],[45,94],[43,93]],[[87372,97815],[1,165],[2,162],[4,158],[7,155],[10,149],[15,142],[19,135],[21,128],[22,123],[24,119],[24,115],[24,113],[25,112],[25,111],[24,112],[25,113],[24,117],[24,120],[23,125],[21,129],[21,132],[20,133],[19,134],[19,136],[18,137],[17,140],[16,141]],[[160751,98000],[39,-101],[38,-99],[38,-98],[38,-100],[36,-101],[34,-105],[34,-108],[32,-111],[31,-114],[31,-116],[30,-116],[32,-114],[32,-113],[35,-114],[37,-118],[39,-120],[41,-123],[43,-125],[44,-125],[45,-124],[45,-123],[44,-120],[43,-115],[43,-110],[41,-105],[40,-100],[38,-97],[37,-95],[38,-92],[38,-91],[40,-92]],[[161927,94615],[56,10],[57,6],[57,3],[58,-2],[60,-8],[61,-13],[60,-16],[58,-18],[58,-20],[57,-22],[57,-23],[56,-25],[56,-25],[57,-27],[57,-29],[58,-29],[60,-29],[61,-30],[64,-29],[65,-31],[66,-30],[68,-31],[68,-30],[68,-31],[69,-31],[68,-32],[67,-31],[67,-33],[65,-33],[64,-34],[64,-36],[67,-36]],[[163901,93870],[48,98],[48,98],[47,98],[44,97],[42,98],[40,97],[37,99],[36,100],[33,101],[33,103],[32,105],[32,107],[31,108],[31,109],[31,112],[31,113],[30,115],[31,116],[32,117],[32,118],[33,118],[35,117],[36,117],[37,116],[39,115],[38,116],[38,117],[38,117],[38,116],[39,114],[39,114],[40,114],[40,114],[41,115],[42,117],[44,121],[46,123],[48,126],[51,128],[52,129],[53,128],[54,126],[55,123],[55,122],[55,119],[56,117],[56,115],[55,113]],[[112989,101064],[17,-123],[18,-127],[18,-131],[18,-137],[20,-144],[18,-144],[17,-144],[15,-142],[14,-141],[14,-140],[14,-140],[14,-140],[14,-141],[16,-140],[18,-141],[19,-140],[21,-141],[22,-139],[25,-139],[26,-139]],[[113347,98291],[59,-75],[59,-74],[59,-74],[59,-73],[58,-72],[57,-68],[57,-67],[56,-70],[56,-71],[55,-71],[54,-73],[54,-73],[55,-73],[54,-72],[54,-73],[55,-73],[56,-72],[55,-74],[54,-73],[54,-72],[52,-70],[50,-67],[49,-66],[48,-64],[46,-64],[47,-64],[47,-64],[46,-64],[47,-67],[48,-68],[48,-70],[49,-74],[51,-75],[53,-77],[54,-79],[55,-80],[56,-82],[58,-84],[57,-84],[59,-85],[58,-84],[58,-82],[49,-68]],[[115652,95166],[156,328],[122,459],[27,261],[228,436],[93,366],[147,377],[136,614],[16,234],[160,1006],[6,225],[106,727],[-78,410],[81,214],[-72,171],[64,0],[15,851],[-53,180],[-93,983],[5,243],[-57,590],[-51,109],[-148,1529],[-133,601],[-73,147],[-423,196],[-108,-87],[-257,28],[-139,-49],[-175,100],[-90,256],[-203,10],[-80,232],[-75,284],[-37,29]],[[176250,98680],[20,-156],[21,-151],[19,-144],[18,-136],[16,-131],[15,-127],[15,-124],[14,-124],[15,-125],[15,-127],[16,-130],[17,-135],[19,-142],[20,-150],[22,-155],[23,-160],[24,-163],[25,-165],[26,-166],[26,-166],[26,-165],[26,-165],[26,-164],[25,-162],[24,-160],[22,-158],[21,-156],[21,-152],[23,-149],[23,-145],[24,-141],[25,-139],[24,-136],[24,-136],[23,-135],[23,-135],[22,-137],[21,-140],[21,-143],[20,-148],[19,-148],[19,-148],[17,-148]],[[177155,92393],[66,20],[67,17],[67,12],[65,2],[64,-5],[63,-13],[62,-16],[62,-18],[62,-19],[63,-16],[64,-13],[64,-6],[67,1],[69,12],[70,21],[72,22],[71,21],[72,22],[71,20],[72,19],[70,19],[71,16],[69,16],[68,13],[68,11],[66,9],[65,7],[66,6],[66,5],[68,3],[67,0],[69,-3],[68,-6],[68,-8],[67,-11],[66,-14],[64,-17],[63,-21],[61,-22],[59,-22],[56,-20],[55,-20],[54,-20],[53,-19],[52,-19],[54,-19],[54,-20],[55,-21],[56,-21],[59,-23],[61,-23],[61,-20],[61,-14],[62,-11],[61,-7],[62,-5],[62,-1],[62,1],[63,3],[62,4],[29,2]],[[181011,92184],[26,357],[-105,227],[43,36],[34,75],[22,98],[35,72],[27,116],[14,127],[-54,257],[26,68],[12,59],[54,170],[-60,681],[-80,67],[-27,75],[-6,39],[-10,51],[-5,98],[-15,93],[-27,67],[-29,65],[-34,51],[-27,70],[-159,137],[-27,-31],[-22,-60],[-55,302],[-19,90],[-31,60],[-35,51],[-35,36],[-5,98],[-3,16],[-20,278],[-79,671],[7,142],[-9,85],[-4,328],[-25,80],[-31,62],[-35,38],[-36,54],[5,155],[-5,152],[-73,163],[22,116],[7,131],[-70,117],[1,108],[1,108],[3,109],[-4,108],[-24,90],[-23,90],[-9,104],[-10,108],[19,88],[7,28],[119,555],[-1,105],[10,91],[0,100],[-15,93],[-87,199],[-10,44],[-35,67],[19,131],[2,134],[-13,132],[-2,137],[115,575],[92,147],[4,136],[2,137],[-75,292],[-144,87],[-142,547],[-140,204],[-98,263],[2,415],[-7,78]],[[102393,102924],[6,-153],[6,-151],[6,-152],[7,-152],[9,-155],[10,-155],[12,-156],[15,-159],[17,-160],[19,-161],[20,-162],[20,-163],[19,-162],[19,-162],[17,-162],[15,-160],[11,-159],[10,-160],[9,-167],[10,-171],[11,-176],[10,-177],[11,-177],[11,-177],[10,-174],[11,-171],[11,-165],[10,-160],[9,-154],[9,-146],[8,-135],[7,-128],[7,-122],[6,-119],[5,-119],[6,-119],[5,-122],[5,-125],[6,-130],[6,-135],[6,-138],[6,-142],[7,-145],[6,-148],[7,-151],[8,-154],[9,-156],[10,-157],[11,-157],[12,-157],[11,-154],[12,-152]],[[102919,95000],[62,-67],[58,-63],[55,-57],[51,-53],[49,-53],[49,-56],[47,-58],[47,-60],[47,-62],[47,-63],[47,-65],[48,-65],[49,-65],[50,-66],[50,-66],[50,-66],[49,-64],[46,-55],[45,-48],[42,-44]],[[103907,93804],[53,72],[53,73],[53,75],[53,73],[55,72],[57,67],[57,63],[60,55],[62,47],[63,38],[63,35],[62,31],[62,29],[61,26],[61,24],[60,23],[59,22],[59,22],[58,23],[58,24],[58,27],[57,30],[57,34],[56,38],[55,41],[54,44],[54,45],[53,46],[54,48],[53,48],[54,48],[55,48]],[[105736,95195],[14,143],[16,139],[17,138],[19,137],[20,136],[20,137],[21,138],[20,139],[20,143],[18,146],[17,150],[17,152],[16,155],[16,155],[17,155],[17,154],[18,153],[19,151],[20,149],[21,147],[23,143],[25,140],[26,136],[29,130],[28,120],[29,114],[29,108],[29,104],[29,103],[30,103],[30,105],[30,108],[31,113],[30,119],[31,126],[30,133],[29,138],[27,139],[25,141],[23,143],[22,144],[20,147],[19,149],[17,152],[17,154],[17,156],[16,157],[16,160],[17,158],[18,160],[19,162],[20,162],[19,160]],[[172260,97400],[11,-178],[12,-177],[13,-172],[12,-167],[13,-162],[13,-155],[13,-155],[13,-156],[14,-157],[14,-158],[15,-159],[15,-160],[16,-161],[17,-162],[18,-162],[19,-163],[20,-162],[21,-161],[21,-155],[20,-148],[19,-141],[19,-137],[19,-134],[18,-132],[18,-131],[18,-133],[18,-135],[18,-139],[18,-146],[18,-153],[17,-161],[16,-167],[14,-171],[12,-175],[12,-177],[10,-178],[9,-177],[9,-173],[10,-169]],[[172862,91241],[67,-54],[66,-51],[63,-47],[61,-44],[58,-42],[56,-43],[53,-43],[52,-42],[50,-41],[49,-41],[49,-39],[49,-38],[50,-37],[51,-36],[52,-34],[55,-33],[58,-31],[61,-27],[64,-24],[66,-21],[67,-19],[68,-17],[68,-16],[68,-15],[66,-16],[65,-17],[63,-18],[61,-22],[58,-26],[55,-29],[54,-28],[53,-26],[52,-25],[51,-26],[50,-26],[49,-27],[50,-30],[49,-30],[50,-33],[52,-35],[52,-36],[53,-38],[56,-39],[59,-41],[60,-44],[63,-45],[65,-47],[67,-49],[68,-49],[69,-49],[68,-49],[68,-48],[67,-46],[64,-42],[62,-40],[58,-38],[54,-40],[51,-41],[49,-42],[48,-43]],[[176342,89126],[22,116],[22,117],[22,117],[24,116],[25,116],[27,115],[28,115],[31,115],[32,115],[34,116],[33,118],[32,119],[32,122],[30,124],[29,125],[28,127],[30,130],[32,132],[33,134],[35,135],[36,137],[38,139],[39,141],[39,142],[40,142],[40,142]],[[98039,99354],[23,-119],[26,-120],[29,-122],[32,-123],[35,-125],[36,-125],[37,-125],[37,-126],[37,-127],[37,-129],[37,-131],[36,-133],[36,-134],[36,-134],[34,-133],[33,-131],[31,-129],[30,-124],[29,-122],[28,-118],[26,-114],[25,-108],[25,-109],[26,-111],[28,-116],[30,-124],[33,-132],[37,-140],[39,-146],[42,-151],[43,-152],[45,-151],[45,-147],[45,-140],[46,-138],[48,-140],[50,-140],[50,-139],[51,-140],[48,-139],[47,-137],[45,-137],[41,-135],[39,-134],[37,-134],[36,-133],[34,-133],[35,-135],[37,-135],[40,-133],[44,-128],[47,-126],[49,-125],[50,-121],[48,-117]],[[100109,92184],[54,55],[56,54],[57,52],[58,50],[60,49],[59,48],[60,49],[59,49],[58,52],[55,54],[53,58],[50,67],[49,76],[46,85],[45,90],[45,93],[44,95],[44,95],[44,93],[45,91],[47,86],[48,80],[49,73],[52,65],[55,56],[56,50],[58,48],[59,47],[59,46],[59,44],[58,43],[58,42],[56,42],[56,41],[54,41],[54,42],[53,43],[53,45],[53,47],[55,48],[58,44],[63,42],[65,40],[69,38],[71,39],[71,40],[72,42],[71,45],[70,49],[67,53]],[[168244,95650],[4,-146],[4,-145],[4,-144],[5,-145],[4,-145],[5,-145],[5,-147],[5,-148],[6,-150],[7,-152],[8,-152],[9,-153],[10,-154],[10,-154],[10,-154],[10,-155],[9,-154],[7,-153],[7,-153],[5,-151],[4,-153],[6,-158],[6,-161],[7,-165],[8,-168],[7,-169],[7,-170],[8,-168],[8,-166],[7,-162],[7,-158],[5,-153],[4,-147],[1,-138],[0,-132],[-2,-127],[-3,-124],[-3,-121],[-4,-121],[-2,-122],[-2,-124],[0,-128],[1,-133],[4,-140],[7,-147],[9,-148],[11,-150],[12,-151],[13,-152],[13,-152],[13,-154],[12,-153],[11,-154]],[[168553,87781],[72,-21],[69,-17],[68,-19],[68,-21],[69,-22],[68,-23],[68,-22],[66,-21],[66,-19],[65,-16],[64,-12],[63,-10],[62,-7],[61,-3],[60,0],[59,3],[58,5],[57,7],[56,7],[56,9],[56,8],[55,8],[56,7],[57,6],[57,4],[58,2],[58,-1],[60,-3],[60,-6],[60,-7],[60,-8],[61,-9],[61,-9],[61,-9],[61,-9],[61,-7],[61,-6],[61,-5],[60,-1],[58,-1],[55,0],[51,1],[50,1],[48,2],[48,3],[48,5],[50,7],[51,9],[54,10],[57,11],[61,12],[65,12]],[[171648,87606],[44,130],[46,128],[47,127],[48,125],[50,125],[50,123],[51,123],[52,122],[50,122],[50,121],[49,120],[46,121],[42,124],[38,127],[33,128],[30,130],[26,131],[26,131],[25,131],[26,128],[28,124],[31,118],[34,114],[37,107],[40,105],[42,101],[43,104],[43,109],[43,115],[44,121]],[[87372,97815],[48,-101],[48,-103],[47,-103],[45,-104],[43,-105],[41,-104],[39,-104],[38,-103],[37,-101],[39,-100],[39,-102],[41,-102],[42,-104],[45,-105],[46,-106],[48,-103],[51,-103],[52,-102],[55,-104],[56,-107],[58,-110],[59,-113],[59,-115],[58,-118],[57,-118],[55,-117],[51,-117],[46,-116],[41,-117],[37,-118],[32,-120],[30,-122],[29,-124],[28,-124],[29,-126],[30,-125],[32,-126],[33,-124],[34,-122],[36,-119],[37,-115],[36,-110],[37,-105],[37,-98],[38,-90],[40,-85],[42,-84],[43,-85],[43,-90],[43,-97]],[[89502,92399],[60,33],[61,35],[62,37],[64,38],[65,38],[66,38],[68,38],[66,42],[66,45],[66,48],[65,49],[64,49],[65,50],[64,48],[64,47],[65,45],[65,43],[67,39],[67,36],[68,35],[68,36],[67,37],[66,38],[66,39],[66,39],[65,39]],[[91198,93460],[31,135],[33,132],[35,131],[36,130],[37,129],[37,128],[37,128],[36,128],[34,129],[32,129],[30,131],[27,132],[24,130],[23,123],[21,118],[21,113],[20,110],[19,109],[19,108],[20,109],[20,112],[20,116],[22,121],[22,129],[22,137],[25,143],[27,144],[29,146],[31,146],[32,147],[32,146],[32,147],[33,147],[31,147],[30,147],[28,148],[25,148],[23,149],[18,149],[16,150],[13,151],[11,150],[10,151],[10,151],[10,150],[10,150]],[[109481,93606],[51,-57],[49,-53],[50,-47],[49,-43],[50,-40],[50,-37],[51,-38],[53,-39],[54,-41],[56,-44],[57,-49],[59,-55],[61,-62],[62,-69],[65,-77],[68,-83],[72,-87],[73,-89],[75,-92],[76,-94],[75,-93],[75,-94],[73,-92],[72,-91],[70,-88],[69,-86],[66,-82]],[[111162,91784],[45,114],[46,113],[45,112],[45,110],[46,108],[45,106],[45,104],[45,102],[45,101],[45,99],[44,98],[44,98],[42,102],[42,105],[41,108],[40,112],[41,114],[40,116],[40,119],[40,120],[39,121],[40,121],[38,120],[39,119],[38,116],[37,113],[38,110],[35,113],[35,115],[34,117],[34,119],[36,121],[36,121],[38,123],[40,123],[42,124],[43,124],[44,125],[45,124],[44,123],[44,124],[43,123],[40,123],[38,124],[34,124],[33,125],[31,122],[31,122],[30,121],[30,121],[30,121],[30,121],[31,121],[32,121],[33,121],[34,120]],[[109433,100904],[-2,-153],[-1,-156],[1,-159],[4,-163],[5,-162],[5,-159],[6,-158],[6,-157],[7,-157],[7,-156],[7,-158],[8,-158],[7,-159],[8,-161],[7,-163],[7,-164],[5,-163],[4,-158],[2,-155],[0,-151],[-1,-149],[-2,-146],[-4,-145],[-4,-144],[-5,-145],[-5,-145],[-4,-146],[-3,-148],[0,-151],[3,-153],[5,-156],[8,-158],[9,-157],[11,-158],[11,-157],[10,-154],[10,-152],[8,-148],[5,-144],[1,-137],[-2,-133],[-7,-128],[-9,-127],[-11,-125],[-13,-124],[-14,-123],[-14,-124],[-14,-124],[-14,-127]],[[79330,98781],[47,-114],[-6,-361],[100,-413],[6,-201],[121,-286],[14,-305],[89,-632],[128,-381],[-8,-338],[58,-426],[235,-1006],[192,-707],[66,-513],[-46,-266],[274,-461],[107,-398],[49,-693],[24,-173],[62,-274],[163,-219],[41,-449],[16,-35]],[[81062,90130],[12,13],[59,76],[57,80],[56,86],[54,91],[53,94],[52,97],[51,96],[52,94],[52,90],[53,82],[54,74],[57,65],[59,56],[61,50],[61,45],[61,40],[61,38],[62,37],[61,36],[62,39],[60,40],[60,43],[58,47],[57,51],[56,54],[53,59],[51,61],[49,65],[48,70],[47,75],[46,80],[46,85],[46,90],[47,94],[46,96],[48,98],[49,96],[49,95],[52,91],[52,85],[55,79],[57,73],[59,72],[60,71],[61,71],[63,71],[64,72],[64,72],[66,73],[65,72],[66,74],[66,73],[65,74],[65,74],[64,73],[62,73],[61,72],[59,69],[58,67],[56,66],[55,64],[54,63],[53,62]],[[163901,93870],[26,-139],[29,-139],[30,-140],[33,-141],[36,-141],[38,-144],[40,-147],[42,-151],[42,-153],[41,-155],[41,-155],[38,-154],[36,-152],[35,-151],[34,-151],[33,-150],[31,-148],[30,-148],[30,-149],[30,-149],[27,-151],[25,-155],[23,-157],[22,-160],[21,-162],[20,-164],[20,-166],[21,-166],[22,-166],[23,-166],[25,-166],[26,-165],[29,-164],[32,-163],[35,-163],[37,-162],[38,-160],[38,-158],[38,-154],[37,-151]],[[165155,87694],[55,-3],[54,2],[52,4],[52,9],[52,11],[52,14],[53,16],[54,18],[54,18],[54,14],[54,12],[54,10],[53,9],[52,8],[53,8],[52,9],[52,10],[52,13],[52,15],[52,19],[52,24],[52,25],[51,26],[51,26],[50,26],[51,25],[52,22],[53,20],[54,16],[55,12],[57,6],[59,1],[61,-6],[63,-5],[67,-3],[68,-1],[70,-1],[72,0],[72,-2],[73,-3],[73,-5],[73,-9],[72,-13],[72,-18],[70,-24],[71,-29],[73,-31],[75,-33],[77,-34],[78,-36],[78,-36],[79,-35],[78,-35],[78,-34],[76,-32]],[[168519,87714],[34,67]],[[105736,95195],[53,-80],[54,-83],[56,-86],[57,-89],[59,-97],[62,-107],[63,-114],[65,-119],[64,-122],[63,-123],[63,-121],[61,-118],[58,-113],[57,-110],[54,-104],[52,-99],[50,-95],[48,-93],[48,-93],[46,-93],[46,-91],[46,-89],[44,-87],[44,-86],[44,-84],[43,-83],[42,-81],[40,-76],[40,-73],[39,-70],[38,-68],[36,-63],[34,-60],[35,-60],[36,-60],[39,-63],[41,-66]],[[107556,91876],[54,47],[54,47],[55,48],[55,49],[55,51],[55,51],[58,50],[58,55],[59,61],[59,66],[59,70],[60,75],[60,77],[60,79],[60,80],[60,79],[60,78],[61,74],[60,69],[60,64],[60,57],[61,51],[62,45],[62,40],[63,36],[64,34],[65,32],[64,31],[66,32],[65,32],[66,34],[65,36]],[[157106,87120],[57,-18],[63,-18],[64,-16],[64,-13],[65,-11],[64,-8],[64,-7],[64,-5],[64,-4],[65,-3],[64,-2],[64,-1],[64,-1],[63,-1],[63,2],[61,6],[60,7],[59,9],[58,9],[58,9],[57,8],[58,5],[57,1],[58,-2],[59,-7],[59,-14],[62,-19],[62,-28],[63,-34],[63,-40],[64,-43],[63,-46],[62,-48],[61,-50],[60,-50],[60,-49],[57,-47],[57,-44],[55,-39],[54,-33],[53,-28],[55,-23],[54,-20],[54,-16],[55,-15],[55,-14],[55,-14],[56,-16],[56,-17],[56,-21],[55,-26]],[[160149,86265],[31,128],[31,125],[30,124],[31,126],[29,129],[29,133],[28,136],[27,140],[26,144],[27,146],[26,145],[27,147],[28,148],[28,150],[30,151],[30,152],[31,154],[32,154],[33,155],[34,153],[33,151],[34,149],[33,145],[35,139],[36,133],[37,128],[36,124],[37,124],[36,123],[35,127],[34,129],[33,134],[32,137],[30,141],[29,143],[27,144],[27,145],[27,149],[28,152],[28,155],[30,159],[30,161],[31,163],[32,162],[32,161],[32,157],[31,154],[30,147],[29,141],[28,133],[28,124],[27,115],[27,111],[26,109],[24,111],[24,114],[22,119],[21,126],[20,132],[19,139]],[[157641,97486],[37,-158],[16,-111],[40,-116],[64,-621],[-21,-207],[22,-105],[30,-98],[27,-98],[34,-80],[-7,-212],[12,-85],[22,-75],[2,-88],[5,-92],[26,-55],[26,-62],[26,-59],[20,-75],[31,-224],[2,-70],[19,-90],[18,-70],[19,-74],[21,-57],[27,-54],[27,-49],[21,-65],[27,-51],[20,-60],[-11,-291],[54,-217],[2,-5],[17,-77],[17,-436],[-23,-116],[-13,-122],[7,-113],[-12,-142],[-1,-217],[0,-5],[-4,-106],[3,-56],[0,-98],[-5,-67],[-2,-109],[-5,-113],[10,-106],[-13,-90],[-13,-96],[2,-100],[-3,-101],[-16,-90],[-17,-83],[-30,-67],[-22,-82],[-12,-91],[-11,-95],[-5,-103],[9,-96],[-31,-64],[-33,-54],[-14,-57],[-34,-85],[-20,-134],[-3,-16],[-14,-69],[-6,-78],[-45,-77],[-31,-109],[-43,11],[-42,20],[-41,-25],[-41,-26],[-204,-472],[5,-369],[-220,-650],[-12,-36],[-33,-101],[-100,-209],[2,-136],[12,-137],[-19,-67],[-10,-80],[-7,-78],[0,-82],[16,-75],[3,-82],[0,-42],[-3,-121],[-73,-51],[-10,-64]],[[91198,93460],[46,-89],[48,-92],[50,-94],[52,-98],[54,-102],[56,-105],[57,-109],[59,-113],[60,-121],[61,-129],[60,-137],[59,-144],[57,-151],[56,-155],[53,-157],[51,-158],[50,-155],[49,-150],[48,-142],[46,-131],[44,-121],[40,-111],[38,-105],[38,-103],[37,-102],[39,-106],[40,-110],[42,-116],[45,-120],[46,-125],[46,-127],[46,-126],[45,-121],[44,-114],[46,-105],[46,-95],[47,-87],[48,-80],[48,-76],[48,-73],[46,-72],[44,-73],[42,-75],[41,-78]],[[93316,88507],[64,26],[65,22],[63,17],[62,13],[60,8],[58,6],[57,3],[55,1],[55,2],[54,2],[55,3],[54,5],[56,9],[57,13],[60,18],[61,20],[64,19],[64,17],[65,17],[66,15],[67,16],[67,17],[66,18],[66,19],[65,22],[64,24],[63,27],[61,31],[58,33],[57,31],[54,32]],[[95199,89013],[5,190],[3,189],[2,188],[0,188],[0,186],[0,185],[0,183],[1,182],[2,181],[3,179],[6,177],[8,176],[12,182],[15,187],[18,190],[20,191],[21,190],[22,187],[23,186],[23,183],[22,179],[20,173],[19,165],[15,156],[14,155],[13,158],[12,159],[11,160],[12,162],[11,161],[12,162],[12,161],[13,160],[13,159],[15,156],[16,154],[16,149],[16,142],[16,137],[14,132],[15,130],[14,129],[13,128],[13,130],[13,133],[12,137],[12,142],[12,149],[12,157],[12,161],[11,165],[12,168],[10,170],[10,170],[9,170],[8,170],[7,167]],[[160149,86265],[32,-119],[33,-121],[34,-125],[35,-129],[37,-132],[39,-134],[41,-132],[42,-132],[43,-130],[43,-128],[43,-125],[42,-123],[41,-120],[40,-119],[40,-117],[38,-116],[38,-116],[37,-118],[38,-121],[37,-124],[38,-126]],[[160960,83658],[59,-13],[61,-15],[62,-21],[63,-29],[64,-34],[64,-40],[64,-43],[65,-45],[65,-46],[64,-47],[65,-45],[63,-44],[64,-40],[63,-36],[62,-32],[62,-35],[62,-40],[62,-42],[62,-45],[62,-46],[62,-46],[62,-45],[63,-44],[62,-41],[62,-37],[62,-33],[62,-27],[61,-24],[59,-24],[57,-24],[56,-25],[55,-24],[54,-24],[53,-22],[53,-21],[54,-21],[54,-22],[56,-21],[59,-21],[60,-19],[63,-15],[64,-10],[64,-6],[65,-3],[65,0],[66,1]],[[163771,82322],[47,124],[46,124],[46,124],[45,125],[42,129],[40,133],[40,136],[39,135],[40,134],[40,131],[41,131],[39,130],[39,133],[38,136],[35,136],[33,138],[31,140],[28,140],[27,141],[26,142],[25,141],[27,137],[29,135],[31,132],[35,130],[38,128],[41,127],[43,127],[45,126],[44,125],[42,127],[40,128],[35,132],[30,139],[26,143],[22,146],[19,147],[18,147],[16,147],[16,146]],[[111162,91784],[32,-141],[32,-143],[31,-144],[31,-145],[29,-147],[28,-152],[25,-154],[24,-154],[23,-152],[23,-148],[24,-144],[24,-137],[26,-132],[27,-127]],[[111541,89764],[65,-55],[64,-53],[62,-53],[59,-55],[58,-57],[59,-58],[60,-60],[60,-62],[62,-63],[62,-66],[62,-67],[61,-66],[61,-67],[60,-65],[59,-65],[57,-64],[55,-62],[53,-55],[50,-50],[49,-46],[46,-45],[45,-45],[44,-47],[43,-50],[43,-54],[45,-60],[46,-65],[50,-72],[53,-78],[56,-90],[60,-99],[24,-41]],[[113274,87829],[-50,391],[183,529],[95,609],[-2,317],[195,31],[28,-281],[-28,-374],[161,193],[103,289],[122,354],[336,1282],[195,1047],[-46,108],[144,243],[119,456],[112,547],[120,387],[276,469],[149,111],[131,555],[35,74]],[[95199,89013],[45,-111],[44,-110],[44,-109],[44,-106],[44,-104],[44,-102],[46,-100],[47,-98],[49,-94],[52,-89],[55,-85],[58,-82],[61,-79],[61,-78],[63,-77],[63,-76],[63,-76],[63,-76],[62,-75],[62,-75],[60,-73],[58,-71],[56,-70]],[[96443,86997],[65,71],[64,77],[64,81],[65,84],[64,85],[63,86],[63,84],[62,82],[62,79],[60,73],[60,68],[59,61],[58,54],[59,45],[57,35],[57,26],[55,20],[56,16],[55,14],[54,13],[55,14],[55,16],[55,20],[56,24],[55,28],[56,35],[56,42],[56,48],[58,56],[61,61],[62,66],[63,69],[65,73],[65,74],[66,75],[66,75],[65,74],[65,71],[63,68],[63,65],[60,58],[59,54],[59,53],[58,51],[58,49],[59,49],[58,49],[59,48],[59,49],[59,48],[60,49],[60,49],[61,50],[61,50],[61,52],[61,54]],[[99803,90017],[28,153],[28,152],[28,152],[27,153],[27,151],[26,151],[26,150],[24,149],[21,146],[17,142],[14,138],[12,136],[10,133],[9,131],[9,130]],[[84796,94398],[15,-161],[16,-160],[16,-160],[18,-159],[19,-156],[20,-154],[20,-150],[20,-150],[22,-149],[22,-150],[22,-149],[23,-145],[22,-138],[22,-132],[20,-125],[20,-120],[18,-114],[17,-111],[16,-107],[15,-105],[14,-106],[15,-108],[16,-113],[19,-123],[22,-130],[24,-131],[25,-134],[27,-135],[27,-136],[29,-135],[30,-135],[30,-133],[32,-131],[32,-130],[31,-128],[30,-128],[28,-128],[26,-130],[24,-134],[23,-137],[22,-139],[20,-143],[20,-143],[18,-144],[18,-145],[18,-146],[19,-144],[19,-143],[22,-140],[23,-138],[24,-136],[23,-133],[22,-130],[22,-128],[22,-128],[23,-128],[24,-130],[24,-132],[25,-134],[26,-138],[26,-142],[28,-147],[29,-152],[31,-160],[34,-168],[35,-176],[36,-182]],[[86336,85169],[64,13],[65,11],[65,11],[65,10],[65,10],[65,10],[65,10],[65,8],[65,9],[64,11],[66,14],[66,16],[67,18],[68,18],[68,19],[69,18],[69,16],[69,14],[70,11],[69,6],[70,2],[69,-4],[67,-8],[64,-8],[62,-8],[59,-9],[58,-8],[57,-7],[56,-7],[57,-6],[57,-5]],[[88341,85354],[26,131],[26,126],[28,122],[27,119],[28,116],[29,115],[28,114],[29,114],[29,115],[29,118],[29,120],[27,128],[27,135],[25,141],[24,145],[24,148],[23,152],[22,155],[22,158],[21,159],[20,161],[21,162],[20,163],[20,163],[19,163],[20,162],[20,162],[22,163],[24,165],[26,166],[27,166],[27,165],[27,164],[27,163],[26,159],[25,157],[24,155],[23,151],[21,149],[20,147],[20,145],[18,140],[18,136],[18,134],[19,131],[19,131],[21,130],[22,130],[24,131]],[[176342,89126],[9,-147],[8,-145],[9,-144],[8,-144],[9,-144],[8,-143],[9,-144],[8,-146],[8,-146],[8,-148],[8,-149],[7,-152],[8,-155],[8,-159],[8,-162],[9,-162],[9,-164],[10,-164],[9,-163],[9,-162],[10,-161],[9,-159],[9,-156],[8,-154],[8,-151],[9,-150]],[[176564,85152],[52,-98],[52,-101],[51,-103],[52,-108],[52,-111],[51,-116],[51,-119],[51,-122],[50,-124],[50,-124],[50,-123],[49,-120],[48,-116],[48,-110],[46,-105],[45,-103],[44,-103],[42,-101],[42,-101],[41,-99],[40,-97],[40,-97],[39,-95],[40,-95],[40,-94],[40,-96],[41,-96],[42,-100],[42,-102],[43,-106],[44,-113],[46,-118],[46,-123],[46,-129],[46,-132],[46,-136],[46,-139],[46,-141],[45,-142],[44,-144],[45,-144],[44,-144],[43,-143],[44,-143],[43,-141],[44,-139],[44,-138],[45,-136],[14,-39]],[[178759,79483],[87,120],[56,18],[57,38],[33,21],[30,41],[32,-7],[34,7],[29,39],[31,36],[29,36],[28,44],[32,23],[28,49],[28,44],[30,31],[25,49],[30,36],[33,26],[26,39],[424,242],[6,129],[21,114],[484,740],[29,137],[43,108],[14,152],[11,152],[82,73],[37,12],[37,47],[145,673],[32,78],[28,85],[43,49],[41,43],[16,104],[24,95],[22,96],[22,92],[31,60],[3,10],[86,168],[36,224],[1,5],[13,72],[1,26],[43,276],[-31,67],[-19,26],[-77,137],[37,28],[42,8],[37,28],[36,47],[-35,211],[141,385],[-18,399],[7,83],[8,85],[8,85],[1,80],[-37,70],[-35,57],[-14,301],[-116,284],[37,230],[-80,709],[0,3],[-13,105],[5,78],[4,85],[-14,77],[-5,83],[33,314],[-4,839],[6,67],[-7,90],[-1,209],[71,113],[-13,86],[-2,90],[-8,90],[-18,78],[-31,43],[-24,67],[-21,55],[-23,90],[30,98],[16,116],[-35,304],[40,550],[-89,768],[10,131]],[[257534,88221],[19,-39],[48,-100],[48,-102],[47,-102],[47,-103],[47,-104],[46,-103],[46,-105],[46,-103],[45,-104],[44,-105],[44,-105],[42,-106],[42,-107],[42,-108],[40,-109],[40,-110],[40,-111],[39,-113],[40,-113],[40,-115],[40,-115],[42,-116],[42,-116],[44,-117],[45,-117],[45,-116],[44,-114],[43,-112],[43,-111],[42,-110],[42,-109],[43,-109],[43,-109],[43,-109],[44,-110],[44,-110],[46,-112],[46,-112],[47,-113],[47,-113],[48,-113],[48,-112],[48,-113],[49,-112],[48,-112],[48,-111],[48,-109],[46,-107],[45,-106],[45,-104],[43,-102],[42,-100],[42,-99],[41,-98],[41,-98],[40,-99],[41,-99],[42,-101],[44,-102],[45,-103],[48,-102],[50,-103],[52,-101],[55,-102],[56,-102],[57,-102],[58,-102],[59,-102],[60,-102],[59,-102],[59,-103],[59,-102]],[[260867,80479],[35,101],[33,101],[31,100],[33,100],[34,100],[37,97],[41,95],[43,89],[47,84],[48,76],[49,71],[50,69],[49,68],[50,65],[51,64],[50,61],[52,59],[53,57],[54,56],[56,54],[56,49],[58,45],[56,42],[55,41],[53,42],[49,46],[47,50],[46,58],[44,66],[46,76],[48,84],[50,86],[54,86],[58,83],[62,82],[63,84],[65,88],[64,91],[63,97],[29,47]],[[262829,83389],[-5,5],[-38,49],[-37,65],[-39,41],[0,139],[-20,127],[-24,67],[-32,46],[-33,39],[-27,62],[-29,49],[-34,28],[-31,44],[-36,16],[-37,100],[-42,93],[-335,490],[-4,121],[-10,119],[-28,106],[-21,108],[35,67],[27,101],[34,72],[22,103],[191,691],[124,284],[11,214],[7,73],[0,98],[71,350],[-28,127],[-28,121],[-43,88],[-39,100],[9,183],[14,111],[-1,101],[11,201],[223,222],[3,3],[1,2],[135,132],[120,-119],[32,116],[10,31],[1,13],[71,250],[4,8],[5,26],[36,123],[-139,356],[178,266],[18,103],[0,52],[14,118],[9,39],[7,114],[133,188],[4,3],[45,67],[-7,82],[-11,80],[-27,57],[-18,72],[-44,-26],[-42,0],[-40,-38],[-35,-67],[-85,237],[-49,392],[-70,113],[-101,-234],[-21,-18],[-29,-67],[-32,-52],[-28,-77],[-19,-86],[32,-79],[41,-39],[42,2],[40,-36],[-26,-118],[-31,-67],[-7,-93],[-27,-119],[-136,-26],[-10,3],[-51,-13],[3,80],[14,77],[0,80],[-13,75],[-33,88],[-1,2],[-89,258],[-29,-49],[-19,-62],[-53,-116],[-23,52],[-23,54],[-23,57],[-29,38],[68,140],[7,8],[23,54],[-21,289],[-37,-24],[-11,-18],[-96,-77],[-23,-85],[-10,-103],[-196,-106],[-23,-98],[-16,-106],[-46,-10],[-42,-36],[-36,-5],[-35,-29],[-17,70],[-22,59],[-22,70],[-29,44],[-87,46],[-23,106],[-9,103],[-27,62],[-22,116],[-39,-41],[-38,-39],[-22,-80],[-38,-62],[-47,31],[-49,10],[-49,-2],[-47,-21],[-81,163],[-45,-39],[-36,-72],[-5,77],[-14,75],[-32,137],[-159,-60],[-85,129],[-5,78],[-9,77],[-12,59],[-10,91],[-155,-256],[-31,42],[-31,10],[-14,5],[-46,36],[-28,59],[-6,8],[-36,72],[-13,34],[-30,46],[-41,42],[-46,2],[-44,-23],[-45,8],[-14,149],[-15,150],[-45,108],[-37,122],[-83,221],[-132,-350],[-70,-34],[-170,593],[-109,194],[-48,-44],[-44,-65],[-12,-87],[-14,-78],[-17,-82],[-5,-88],[-144,457],[-45,-65],[-35,-82],[-35,-93],[-20,-116],[23,-67],[15,-78],[31,-44],[20,-64],[30,-41],[74,-176],[244,183],[105,-90],[16,-85],[23,-80],[19,-36],[31,-114],[-2,-170],[0,-10],[-5,-85],[4,-91],[20,-92],[28,-80],[-12,-93],[-10,-98],[0,-101],[1,-98],[-159,-245],[-37,10],[-38,-7],[-34,-31],[-37,-31],[-189,-276],[-119,193],[-52,-46],[-51,-67],[-85,-21],[-165,-36],[-33,67],[-33,72],[-34,60],[-38,49],[-49,-26],[-45,-41],[-45,51],[-47,23],[-35,-7],[-61,28],[25,-410],[-111,57],[-26,-52],[-7,-21],[-40,-92],[-24,-55],[-36,24],[-34,-13],[-36,2],[-34,-18],[-23,-142],[-11,-147],[-203,-273],[9,-323],[-89,-206],[-104,-10],[-15,-137],[11,-144],[4,-93],[-7,-93],[30,-98],[24,-106],[40,-64],[37,-85],[-66,-183]],[[257412,91664],[60,-23],[58,33],[55,70],[57,31],[90,-85],[20,-34],[41,-28],[34,291],[-48,155],[-9,34],[-25,108],[-38,75],[-38,428],[-73,0],[-28,-90],[-35,-52],[-19,-95],[-20,-93],[47,-356],[-60,-34],[-58,-49],[-9,-139],[-2,-147]],[[257679,92951],[114,-910],[183,-320],[199,-245],[0,-6],[30,-33],[36,49],[31,59],[33,57],[37,46],[36,47],[25,72],[38,44],[28,70],[33,54],[29,64],[10,34],[47,98],[37,85],[27,101],[20,113],[6,121],[-67,263],[0,5],[-25,91],[-32,41],[-20,13],[-79,82],[-224,-363],[-108,90],[-43,-44],[-43,-49],[-35,-82],[-43,-62],[-100,322],[-114,60],[-21,23],[-45,10]],[[262829,86923],[47,-477],[33,-62],[40,-36],[38,-36],[40,-8],[57,-36],[56,-31],[57,33],[57,-10],[40,261],[-122,46],[-76,212],[21,103],[17,44],[17,80],[9,90],[-7,124],[-19,118],[-35,93],[-32,98],[-78,-201],[-39,3],[-38,-37],[-35,-49],[-29,-64],[-19,-258]],[[104239,83765],[58,-14],[60,-10],[63,-6],[65,0],[68,6],[70,8],[71,10],[72,12],[72,13],[72,14],[73,14],[71,14],[70,13],[70,11],[67,10],[65,7],[65,6],[64,7],[65,9],[65,10],[64,12],[63,13],[63,13],[61,15],[59,15],[58,16],[56,15],[53,15],[51,15],[48,15],[47,17],[46,16],[44,16],[45,15],[45,14],[45,14],[46,12],[48,12],[50,11],[52,9],[53,10],[53,10],[52,10],[52,11],[52,11],[54,11],[55,10]],[[107000,84252],[17,106],[17,107],[16,109],[16,112],[15,115],[14,121],[12,127],[12,127],[13,126],[12,127],[13,127],[12,129],[13,131],[12,135],[11,137],[12,142],[11,146],[10,150],[11,154],[11,159],[12,165],[14,169],[15,173],[15,175],[16,178],[16,178],[16,179],[15,179],[15,177],[14,175],[13,172],[10,170],[8,172],[5,175],[3,177],[2,178],[0,179],[0,179],[1,178],[0,177],[3,174],[4,172],[6,168],[10,165],[11,157],[13,150],[14,144],[15,138],[15,134],[15,130]],[[103907,93804],[-6,-152],[-6,-153],[-5,-152],[-6,-151],[-4,-150],[-3,-149],[-5,-147],[-6,-144],[-6,-143],[-6,-144],[-6,-146],[-3,-148],[-2,-152],[1,-157],[2,-162],[5,-166],[7,-170],[9,-171],[11,-174],[13,-178],[15,-184],[15,-187],[16,-191],[16,-194],[16,-195],[15,-195],[14,-195],[14,-192],[12,-188],[11,-182],[11,-178],[9,-174],[10,-172],[9,-169],[9,-167],[9,-164],[8,-163],[9,-161],[8,-159],[9,-157],[8,-156],[8,-154],[9,-153],[6,-148],[6,-143],[4,-141],[5,-139],[3,-139],[4,-140],[4,-141],[4,-142],[5,-144],[5,-147],[6,-147],[8,-150],[7,-147],[8,-146],[7,-145],[5,-145],[3,-146],[1,-148],[-1,-150],[-2,-152]],[[267051,82099],[2,0],[70,1],[69,-1],[68,-6],[66,-8],[64,-11],[61,-11],[60,-13],[58,-13],[58,-14],[57,-15],[58,-15],[58,-15],[61,-15],[62,-15],[65,-15],[68,-14],[70,-14],[73,-15],[73,-14],[75,-14],[75,-13],[75,-13],[75,-12],[74,-12],[74,-10],[71,-10],[70,-8],[67,-6],[66,-9],[66,-13],[66,-17],[66,-19],[67,-21],[68,-22],[69,-21],[69,-20],[70,-17],[70,-13],[70,-8],[70,-1],[69,3],[69,3],[68,4],[68,4],[68,3],[67,4],[68,4],[68,5],[68,4],[69,5],[70,4],[8,1]],[[270505,81641],[4,23],[10,82],[14,111],[18,106],[7,116],[-7,116],[0,232],[-62,230],[-5,33],[-25,80],[11,335],[-61,338],[0,8],[-21,119],[13,134],[16,137],[4,139],[-9,137],[-55,260],[22,111],[16,116],[-11,121],[7,129],[-102,238],[-46,64],[-42,77],[-44,70],[-51,29],[-47,257],[-56,37],[-30,46],[-46,26],[-46,8],[-20,113],[-4,106],[-9,111],[-17,108],[-33,75],[-2,5],[-33,191],[-1,15],[-19,109],[-84,-142],[-6,-11],[-44,-67],[-44,-87],[-43,-26],[-44,-10],[-36,-65],[-41,-41],[-31,-80],[-20,-67],[-85,-114],[-61,85],[-11,26],[-33,70],[-41,28],[-62,426],[-19,418],[-12,77],[-7,77],[-5,83],[-14,72],[-22,62],[-19,70],[-23,57],[-25,49],[18,80],[19,82],[7,95],[16,88],[-4,93],[4,95],[1,91],[-12,95],[-22,124],[-35,103],[-2,160],[2,59],[-5,31],[-15,589],[0,100],[-4,98],[-114,108],[18,106],[10,96],[29,219],[-40,80],[-53,39],[-35,227],[-6,54],[-18,90],[-37,44],[-37,36],[-40,18],[-38,31],[6,389],[37,135],[16,41],[31,85],[19,101],[-33,90],[-38,69],[-127,-28],[-85,165],[-46,808],[24,92],[19,96],[-57,247],[-53,663],[-31,106],[-41,77],[-42,75],[-48,39],[-88,271],[-105,-410],[-130,-60],[-6,-113],[-6,-119],[-24,-100],[-19,-104],[3,-116],[4,-116],[5,-111],[8,-113],[-159,-1212],[-34,-83],[-6,-33],[-83,-238],[-15,-103],[0,-10],[-55,-377],[-5,-33],[-29,-88],[-9,-111],[-4,-111],[31,-82],[15,-37],[36,-85],[12,-36],[33,-77],[-20,-119],[-11,-131],[-17,-124],[0,-134],[-38,-88],[-106,-255],[12,-98],[8,-67],[4,-8],[62,-449],[-34,-116],[-20,-139],[-30,-119],[-24,-132],[-23,-196],[-9,-33],[-14,-75],[-12,-75],[-12,-77],[-7,-80],[3,-85],[11,-374],[19,-72],[16,-86],[23,-64],[27,-59],[-8,-78],[4,-80],[7,-56],[2,-104],[1,-49],[-17,-134],[-26,-116],[-19,-131],[2,-142],[-7,-111],[8,-109],[3,-110],[10,-111],[28,-85],[5,-34],[24,-294],[33,-209],[2,-10],[13,-73],[-16,-141],[-5,-142],[-129,-730],[-11,-142],[-10,-103],[0,-13],[-15,-219],[-13,-57],[-3,-103],[1,-24],[-21,-273],[18,-384],[-19,-78],[-19,-72],[-6,-67],[-13,-65]],[[171648,87606],[24,-137],[25,-137],[27,-139],[27,-140],[32,-143],[36,-144],[38,-144],[40,-143],[40,-138],[41,-136],[40,-131],[38,-127],[36,-124],[34,-120],[32,-118],[28,-118],[26,-118],[24,-118],[24,-119],[24,-120],[24,-120],[25,-123],[25,-124],[25,-125],[26,-128],[27,-130],[27,-131],[28,-134],[27,-134],[28,-135],[25,-137],[22,-138],[20,-139],[19,-140],[17,-142],[17,-144],[16,-144],[17,-146],[17,-147],[19,-149],[22,-149],[24,-151],[28,-152],[29,-155],[29,-157],[30,-160],[30,-162],[30,-161],[29,-162],[28,-162],[28,-160],[26,-159],[25,-158],[24,-156],[23,-155]],[[173140,79923],[61,61],[62,60],[62,59],[64,57],[63,57],[63,58],[63,60],[61,64],[59,70],[55,73],[52,77],[49,80],[45,83],[42,85],[40,88],[37,88],[37,90],[37,90],[38,90],[40,87],[43,86],[46,83],[51,84],[53,88],[56,92],[58,93],[59,93],[59,92],[60,89],[59,85],[57,82],[57,77],[54,73],[53,70],[51,68],[48,67],[47,70],[43,75],[40,81],[38,86],[34,92],[34,95],[32,98],[33,98],[35,97],[39,93],[42,88],[47,82],[52,76],[56,72],[60,70],[62,69],[64,68],[65,70],[64,70],[64,71],[63,73],[61,75],[60,77],[58,79],[57,80],[55,81],[55,82],[56,85],[57,87],[57,90]],[[163771,82322],[18,-113],[19,-111],[20,-112],[21,-113],[22,-115],[25,-120],[28,-124],[30,-130],[32,-133],[34,-135],[35,-139],[35,-141],[37,-144],[36,-146],[37,-146],[37,-146],[37,-145],[36,-141],[35,-138],[34,-134],[34,-127],[32,-125],[33,-129],[34,-132],[34,-135],[35,-138],[35,-139],[36,-141],[36,-140],[36,-141],[36,-138],[35,-137],[35,-133],[34,-128]],[[164864,77813],[66,-33],[65,-34],[65,-33],[64,-33],[62,-35],[61,-35],[59,-36],[59,-36],[57,-31],[58,-27],[58,-25],[58,-23],[57,-21],[56,-21],[56,-21],[55,-23],[55,-26],[54,-29],[54,-34],[53,-41],[54,-47],[52,-52],[50,-53]],[[166192,77064],[51,79],[49,77],[48,75],[46,73],[45,71],[45,70],[44,69],[44,69],[46,69],[46,69],[49,71],[51,72],[50,71],[49,71],[50,71],[50,70],[50,68],[51,66],[52,63],[53,59],[53,57],[54,54],[55,54],[57,55],[59,57],[60,60],[62,63],[64,67],[65,71],[65,75],[65,79],[66,83],[65,85],[63,87],[63,87],[61,86],[59,84],[57,82],[54,82],[55,85],[54,88],[55,88]],[[168472,80096],[0,150],[-2,151],[-1,151],[-3,152],[-2,152],[-1,152],[-1,152],[0,152],[2,152],[2,153],[1,153],[-1,154],[-2,154],[-3,154],[-4,156],[-5,158],[-5,159],[-5,161],[-4,162],[-4,164],[-2,166],[-1,166],[2,166],[4,168],[6,168],[6,169],[8,171],[8,171],[8,171],[7,171],[7,171],[4,170],[3,167],[0,165],[1,164],[1,162],[2,160],[2,158],[3,157],[3,154],[3,153],[4,151],[3,151],[4,150],[3,151],[1,151],[-1,152],[-4,152]],[[81062,90130],[87,-194],[38,-302],[102,-253],[26,-364],[197,-629],[60,-467],[-75,-882],[-3,-428],[106,-183],[48,-325],[95,-191],[41,-413],[327,-503],[162,-578],[99,-126],[69,-405],[78,-101],[194,-281],[326,-348],[17,-150],[336,-374],[13,-105],[285,-459],[236,-147],[122,-199],[335,-379],[169,-230],[83,5],[200,-216],[34,-174]],[[84869,80729],[19,53],[41,112],[41,112],[42,112],[42,112],[43,112],[44,110],[46,109],[46,109],[48,110],[48,111],[50,113],[50,115],[51,118],[51,119],[52,122],[51,124],[51,126],[50,128],[48,129],[46,131],[44,132],[40,133],[40,139],[37,143],[36,147],[35,150],[34,152],[33,154],[33,155],[34,154],[34,153],[34,150],[36,147],[37,144]],[[99803,90017],[18,-141],[16,-140],[14,-139],[14,-138],[12,-138],[13,-137],[12,-137],[11,-138],[12,-139],[12,-140],[13,-143],[16,-144],[17,-146],[19,-148],[21,-150],[23,-151],[25,-154],[26,-154],[27,-156],[29,-156],[32,-160],[35,-163],[39,-163],[40,-162],[41,-160],[42,-156],[42,-153],[42,-149],[40,-145],[40,-142],[37,-140],[35,-139],[32,-140],[30,-142],[27,-144],[26,-145],[23,-144],[21,-144],[19,-143],[19,-141],[18,-138],[18,-136],[19,-133],[19,-131],[21,-129],[22,-128],[23,-130],[25,-132],[27,-136]],[[101007,82960],[60,-15],[62,-16],[65,-16],[70,-24],[73,-30],[77,-35],[79,-39],[80,-40],[81,-40],[80,-38],[78,-35],[77,-30],[74,-24],[71,-17],[68,-9],[65,0],[64,5],[64,9],[63,11],[63,12],[62,12],[63,11],[64,7],[64,2],[64,-2],[65,-9],[65,-16],[66,-15],[67,-15],[67,-13],[68,-13],[68,-13],[68,-12],[68,-14],[68,-14],[67,-16],[67,-19],[65,-22]],[[103607,82428],[48,103],[47,102],[46,98],[44,97],[43,93],[41,89],[41,88],[39,85],[39,83],[39,83],[39,82],[39,81],[40,83],[42,84],[45,86]],[[168472,80096],[52,-71],[52,-67],[50,-66],[49,-65],[48,-65],[48,-68],[46,-70],[46,-74],[46,-77],[45,-81],[46,-85],[44,-88],[44,-90],[42,-93],[42,-92],[42,-90],[43,-88],[43,-85],[44,-81],[45,-77],[46,-74],[47,-72],[47,-70],[49,-70],[49,-72],[49,-75],[49,-78],[49,-82],[50,-86],[48,-91],[48,-93],[48,-94],[48,-95],[48,-95],[49,-92],[49,-90],[50,-87],[52,-83],[52,-81]],[[170316,76943],[69,33],[70,31],[70,29],[71,28],[73,30],[72,33],[70,38],[69,43],[68,47],[67,52],[66,55],[65,59],[64,60],[64,60],[64,60],[64,57],[64,54],[64,49],[67,52],[68,53],[68,54],[69,56],[69,57],[67,57],[66,55],[64,54],[60,53],[58,51],[54,50],[50,50],[46,46],[43,44],[40,41],[40,41],[39,41],[41,42],[42,44],[45,45],[48,47],[50,49],[53,50],[55,51],[57,52],[60,49],[61,48]],[[173010,79093],[23,145],[23,143],[22,140],[22,136],[20,133],[20,133]],[[184129,77115],[26,-39],[65,-88],[66,-84],[67,-83],[68,-79],[68,-76],[68,-71],[67,-66],[67,-61],[67,-57],[68,-54],[68,-51],[67,-50],[68,-50],[68,-49],[69,-51],[68,-51],[68,-52],[68,-54],[68,-56],[68,-59],[67,-61],[64,-62],[61,-64],[57,-63],[55,-64],[55,-64],[54,-63],[56,-62],[57,-61],[59,-60],[63,-58],[65,-57],[67,-54],[70,-51],[71,-49],[71,-48],[69,-47],[68,-47],[67,-47],[64,-47],[63,-47],[62,-48],[60,-49],[59,-49],[60,-51],[59,-51],[60,-53],[63,-54],[64,-56],[67,-62],[68,-68],[69,-73],[71,-78],[71,-81],[71,-84],[70,-84],[69,-84],[68,-83],[66,-80],[49,-58]],[[188055,73412],[100,632],[27,480],[19,77],[24,75],[19,77],[11,88],[15,85],[4,91],[10,87],[9,93],[19,173],[0,2],[28,60],[17,82],[2,91],[10,87],[8,88],[-4,90],[25,122],[32,105],[5,119],[29,142],[23,95],[22,93],[5,111],[0,108],[30,122],[37,110],[10,140],[22,134],[19,82],[14,101],[9,95],[4,101],[5,106],[0,95],[-3,103],[-4,98],[35,297],[21,67],[0,96],[1,46],[12,90],[9,47],[6,98],[-14,201],[0,31],[-5,23],[-14,209],[-13,85],[-14,85],[-2,65],[-1,23],[-14,88],[91,678],[29,65],[24,87],[14,98],[17,96],[31,13],[33,-18],[31,36],[30,31],[-42,332],[32,73],[28,74],[14,83],[33,95],[5,96],[-2,90],[1,96],[1,95],[-5,88],[4,95],[-7,62],[0,126],[-30,52],[-25,80],[-33,31],[-35,44],[9,121],[0,26],[8,162],[6,44],[1,116],[-39,408],[1,80],[-11,98],[-18,90],[-7,98],[63,170],[5,13],[24,62],[32,-13],[33,18],[16,16],[47,13],[5,-307],[27,-80],[33,-62],[53,-503],[35,-80],[43,-44],[92,-106],[23,96],[28,85],[13,108],[18,103],[1,18],[77,379],[67,620],[-2,129],[-22,121],[-146,606],[-1,5],[-19,90],[-73,924],[14,87],[10,91],[-4,95],[-4,98],[-44,178],[5,111],[2,114],[-4,116],[-11,85],[-8,480],[-22,147],[-7,113],[-16,132],[-3,131],[-38,96],[-25,121],[-14,134],[-23,121],[-3,83],[4,80],[9,82],[-1,83],[-13,77],[-11,78],[-7,41],[-5,124],[-10,92],[-7,93],[-25,70],[-22,80],[-45,106],[-4,10],[-3,5],[-144,333],[-57,124],[0,129],[-4,131],[-14,103],[-6,158],[-165,170],[-12,397],[0,8],[1,83],[-7,82],[-3,83],[-103,-106],[-5,-111],[5,-108],[-187,-405],[-19,-75],[-28,-67],[-15,-83],[-18,-80],[-3,-95],[-10,-85],[-2,-91],[-6,-87],[10,-109],[18,-103],[25,-85],[29,-85],[-17,-121],[-3,-127],[-46,-203],[-16,-44],[-17,-91],[-6,-399],[-71,-320],[-274,-240],[-25,-93],[-27,-46],[-22,-78],[-10,-87],[-9,-258],[-120,72],[-29,327],[-21,57],[-26,47],[-29,38],[-27,31],[-29,-49],[-26,-36],[-24,-57],[-24,-49],[-14,-95],[-4,-106],[-5,-98],[-1,-100],[13,-124],[-3,-127],[23,-103],[18,-116],[76,-134],[14,-191],[-31,-33],[-26,-42],[-18,-67],[-24,-64],[-94,67],[-33,-116],[-19,-42],[-20,-90],[-19,-85],[39,-513],[-42,-186],[-21,-67],[-4,-54],[-164,-735],[-26,131],[-32,127],[57,191],[19,64],[-11,95],[-2,6],[-37,263],[-35,-83],[-38,-80],[-28,-100],[-32,-101],[7,-80],[-3,-85],[-20,-88],[-17,-98],[-19,-93],[-29,-74],[-28,-75],[-24,-80],[-29,-75],[-37,-46],[24,-122],[31,-111],[16,-134],[5,-136],[-18,72],[-20,67],[-9,80],[-7,80],[-23,57],[-19,72],[-27,44],[-26,54],[-41,0],[-39,-47],[-33,-38],[-36,-26],[-30,-59],[-30,-60],[-31,-44],[-36,-33],[-28,-62],[-26,-67],[-36,-29],[-33,-51],[-23,-72],[-31,-57],[-28,-65],[-29,-61],[-22,-78],[-18,-88],[52,-443],[-44,-111],[-34,-127],[-7,75],[-4,83],[-16,62],[-14,72],[-49,95],[-35,132],[-33,-26],[-29,-46],[-18,-54],[-36,-57],[-32,33],[-36,11],[-31,28],[-35,23],[-34,3],[-37,-13],[-35,-23],[-31,-47],[-52,-353],[-57,-3],[-24,-25],[-136,-44],[-96,113],[-112,-144],[-86,-279],[-34,-46],[-1,-5],[-98,-145],[-367,49],[-17,-93],[-6,-103],[-7,-101],[-10,-100],[24,-722],[-29,-98],[-19,-96],[-102,-400],[-11,-15],[-35,-90],[-30,-101],[-24,-106],[-32,-100],[-30,-96],[-42,-75],[-10,-123],[-5,-127],[-19,-103],[-32,-119],[-3,-80],[0,-15],[-2,-214],[16,-103],[17,-103],[23,-91],[33,-67],[-9,-95],[-16,-93],[-1,-96],[-6,-98],[-8,-136],[8,-140],[-10,-131],[-8,-137],[22,-126],[12,-129],[8,-137],[19,-124],[42,-144],[3,-9]],[[195440,73012],[6,-131],[22,-119],[76,3],[19,-8],[51,-8],[48,23],[58,184],[8,18],[5,23],[58,183],[-7,113],[-12,111],[-12,111],[-11,111],[-24,72],[-30,57],[-35,44],[-36,39],[-21,-62],[-4,-29],[-51,-167],[-25,-88],[-79,-222],[-2,-131],[-2,-127]],[[107000,84252],[35,-70],[37,-73],[37,-77],[39,-78],[41,-79],[43,-80],[47,-81],[52,-83],[57,-85],[59,-87],[61,-91],[61,-96],[61,-100],[59,-106],[57,-111],[54,-116],[51,-119],[48,-122],[46,-122],[43,-121],[42,-118],[42,-116],[42,-113],[43,-109],[44,-106],[45,-102],[47,-99],[47,-98]],[[108340,81494],[56,41],[57,41],[57,39],[57,38],[59,37],[58,39],[58,45],[58,49],[58,51],[58,54],[57,54],[58,53],[59,49],[58,46],[59,42]],[[109207,82172],[38,114],[40,110],[40,106],[42,103],[42,102],[42,103],[43,106],[42,111],[42,117],[41,126],[41,135],[40,143],[40,150],[42,156],[42,160],[42,164],[44,165],[45,167],[45,166],[47,165],[47,163],[48,159],[47,155],[47,149],[45,143],[44,137],[42,131],[41,127],[41,123],[40,122],[39,120],[38,119],[38,119],[37,119],[37,120],[36,120],[35,121],[35,122],[35,124],[35,126],[33,122],[32,118],[31,113],[30,111],[30,110],[30,109],[30,111],[31,113],[32,115],[33,119],[35,123],[37,126],[39,129],[41,131],[43,133],[44,133],[45,132],[45,130],[46,126]],[[250756,80071],[41,-90],[52,-111],[52,-106],[52,-102],[53,-98],[53,-93],[54,-89],[54,-85],[55,-83],[55,-82],[55,-83],[56,-83],[56,-84],[56,-87],[56,-88],[57,-91],[57,-93],[57,-96],[56,-98],[57,-101],[57,-101],[56,-103],[56,-104],[55,-103],[54,-102],[53,-101],[53,-99],[51,-97],[51,-96],[53,-93],[52,-92],[53,-90],[53,-90],[53,-90],[52,-89],[52,-90],[50,-91],[49,-92],[48,-92],[46,-94],[45,-96],[44,-96],[43,-97],[43,-97],[42,-98],[42,-98],[43,-98],[43,-97],[45,-96],[45,-92],[47,-88],[47,-83],[48,-77],[48,-72],[50,-68],[50,-64],[51,-60],[52,-58]],[[253715,74784],[53,51],[54,62],[55,71],[57,78],[58,82],[59,85],[61,82],[62,76],[63,66],[64,52],[67,39],[68,30],[70,23],[71,19],[71,19],[72,20],[71,25],[70,32],[69,42],[68,55],[66,64],[67,72],[67,78],[68,82],[69,85],[70,86],[71,84],[71,81],[70,76],[68,68],[67,60],[67,54],[66,50],[64,48],[63,51],[60,59],[59,66]],[[256131,76957],[-4,181],[-5,178],[-7,175],[-8,172],[-10,175],[-13,179],[-13,178],[-15,177],[-16,174],[-15,168],[-15,163],[-14,157],[-12,152],[-10,149],[-6,150],[-3,151],[1,150],[4,148],[7,149],[8,149],[11,151],[12,154],[14,156],[14,158],[14,163],[13,166],[10,171],[8,174],[9,176],[10,177],[11,177],[13,175],[14,172],[14,170],[14,168],[13,165],[11,164],[9,165],[5,167],[1,170],[-2,171],[-5,170],[-7,170],[-9,169],[-11,169],[-13,170],[-13,172],[-13,174],[-13,176],[-10,156]],[[256109,85268],[-22,-19],[-31,-28],[-28,-42],[-22,-59],[-84,-245],[-7,-5],[-24,-57],[-28,-54],[-17,-70],[-18,-77],[-110,-150],[71,686],[0,6],[26,234],[-29,60],[-10,12],[-194,369],[-18,101],[-6,113],[-29,91],[-27,85],[-28,85],[-19,101],[-38,59],[-36,64],[-33,85],[-38,68],[-39,36],[-43,72],[-58,250],[-41,28],[-42,29],[-136,-60],[-1,0],[-46,-20],[-14,142],[-19,136],[-28,60],[-13,77],[-33,36],[-28,54],[-174,-152],[7,-90],[9,-93],[22,-72],[23,-75],[-100,-139],[3,-240],[-30,-31],[-33,-23],[-29,-52],[-24,-62],[-8,116],[-14,106],[-20,103],[-18,106],[-91,-18],[-37,-106],[-29,-124],[-33,-113],[-24,-132],[-46,47],[-46,15],[-49,-242],[-3,-13],[-16,-85],[-5,-88],[-12,-82],[-5,-88],[4,-88],[-49,-5],[-49,-21],[-153,163],[-33,100],[-41,88],[-33,-196],[-20,-70],[-9,-95],[-100,0],[-227,-366],[-15,-16],[-33,-62],[19,-80],[15,-82],[25,-72],[23,-70],[27,-67],[23,-70],[15,-33],[33,-103],[-40,-336],[0,-5],[-33,83],[-38,67],[-44,31],[-44,41],[-143,-119],[-6,-2],[-32,-18],[-20,-31],[-38,-31],[74,-426],[34,-28],[34,-11],[34,3],[35,21],[-35,-338],[-20,77],[-24,59],[-24,73],[-29,49],[-23,69],[-29,54],[-33,34],[-35,34],[-102,-338],[-3,-3],[-34,-121],[-109,82],[-48,-90],[-38,-106],[-6,-90],[6,-59],[0,-547],[15,-70],[16,-64],[37,-70],[90,-271],[-180,-265],[18,-300],[-40,0],[-38,-25],[-39,-18],[-34,-49],[-81,268],[-122,-31],[-32,-39],[-33,-49],[-33,-36],[-28,-57],[-205,465],[-35,-104],[-14,-131],[18,-67],[23,-60],[31,-36],[24,-49],[-11,-134],[14,-136],[-26,-49],[-24,-70],[-12,-83],[-12,-82],[40,-93],[12,-39],[26,-59],[27,-57],[42,-204],[4,-43],[20,-80],[58,-547],[-38,90],[-43,75],[-41,85],[-47,52],[-49,-225],[18,-113],[38,-83],[-31,-80],[-20,-93],[-2,-111],[-14,-103],[-32,36],[-37,18],[-37,-2],[-35,18],[-18,98],[-5,85],[0,101],[-8,92],[-25,75],[-29,60],[-14,41],[-22,131],[-23,67],[-17,73],[-28,46],[-29,39],[8,113],[-2,122],[-24,90],[-24,87],[-33,75],[-21,96],[-34,36],[-58,170],[-1,8],[-30,82],[-30,-43],[-28,-49],[-30,-44],[-22,-70],[-25,-224],[-16,-70],[-5,-106],[-116,0],[-18,-90],[-15,-96],[-30,-59],[-34,-26],[-28,-59],[-30,-52],[-22,-77],[-14,-64],[-15,-34],[-20,-28],[-26,-73],[-25,-109]],[[88341,85354],[43,-131],[44,-132],[46,-135],[48,-136],[48,-136],[49,-134],[47,-130],[46,-126],[46,-118],[46,-112],[45,-105],[44,-97],[45,-93],[44,-87],[44,-86],[44,-87],[44,-89],[44,-89],[49,-85],[51,-86],[53,-87],[54,-88],[53,-91],[51,-93],[48,-96],[45,-98],[42,-101],[39,-101],[37,-102],[37,-100],[37,-96],[39,-87],[40,-77],[42,-66],[42,-59],[44,-55],[44,-56],[45,-60],[45,-69],[46,-78],[46,-89],[47,-101],[45,-112],[45,-121],[44,-125],[43,-127],[42,-128],[42,-128]],[[90495,80569],[59,14],[59,12],[60,12],[60,11],[61,12],[63,12],[63,12],[66,14],[67,13],[68,13],[68,12],[70,10],[70,10],[70,9],[70,9],[69,8],[69,8],[69,8],[67,9],[67,10],[65,11],[64,14],[63,15]],[[92002,80827],[20,133],[21,134],[22,135],[23,136],[24,138],[25,140],[27,142],[26,146],[24,149],[25,151],[23,153],[22,154],[22,155],[21,154],[21,155],[20,152],[20,151],[20,148],[19,145],[19,140],[19,138],[20,136],[20,134],[20,133],[20,133],[19,133],[20,134],[19,134],[18,136],[19,137],[18,139],[18,141],[17,143],[19,145],[20,146],[23,147],[23,147],[25,146],[26,146],[27,145],[27,145],[27,143],[28,143],[28,142],[27,140],[26,137],[26,135],[29,132],[30,128],[32,126],[33,124],[36,122],[36,120],[37,120],[38,119]],[[157818,72934],[49,48],[60,53],[62,47],[65,41],[67,37],[69,33],[70,32],[71,31],[71,32],[71,33],[71,36],[71,42],[71,47],[71,52],[71,58],[69,61],[69,64],[68,64],[66,62],[64,57],[62,51],[57,44],[53,38],[49,33],[47,28],[47,24],[47,21],[47,21],[49,21],[51,23],[55,26],[57,30],[61,36]],[[159846,74260],[27,122],[27,123],[28,126],[28,128],[25,131],[25,136],[22,139],[19,144],[18,146],[17,149],[16,150],[18,150],[18,150],[21,150],[22,150],[24,150],[26,151],[26,152],[27,154],[26,157],[24,162],[22,167],[18,171],[14,177],[11,180],[9,185],[6,186],[6,189],[4,190],[5,189],[7,187],[9,185],[12,182],[16,178],[18,179],[19,184],[20,188],[21,191],[21,193],[21,192],[22,190],[22,188],[23,184],[22,178],[23,171],[22,162],[23,154],[24,149],[25,149],[23,149],[23,149],[21,151],[19,151],[18,152],[17,152],[15,152],[15,153],[14,151]],[[157106,87120],[-66,-416],[1,-269],[0,-327],[-2,-39],[2,-93],[-49,-693],[-36,-75],[-16,-106],[-15,-95],[-12,-96],[0,-23],[-66,-524],[-44,-129],[-17,-98],[-13,-100],[-7,-111],[-21,-98],[12,-109],[3,-111],[-4,-108],[-4,-111],[-32,-67],[-29,-75],[-34,-56],[-24,-88],[-9,-59],[-94,-266],[5,-98],[0,-142],[-1,-83],[6,-82],[-2,-85],[-10,-75],[-3,-85],[14,-72],[6,-83],[7,-80],[16,-75],[8,-77],[7,-80],[14,-75],[12,-77],[-19,-72],[-8,-88],[-2,-83],[-4,-87],[10,-83],[18,-75],[2,-85],[0,-93],[-59,-546],[1,-117],[1,-7],[7,-341],[-14,-77],[-3,-83],[-4,-82],[-6,-83],[-8,-80],[-2,-85],[-9,-80],[0,-85],[2,-82],[14,-80],[2,-11],[91,-1029],[0,-13],[9,-82],[75,-186],[75,-598],[230,-424],[78,-296],[6,-36],[29,-106],[30,-111],[7,-18],[84,-304],[10,-91],[19,-82],[3,-98],[1,-98],[25,-67],[28,-65],[13,-87],[20,-88],[13,-75],[5,-77],[14,-78],[14,-72],[12,-77],[12,-78],[16,-72],[16,-72],[20,-70],[24,-54],[22,-62],[22,-62],[12,-77],[13,-80],[19,-67],[20,-65],[56,-397],[69,-80],[78,-576]],[[109207,82172],[57,-46],[58,-50],[57,-55],[59,-62],[61,-69],[63,-76],[64,-80],[65,-84],[66,-86],[67,-86],[67,-84],[67,-81],[65,-78],[65,-74],[64,-68],[63,-65],[66,-65],[66,-65],[66,-63],[66,-60],[64,-58],[62,-55],[61,-51],[58,-48],[57,-46],[57,-44],[56,-43],[55,-43],[55,-43],[54,-45],[55,-49],[57,-53],[58,-56],[59,-59],[61,-61],[63,-63],[63,-62],[65,-60],[66,-58],[68,-56],[72,-53],[74,-52],[75,-52],[75,-52],[74,-54],[73,-56],[71,-58],[67,-61],[65,-63],[63,-65],[60,-65],[58,-68],[57,-70],[56,-72],[57,-71],[57,-71],[59,-68],[60,-65],[62,-63],[62,-59],[45,-41]],[[113015,78443],[27,43],[116,410],[-42,178],[-24,944],[75,573],[-9,216],[74,795],[160,1305],[-47,271],[-70,1057],[-24,913],[-27,284],[121,1478],[-79,366],[34,346],[-26,207]],[[173010,79093],[24,-152],[25,-150],[23,-147],[23,-145],[24,-141],[23,-138],[25,-136],[25,-132],[28,-131],[31,-131],[33,-136],[36,-140],[39,-144],[42,-147],[43,-150],[45,-153],[47,-153],[47,-154],[48,-152],[47,-149],[46,-146],[44,-140],[41,-134],[40,-126],[39,-120],[39,-114],[40,-111],[40,-109],[41,-108],[41,-109],[42,-110],[43,-114],[43,-117],[44,-121],[44,-125],[44,-128],[44,-130],[44,-133],[43,-134]],[[174490,73883],[67,-59],[66,-57],[65,-57],[65,-56],[65,-54],[63,-52],[62,-51],[60,-51],[60,-50],[59,-48],[60,-46],[61,-44],[63,-43],[64,-41],[65,-41],[67,-41],[69,-42],[70,-45],[70,-48],[71,-52],[70,-55],[71,-58],[69,-60],[69,-64],[69,-66],[47,-47]],[[176177,72555],[-27,78],[-18,160],[0,75],[-19,108],[-14,111],[50,294],[11,49],[19,116],[4,142],[-9,96],[-7,340],[95,16],[62,49],[23,59],[28,39],[56,87],[20,62],[27,44],[49,90],[51,80],[42,114],[38,124],[26,59],[33,59],[27,70],[34,46],[32,62],[23,80],[20,88],[15,88],[70,294],[218,389],[37,28],[52,75],[51,98],[40,116],[54,-64],[39,-106],[39,106],[35,106],[33,113],[35,106],[41,90],[30,114],[18,108],[34,124],[38,90],[41,46],[40,65],[37,75],[31,100],[26,106],[2,5],[69,160],[31,78],[15,95],[23,85],[26,75],[23,85],[21,90],[17,96],[13,98],[137,284],[9,12],[28,60],[9,23],[48,98],[32,34],[17,30],[332,456]],[[256131,76957],[55,-94],[56,-94],[54,-93],[55,-93],[54,-90],[53,-89],[52,-86],[52,-84],[52,-81],[52,-78],[52,-74],[53,-72],[52,-68],[53,-66],[53,-62],[53,-59],[54,-56],[53,-54],[53,-55],[53,-55],[53,-57],[53,-58],[52,-59],[53,-61],[52,-62],[53,-65],[52,-66],[52,-69],[51,-70],[52,-71],[52,-73],[52,-75],[51,-75]],[[257873,74593],[46,108],[44,118],[44,125],[44,132],[46,135],[47,135],[49,132],[52,124],[54,113],[57,95],[58,75],[57,55],[57,41],[56,29],[56,21],[58,19],[59,22],[62,31],[65,46],[67,62],[67,63],[69,63],[70,59],[71,57],[72,52],[73,48],[74,45],[72,45],[71,49],[68,54],[63,54],[59,55],[55,58],[54,60],[51,63],[51,67],[51,70],[51,73],[55,77],[58,86],[62,97],[65,108],[66,115],[67,120],[65,122],[63,120],[59,116],[54,110],[48,100]],[[260755,78417],[1,160],[1,158],[2,157],[4,159],[8,160],[11,162],[14,162],[17,163],[17,161],[17,157],[12,155],[7,154],[1,154]],[[257534,88221],[-25,-68],[-51,-62],[-38,-23],[-44,-46],[-35,-78],[-111,37],[-13,-88],[0,-8],[-34,-258],[14,-98],[16,-95],[-33,-42],[-23,-64],[-14,-83],[-19,-69],[-5,-147],[9,-147],[-191,-165],[-120,-694],[51,-93],[7,-5],[139,-243],[18,-234],[18,-80],[24,-65],[30,-51],[27,-62],[-28,-73],[-23,-87],[-5,-29],[-39,-136],[-115,15],[-44,106],[-58,49],[-56,41],[-61,-2],[-41,-258],[-38,51],[-108,155],[-46,49],[-51,26],[-53,20],[-49,37],[-50,25],[-3,0],[-146,96],[-8,-7]],[[260755,78417],[48,-129],[45,-128],[42,-128],[40,-127],[40,-127],[39,-127],[39,-126],[38,-127],[38,-126],[37,-127],[37,-127],[36,-127],[36,-129],[36,-130],[35,-131],[36,-133],[35,-135],[34,-136],[35,-141],[34,-146],[33,-150],[32,-155],[32,-158],[32,-159],[31,-161],[32,-161],[31,-160],[31,-159],[32,-157],[31,-154],[32,-151],[33,-146],[33,-142],[31,-139],[28,-135],[28,-133],[25,-130],[25,-129],[25,-127],[25,-126],[25,-126],[25,-126],[27,-126],[28,-127],[29,-128],[31,-129],[34,-130],[35,-132],[38,-129],[39,-128],[40,-125],[42,-124],[42,-123],[44,-123],[44,-123],[44,-122],[44,-123],[43,-124],[44,-123],[43,-125],[42,-124],[41,-125],[40,-126],[41,-128]],[[263022,69859],[62,91],[62,93],[62,94],[61,92],[60,93],[59,96],[59,98],[60,101],[61,103],[61,102],[62,101],[62,99],[62,95],[61,89],[58,77],[55,63],[54,51],[52,42],[53,36],[53,39],[53,46],[53,57],[54,72],[54,88],[58,92],[61,94],[62,96],[63,97],[62,98],[59,101],[55,103],[49,104],[44,106],[39,107],[35,110],[33,114],[34,118],[35,120],[38,122],[41,122],[44,118],[46,111],[50,100],[56,86],[61,71],[67,56],[72,44],[74,37],[74,34],[72,37],[68,44],[61,58],[56,71]],[[265984,74348],[-4,163],[-6,168],[-4,171],[-3,173],[0,171],[3,170],[7,166],[9,165],[11,162],[12,162],[12,163],[10,163],[11,156],[10,150],[9,147],[8,144],[7,140],[5,136],[3,133],[1,132],[-1,131],[-2,134],[-3,137],[-2,142],[-3,143],[-3,142],[0,139],[0,136],[1,135],[1,135]],[[266073,78857],[-25,11],[-51,-8],[-36,-16],[-69,-2],[-23,106],[-41,72],[-174,142],[-3,7],[-13,5],[-50,39],[-121,248],[-5,13],[-47,85],[-32,20],[-33,44],[-37,-15],[-37,10],[-85,374],[-28,129],[11,88],[3,95],[-26,67],[-17,85],[-28,57],[-31,47],[-117,77],[-6,8],[-30,20],[-26,47],[-65,13],[-34,87],[-47,44],[-64,-15],[-7,5],[-15,-8],[-55,-13],[-169,140],[-25,43],[-36,3],[-32,28],[-159,341],[-32,44],[-34,38],[-28,62],[-19,80],[-18,116],[-23,106],[-24,108],[-38,73],[-39,67],[-43,26],[-33,82],[-38,54],[-43,11],[-45,-6],[-42,42],[-45,7],[-21,67],[-17,73],[-31,31],[-26,56],[-36,83],[-46,52],[-45,33],[-47,41],[-236,44],[-135,323],[-35,67],[-28,85],[-36,67],[-40,44],[-36,33]],[[265158,81039],[35,-43],[34,-13],[37,-13],[36,10],[120,129],[17,212],[64,-24],[30,26],[28,26],[31,54],[30,44],[17,72],[29,70],[-109,95],[-36,-13],[-33,-7],[-31,-29],[-37,-13],[-36,6],[-33,-21],[-33,-34],[-31,-44],[-37,-116],[-41,-108],[-13,-124],[-38,-142]],[[159846,74260],[56,-65],[58,-66],[59,-69],[61,-72],[62,-74],[63,-77],[65,-79],[64,-79],[64,-79],[63,-77],[62,-75],[60,-73],[59,-70],[58,-68],[56,-65],[55,-60],[54,-56],[55,-55],[53,-55],[52,-55],[51,-56],[50,-59],[49,-60],[48,-63],[48,-65],[48,-66],[49,-66],[49,-65],[52,-65],[52,-65],[54,-68],[56,-70],[56,-71],[58,-73],[59,-73],[60,-72],[61,-72],[61,-71],[60,-68],[61,-64],[59,-60],[59,-56],[58,-50],[57,-47],[57,-42]],[[162397,71304],[44,119],[43,126],[43,133],[44,138],[44,141],[45,139],[45,135],[44,130],[44,123],[43,117],[42,109],[42,103],[42,99],[43,95],[45,97],[46,102],[46,109],[46,118],[46,124],[47,132],[48,135],[50,134],[51,130],[51,123],[53,115],[53,108],[53,101],[53,95],[53,90],[53,89],[53,90],[51,95],[50,100],[49,108],[47,116],[46,124],[43,131],[43,135],[42,137],[43,138],[41,139],[42,139],[41,138],[41,138],[41,136],[42,135],[41,133],[42,130],[42,129],[44,126],[45,124],[45,122],[46,118],[45,119]],[[265984,74348],[56,-92],[55,-92],[53,-91],[52,-92],[50,-92],[49,-92],[49,-93],[48,-91],[48,-92],[49,-91],[49,-90],[49,-90],[51,-89],[51,-89],[52,-88],[52,-88],[54,-87],[54,-88],[55,-87],[56,-88],[56,-89],[56,-89],[56,-90],[55,-92],[56,-92],[54,-93],[53,-94],[52,-95],[52,-96],[51,-96],[51,-95],[51,-96],[51,-95],[52,-96],[52,-96],[53,-97]],[[267867,71045],[64,39],[65,46],[65,57],[65,70],[62,85],[60,99],[56,111],[50,112],[44,105],[38,99],[34,93],[31,91],[32,91],[33,92],[37,95],[42,99],[47,101],[50,96],[50,94],[48,99],[45,105],[41,113],[38,119],[36,123],[36,122],[38,120],[40,122],[43,124],[46,125],[49,124],[53,121],[54,120],[54,117],[55,112],[54,107],[56,102],[56,100],[58,99],[60,100],[60,103],[61,106],[61,108],[59,111],[56,111],[55,104],[55,93],[54,87],[54,82],[53,81],[50,80],[50,84],[48,90],[48,100],[47,109],[47,115],[48,119],[49,120],[52,120],[54,119],[56,116],[58,113],[59,108],[60,107],[37,71]],[[271083,77551],[-18,17],[-38,54],[-14,232],[79,493],[6,495],[35,155],[-68,255],[14,134],[-9,134],[-11,114],[0,113],[-19,103],[-14,109],[-27,92],[-20,99],[-38,64],[-35,72],[28,121],[26,119],[-33,44],[-37,18],[-32,13],[-38,28],[-54,160],[-25,85],[-38,127],[-15,72],[-15,67],[-24,57],[-18,67],[-28,41],[-16,21],[-90,263],[8,52]],[[267051,82099],[-6,-30],[-19,-116],[-23,-111],[5,-122],[-3,-126],[-29,-137],[-31,-129],[-4,-149],[-26,-152],[-39,-55],[-39,-51],[-31,-91],[-29,-85],[-11,-111],[-16,-110],[-27,-91],[-22,-98],[10,-126],[-108,-815],[-40,-16],[-38,-41],[-38,-34],[-35,-59],[-31,-64],[-30,-70],[-25,-64],[-39,-57],[-61,8],[-56,-42],[-61,-26],[-48,-85],[-28,13]],[[271120,77623],[12,24]],[[271132,77647],[-19,13],[7,-37]],[[96443,86997],[7,-148],[3,-146],[1,-146],[-1,-145],[-2,-144],[-2,-146],[-1,-146],[-1,-148],[1,-149],[3,-150],[6,-149],[8,-148],[9,-141],[10,-134],[11,-128],[10,-123],[11,-121],[10,-120],[9,-122],[9,-124],[9,-128],[7,-134],[8,-142],[6,-150],[6,-159],[5,-165],[4,-170],[3,-172],[2,-175],[2,-176],[1,-176],[2,-174],[3,-173],[3,-169],[6,-166],[6,-160],[9,-154],[10,-151],[11,-148],[12,-146],[11,-143],[10,-140],[8,-139],[7,-137],[4,-136],[2,-136],[1,-136]],[[96702,80064],[42,-54],[41,-55],[42,-57],[43,-60],[46,-64],[50,-68],[54,-74],[55,-81],[58,-84],[59,-87],[61,-87],[61,-85],[61,-81],[61,-78],[61,-73],[60,-69],[59,-68],[58,-67],[58,-68],[59,-70],[61,-73],[62,-74],[62,-78],[64,-79],[63,-81],[63,-81],[63,-80],[63,-78],[62,-73],[61,-72],[60,-75],[56,-83],[54,-89],[52,-93],[52,-96],[51,-97],[52,-96],[54,-95],[56,-93],[58,-87]],[[98960,76961],[39,112],[40,113],[40,115],[41,118],[41,118],[39,120],[38,121],[36,122],[36,122],[36,121],[36,121],[36,120],[37,119],[39,117],[39,115],[40,113],[42,112],[42,111],[42,109],[43,108],[42,107],[43,111],[42,114],[42,117],[42,119],[41,122],[40,123],[39,125],[40,125],[39,125],[39,125],[41,123],[40,120],[42,117],[41,113],[43,108],[43,105],[45,105],[44,106],[45,107],[43,111],[43,113],[42,116],[41,120],[39,123],[38,125],[38,129],[37,129],[36,130],[38,130],[37,129]],[[92002,80827],[55,-97],[54,-96],[53,-96],[53,-96],[52,-97],[50,-98],[50,-98],[49,-98],[48,-99],[48,-99],[46,-100],[47,-105],[47,-109],[47,-114],[47,-116],[44,-117],[42,-119],[40,-118],[36,-117],[35,-116],[33,-115],[32,-114],[32,-112],[35,-108],[37,-100],[41,-93],[45,-89],[50,-85],[52,-83],[54,-83],[54,-84],[53,-89],[51,-98],[47,-107],[44,-116],[41,-126],[41,-132],[42,-133],[41,-131],[43,-125],[44,-117],[45,-107],[47,-96],[47,-86],[48,-77],[48,-72]],[[94092,76044],[60,83],[59,82],[59,83],[59,86],[58,90],[58,94],[58,97],[59,100],[58,104],[58,108],[59,110],[59,112],[59,113],[59,114],[58,115],[59,113],[58,111],[58,108],[58,104],[56,100],[57,94],[56,91],[57,86],[56,84],[57,80],[57,79],[58,76],[58,76],[59,74],[59,74],[60,73],[61,73],[61,73],[60,74],[60,73],[60,73],[58,73],[57,72],[54,73],[53,73],[51,74],[49,75],[48,75],[46,75],[45,75],[44,75]],[[84869,80729],[19,-95],[293,-425],[122,-248],[272,-281],[75,-175],[36,-506],[149,-353],[230,-330],[193,-470],[249,-382],[77,-229],[-46,-730],[79,-857],[-20,-283],[53,-240],[4,-403],[57,-276],[28,-763],[-56,-637],[-12,-807],[63,-434],[-33,-235],[71,-423],[6,-162]],[[86778,70985],[58,15],[69,17],[68,16],[68,17],[66,17],[66,17],[64,15],[62,14],[62,13],[60,12],[59,12],[59,12],[58,12],[58,13],[58,13],[58,15],[60,15],[61,17],[63,17],[65,13],[67,9],[69,6],[70,4],[71,3],[72,2],[73,3],[73,3]],[[88515,71307],[32,133],[32,136],[32,138],[32,143],[33,149],[34,156],[34,161],[34,167],[35,170],[34,174],[34,175],[33,177],[33,176],[32,175],[31,171],[30,167],[28,160],[29,154],[28,149],[28,145],[28,140],[29,137],[28,135],[29,132],[29,132],[29,131],[29,132],[29,134],[29,136],[29,139],[29,144],[28,147],[27,150],[24,152],[24,152],[23,152],[23,151],[23,153],[23,153],[25,152],[25,152],[27,151],[29,148],[30,145],[33,141],[35,139],[36,139],[37,137],[38,136],[40,135],[39,135],[40,135],[40,134],[40,135],[39,135],[39,135],[38,137],[36,138],[35,141],[34,143],[33,145],[31,148],[31,148]],[[166192,77064],[7,-158],[8,-159],[8,-159],[9,-160],[11,-160],[14,-160],[15,-166],[16,-174],[17,-179],[19,-183],[19,-187],[19,-188],[20,-188],[19,-188],[19,-185],[17,-182],[16,-177],[14,-170],[12,-165],[10,-159],[9,-157],[7,-154],[8,-153],[7,-153],[9,-153],[9,-154],[10,-156],[13,-157],[14,-160],[16,-162],[19,-163],[20,-161],[22,-159],[21,-156],[22,-156],[22,-156],[22,-158],[21,-159],[22,-161],[21,-162],[21,-164],[21,-165],[22,-167],[22,-164],[21,-160],[21,-156],[21,-152],[21,-148],[20,-146],[21,-144],[20,-143],[21,-144]],[[167047,68614],[53,21],[55,16],[59,10],[59,10],[59,11],[59,13],[58,15],[59,17],[58,19],[59,19],[60,21],[60,20],[61,21],[62,20],[63,19],[64,15],[67,10],[70,5],[70,1],[72,-2],[71,-2],[70,-3],[70,-1],[68,2],[66,5],[63,10],[61,17],[58,24],[56,35],[57,44],[57,51],[58,57],[58,61],[59,62],[60,61],[60,59],[61,55],[62,48],[61,39],[61,28],[59,20],[56,13],[54,8],[51,3],[51,0],[49,-3]],[[169831,69588],[10,136],[8,136],[6,139],[4,142],[5,145],[8,148],[11,151],[14,154],[17,158],[19,161],[22,164],[22,166],[22,166],[20,168],[18,168],[13,166],[10,163],[7,157],[4,154],[3,151],[2,149],[2,150],[2,152],[2,155],[4,160],[6,166],[9,172],[10,178],[12,185],[12,191],[10,194],[10,196],[10,196],[9,195],[8,193],[9,190],[9,185],[9,180],[11,175],[11,170],[14,164],[16,154],[17,145],[19,137],[19,130]],[[169831,69588],[34,-111],[35,-109],[37,-106],[39,-106],[42,-103],[43,-103],[45,-102],[45,-103],[47,-103],[46,-105],[46,-107],[46,-109],[47,-108],[46,-109],[47,-110],[48,-111],[48,-112],[48,-115],[49,-118],[49,-119],[50,-123],[50,-124],[51,-127],[51,-127],[52,-128],[51,-126],[52,-125],[52,-122],[52,-120],[52,-120],[53,-119],[52,-118],[52,-117],[52,-117],[52,-116],[52,-117]],[[171544,65473],[60,-6],[59,-5],[59,-5],[58,-3],[58,-4],[58,-3],[58,-4],[59,-4],[60,-5],[60,-6]],[[172133,65428],[30,138],[32,137],[32,136],[34,138],[36,137],[38,138],[39,138],[40,136],[39,132],[41,131],[40,131],[40,132],[40,133],[39,137],[38,138],[38,139],[37,138],[37,137],[37,133],[36,130],[37,128],[36,126],[37,126],[36,126],[35,129],[35,131],[35,135],[34,139],[33,143],[34,147],[33,150],[33,152],[33,154],[34,153],[33,152],[35,148],[35,145],[36,137],[37,129],[37,123],[39,117],[39,113],[40,108],[41,104],[42,103],[42,102],[42,102],[42,104],[42,107],[41,112],[39,119],[38,126],[36,130],[34,134],[32,136],[30,137],[29,136],[30,135],[30,132],[32,129],[34,124],[34,121],[36,117],[36,113],[36,112]],[[103607,82428],[12,-158],[12,-160],[11,-159],[10,-159],[10,-158],[9,-155],[7,-155],[2,-156],[-2,-158],[-3,-160],[-3,-162],[-4,-163],[-3,-165],[-2,-166],[-1,-166],[2,-164],[3,-161],[4,-156],[4,-150],[6,-148],[7,-149],[8,-148],[8,-147],[8,-145],[8,-145],[8,-142],[8,-140],[7,-138],[7,-135],[6,-132],[6,-129],[4,-127],[4,-125],[2,-124],[3,-123],[4,-121],[4,-121],[6,-121],[7,-121],[10,-121],[13,-122],[14,-123],[18,-128],[20,-132],[21,-138],[21,-142],[22,-146],[22,-152],[21,-155],[21,-160],[21,-162],[21,-166],[22,-167],[22,-168],[24,-168],[25,-168]],[[104134,74198],[64,-55],[65,-53],[64,-51],[64,-51],[64,-50],[63,-51],[62,-51],[61,-53],[60,-54],[58,-56],[57,-58],[56,-60],[53,-65],[51,-67],[49,-67],[48,-64],[47,-59],[45,-53],[46,-46],[45,-39],[46,-35],[48,-30],[49,-29],[51,-30],[53,-35],[54,-39],[55,-45]],[[105612,72852],[49,58],[50,58],[50,59],[51,63],[51,65],[51,69],[53,73],[52,75],[53,77],[53,79],[53,78],[54,76],[54,74],[56,74],[58,73],[60,72],[61,72],[63,73],[64,72],[66,74],[65,74],[65,77],[65,78],[65,80],[63,83],[63,84],[61,85],[62,87],[61,86],[61,87],[62,85],[63,83],[64,81],[66,79],[66,77],[68,75],[68,74],[69,73],[68,72],[68,72],[67,74],[65,75]],[[108139,76007],[11,150],[9,152],[6,152],[6,153],[4,154],[3,154],[3,155],[3,156],[4,155],[4,155],[6,155],[8,155],[9,156],[9,157],[10,158],[11,159],[10,158],[11,160],[10,159],[10,158],[9,159],[8,158],[7,157],[6,157],[4,154],[2,150],[0,148],[0,145],[-1,144],[-1,143],[-1,142],[1,142],[2,142],[3,143],[6,145],[9,147]],[[162397,71304],[20,-124],[21,-124],[20,-124],[22,-125],[21,-128],[23,-132],[22,-137],[23,-143],[22,-149],[23,-156],[22,-159],[21,-163],[21,-165],[21,-166],[22,-166],[22,-166],[22,-164],[22,-163],[23,-161],[24,-158],[24,-156],[24,-154],[26,-153],[27,-153],[28,-153],[28,-153],[29,-154],[28,-155],[27,-154]],[[163075,66946],[68,-5],[66,-5],[66,-5],[65,-6],[63,-6],[62,-7],[60,-9],[61,-10],[59,-12],[60,-12],[60,-12],[59,-12],[61,-12],[61,-11],[62,-10],[64,-8],[66,-7],[67,-4],[67,4],[67,12],[66,20],[65,25],[66,29],[65,32],[66,31],[67,30],[67,27],[67,22],[69,16],[70,6],[72,-3],[70,-10],[70,-18],[69,-22],[68,-26],[68,-28],[68,-30],[67,-29],[67,-27],[67,-25],[67,-20],[66,-13],[67,-7],[69,-7],[70,-9],[71,-13],[72,-15],[72,-17],[72,-18],[71,-19],[70,-18],[68,-18],[66,-17],[64,-14],[61,-12]],[[166719,66612],[30,125],[28,128],[27,133],[24,136],[24,141],[22,146],[21,149],[21,152],[20,155],[20,155],[21,154],[22,151],[23,143],[25,134]],[[157818,72934],[20,-151],[71,-348],[33,-380],[18,-113],[23,-108],[35,-80],[7,-18],[125,-483],[169,-588],[27,-139],[3,-11],[79,-392],[-5,-87],[4,-85],[31,-111],[44,-70],[33,-103],[44,-72],[25,-98],[14,-109],[37,-69],[18,-44],[46,-152],[15,-80],[28,-85],[30,-86],[74,-417],[2,-24],[13,-74],[15,-73],[12,-817],[-51,-31],[-43,-83],[7,-93],[5,-93],[9,-90],[5,-95],[7,-93],[15,-88],[6,-95],[18,-85],[-55,-233],[12,-72],[6,-80],[28,-142],[5,-239],[-5,-70],[-9,-98],[3,-108],[-7,-104],[16,-98],[9,-103],[-9,-121],[-9,-126],[-7,-124],[3,-127],[117,-626],[-5,-132],[0,-132],[109,-379],[2,-13],[3,-7],[37,-124],[6,-109],[9,-105],[7,-106],[22,-101],[-11,-144],[-16,-145],[10,-126],[-5,-168],[2,-90],[-2,-90],[4,-88],[-5,-90],[18,-80],[20,-70],[14,-82],[13,-88],[-15,-93],[-5,-106],[-11,-103],[-3,-105],[23,-133]],[[159205,61141],[49,38],[65,49],[65,50],[64,49],[63,48],[62,49],[63,46],[65,43],[68,40],[68,39],[70,36],[71,36],[71,34],[72,35],[71,36],[70,37],[69,40],[68,42],[67,47],[63,52],[61,58],[59,62],[57,65],[55,68],[55,69],[54,69],[55,68],[56,66],[58,63],[60,57],[64,52],[66,44],[68,37],[70,31],[71,27],[71,25],[71,23],[72,22],[70,25],[70,28],[68,34],[66,39],[65,46],[63,51],[62,56],[61,58],[61,59],[60,58]],[[162298,63347],[29,147],[30,142],[30,136],[29,129],[30,123],[30,118],[30,115],[29,114],[28,115],[29,118],[30,121],[31,125],[31,129],[31,133],[32,136],[30,138],[31,139],[30,140],[31,140],[30,140],[29,140],[27,142],[26,141],[24,142],[23,143],[24,145],[23,148]],[[249090,74103],[19,-86],[32,-138],[32,-143],[32,-145],[31,-149],[30,-152],[30,-154],[28,-156],[27,-156],[27,-157],[26,-156],[26,-155],[25,-153],[26,-150],[27,-146],[28,-140],[27,-133],[28,-127],[29,-122],[29,-118],[29,-116],[29,-115],[30,-115],[31,-117],[31,-119],[31,-122],[31,-126],[32,-132],[32,-138],[34,-141],[37,-140],[38,-140],[40,-139],[42,-138],[42,-137],[42,-137],[43,-137],[42,-137],[41,-136],[41,-138],[38,-138],[36,-138],[33,-139],[30,-139],[27,-138],[24,-137],[23,-137],[22,-136],[21,-136],[22,-136],[23,-136],[23,-136]],[[250689,67001],[63,13],[62,9],[62,5],[62,-2],[62,-2],[61,-2],[61,-1],[61,0],[60,0],[60,0],[60,0],[59,1],[60,0],[59,0],[59,0],[59,-1],[60,-1],[63,-2],[64,-2],[66,-2],[67,-3],[67,-3],[69,-3],[68,-3],[68,-2],[67,-3],[66,-2],[64,-1],[64,-2],[65,-8],[66,-13],[67,-16],[68,-20],[69,-22],[69,-22],[70,-23],[70,-21],[70,-19],[70,-15],[69,-10],[70,-6]],[[253335,66797],[10,171],[9,170],[9,165],[7,161],[6,156],[5,149],[5,145],[5,141],[6,139],[6,143],[4,156],[2,168],[2,175],[2,174],[3,168],[2,159],[3,147],[4,136],[3,127],[5,122],[5,122],[7,129],[7,148],[7,168],[8,186],[9,197],[9,200],[9,200],[8,197],[8,189],[6,181],[7,170],[8,160],[10,150],[12,142],[18,135],[22,128],[25,125],[26,124],[24,126],[21,129],[16,135],[10,142],[4,148],[0,155],[-3,159],[-4,156],[-3,146],[-2,133],[-1,119],[1,108],[3,103],[5,105]],[[250756,80071],[-62,-262],[-6,-83],[1,-46],[-3,-75],[-7,-46],[-17,-78],[7,-80],[5,-85],[-5,-82],[0,-85],[39,-238],[0,-5],[14,-77],[-4,-335],[-9,-88],[5,-88],[38,-33],[29,-57],[39,0],[35,-34],[-14,-74],[-2,-88],[-3,-44],[-13,-121],[-45,-36],[-41,-62],[-39,-60],[-40,-54],[-38,-62],[-39,-51],[-23,-96],[-21,-105],[-33,-75],[-33,-80],[-74,28],[-47,-451],[-53,-65],[-53,-64],[-11,-101],[8,-106],[-103,-559],[-180,-624],[-43,-109],[-6,-15],[-7,-26],[-43,-103],[-205,-354],[-259,-283],[-97,-86],[-34,0],[-37,6],[-34,-16],[-33,-26],[-30,-49],[-26,-59],[-14,-21]],[[267867,71045],[8,-120],[10,-117],[12,-117],[14,-119],[17,-122],[19,-125],[21,-135],[24,-144],[24,-150],[25,-152],[25,-152],[25,-148],[24,-142],[24,-136],[22,-131],[21,-126],[19,-123],[19,-124],[19,-127],[16,-128],[16,-128],[14,-128],[14,-130],[14,-130],[14,-133],[13,-136],[15,-141],[15,-147],[18,-154],[19,-159],[21,-164],[22,-165],[23,-165],[22,-165],[21,-162]],[[268516,66200],[64,-8],[65,-9],[65,-11],[65,-12],[66,-15],[66,-18],[67,-22],[67,-26],[67,-31],[66,-34],[66,-38],[66,-39],[65,-42],[64,-42],[64,-43],[64,-44],[63,-43],[63,-42],[63,-41],[63,-40],[63,-38],[64,-36],[65,-33],[66,-31],[68,-32],[67,-32],[68,-34],[69,-34],[68,-35],[69,-34],[69,-35],[69,-34],[69,-33],[69,-32]],[[270758,65127],[42,112],[41,113],[40,115],[42,130],[45,144],[47,154],[51,158],[53,158],[54,150],[54,135],[52,114],[50,98],[49,97],[48,93],[46,86],[44,77],[41,68],[39,61],[37,61],[37,69],[36,77],[36,92],[37,112],[39,131],[41,147],[40,153],[39,150],[36,137],[35,126],[40,128],[43,127],[44,124],[45,119],[43,113],[41,108],[37,108],[32,111],[29,108],[28,102],[30,101],[31,101],[33,103],[35,107],[38,111],[39,116],[42,123],[46,135],[46,144],[45,149],[43,151],[39,149],[37,144],[34,136],[35,126],[39,115],[43,111],[46,107],[49,104],[53,102],[55,105],[54,105],[40,85]],[[273343,72323],[-2,50],[-17,92],[-20,88],[-29,72],[52,98],[32,44],[45,57],[36,95],[-12,75],[-5,83],[-11,75],[-23,64],[-35,49],[-36,57],[-43,18],[-39,39],[-40,330],[-101,-96],[-151,42],[-3,131],[-7,132],[-156,188],[-56,-21],[-51,-41],[-34,96],[-41,79],[-37,24],[-38,-11],[-38,11],[-38,-29],[-29,127],[-46,95],[-3,10],[-6,111],[-6,114],[-10,51],[-13,166],[-28,54],[-1,2],[-81,173],[-217,31],[-38,70],[-32,93],[-44,56],[-46,31],[-33,-18],[-32,-28],[-85,183],[-11,39],[-37,64],[-77,-18],[-39,90],[-40,88],[-51,49],[-46,36],[-35,119],[-23,131],[-50,57],[-40,106],[21,266],[2,10],[12,98],[5,93],[2,98],[2,46],[11,142],[-57,39],[-53,38],[-3,119],[13,-59],[40,87],[41,93],[-36,199],[-33,36],[-12,0],[-69,46]],[[271120,77623],[45,-249],[-33,72],[-26,85],[-23,20]],[[172133,65428],[56,-109],[56,-111],[55,-111],[55,-113],[53,-113],[52,-114],[51,-115],[51,-115],[50,-115],[50,-112],[52,-110],[53,-105],[56,-102],[58,-99],[60,-94],[63,-92],[64,-88],[66,-86],[67,-83],[66,-83],[66,-84],[66,-90],[64,-95],[63,-103],[60,-108],[59,-115],[57,-119],[56,-123],[54,-123],[52,-124],[52,-121],[49,-118],[48,-113],[47,-109],[45,-103],[45,-98],[44,-92],[45,-87],[46,-83],[46,-80],[47,-77],[42,-67]],[[174420,61126],[7,21],[17,111],[25,95],[28,88],[24,103],[11,114],[20,103],[66,106],[24,8],[33,23],[25,59],[29,36],[19,72],[28,49],[117,137],[14,5],[37,5],[33,24],[35,20],[35,23],[26,65],[32,44],[23,72],[12,36],[37,41],[13,8],[35,21],[32,49],[29,54],[644,539],[35,3],[37,5],[32,44],[35,41],[283,335],[14,8],[52,41],[47,85],[43,116],[47,109],[14,75],[10,33],[52,150],[157,575],[45,542],[-130,43],[17,519],[11,70],[0,98],[-1,98],[6,87],[12,80],[9,83],[11,82],[-10,88],[0,41],[16,220],[113,492],[-33,54],[-36,26],[1,93],[-8,80],[-1,36],[2,80],[8,93],[-10,93],[-13,72],[-9,206],[18,75],[13,80],[5,85],[9,88],[-12,155],[14,147],[-29,134],[-15,149],[-36,39],[-7,0],[-95,85],[-5,124],[-7,119],[-4,26],[-12,263],[5,72],[0,126],[-21,111],[-7,127],[-69,268],[-5,44],[-29,95],[-8,93],[-2,88],[2,98],[3,87],[-16,85],[-12,88],[-20,78],[-23,72],[43,418],[-101,477],[-125,124],[-63,182]],[[257873,74593],[9,-180],[9,-175],[9,-169],[10,-161],[9,-152],[8,-144],[5,-139],[5,-137],[3,-138],[3,-140],[2,-144],[2,-146],[3,-148],[3,-148],[5,-147],[7,-144],[8,-136],[8,-128],[7,-121],[6,-121],[5,-123],[5,-128],[4,-136],[3,-145],[1,-153],[1,-162],[0,-167],[-1,-171],[-3,-177],[-3,-186],[-5,-195],[-4,-201],[-3,-202],[-4,-201],[-5,-196],[-6,-187],[-8,-178],[-7,-169],[-6,-159],[-4,-152],[-1,-146],[1,-142],[3,-139],[5,-138],[6,-137]],[[257968,67585],[52,-102],[53,-103],[52,-102],[52,-102],[52,-101],[52,-102],[51,-102],[51,-101],[50,-102],[50,-103],[49,-102],[49,-103],[48,-103],[47,-102],[47,-103],[47,-102],[46,-102],[46,-102],[46,-102],[46,-103],[46,-103]],[[259000,65438],[65,6],[65,9],[65,11],[64,16],[64,22],[64,28],[63,35],[63,40],[65,41],[65,43],[65,45],[65,44],[62,43],[60,42],[59,42],[56,45],[55,48],[56,48],[59,45],[62,42],[63,43],[63,42],[63,44],[61,47],[59,50],[55,54],[50,59],[46,59],[43,61],[40,60],[39,62],[39,63],[40,64],[43,66],[47,67],[53,68],[58,69],[60,72],[62,72],[63,71],[66,67],[68,63],[70,58],[71,54],[73,53],[74,53],[75,53],[77,48],[80,43],[80,38],[81,37],[80,35],[79,36],[77,39],[74,43],[71,50],[68,59],[64,70],[61,76],[59,80],[56,81],[55,79],[54,75]],[[262902,68616],[7,147],[8,140],[9,136],[13,132],[14,130],[16,133],[17,136],[18,142],[18,147]],[[108139,76007],[63,-111],[60,-107],[57,-104],[52,-99],[46,-92],[39,-87],[35,-84],[31,-82],[29,-83],[28,-85],[29,-85],[31,-89],[33,-90],[37,-94],[40,-95],[44,-98],[48,-97],[48,-94],[50,-91],[50,-87],[51,-84],[52,-82],[54,-80],[57,-79],[58,-79],[59,-79],[61,-79],[62,-81],[64,-81],[65,-83],[68,-84],[70,-84],[72,-84],[74,-84],[75,-85],[76,-86],[75,-86],[73,-88],[71,-90],[68,-92],[62,-96],[59,-101],[53,-106],[50,-110],[48,-108],[45,-107],[45,-104],[45,-100],[45,-97],[46,-93],[48,-90],[48,-88],[48,-89],[49,-92],[50,-98],[49,-104],[49,-109],[48,-111],[48,-114],[47,-115],[46,-115],[45,-113],[43,-108],[43,-104],[41,-97],[40,-89],[40,-84],[13,-28]],[[111587,69713],[-75,808],[89,356],[0,188],[125,516],[75,418],[124,92],[199,663],[61,408],[75,263],[140,929],[163,234],[101,527],[19,374],[-47,1214],[66,790],[39,183],[113,505],[161,262]],[[98960,76961],[22,-161],[23,-157],[23,-154],[24,-150],[21,-147],[21,-146],[20,-143],[18,-141],[17,-139],[16,-138],[15,-137],[15,-136],[17,-135],[17,-134],[20,-134],[22,-133],[25,-134],[25,-133],[26,-134],[26,-133],[25,-134],[21,-134],[18,-136],[17,-141],[15,-147],[15,-150],[14,-153]],[[99498,73147],[60,-75],[59,-75],[58,-74],[57,-71],[56,-69],[55,-66],[55,-61],[54,-58],[55,-55],[55,-54],[54,-50],[52,-45],[51,-41],[50,-39],[50,-38],[50,-36],[50,-36],[52,-36],[54,-39],[56,-41],[58,-45],[62,-49],[65,-49],[67,-51],[67,-51],[68,-52],[66,-52],[64,-52],[62,-53],[60,-54],[58,-55],[56,-58],[55,-60],[57,-66],[59,-73],[60,-77],[62,-83],[64,-85],[65,-88],[67,-90]],[[101823,70845],[63,72],[64,71],[64,70],[64,71],[64,71],[63,71],[64,72],[63,73],[64,72],[64,72],[64,71],[64,71],[64,70],[63,69],[62,69],[61,69],[61,69],[59,69],[59,70],[57,71],[57,70],[56,69],[56,69],[54,69],[54,71],[53,74],[51,77],[49,80],[49,84],[47,89],[46,91],[45,96],[44,98],[44,101],[43,103],[43,104],[43,105],[43,103],[44,102],[45,99],[46,96],[48,90]],[[88515,71307],[62,-106],[59,-101],[55,-94],[53,-86],[50,-78],[51,-71],[52,-63],[54,-56],[58,-49],[61,-46],[64,-42],[66,-42],[66,-44],[66,-48],[63,-55],[58,-62],[54,-70],[50,-76],[47,-80],[45,-84],[45,-86],[46,-89],[47,-90],[49,-91],[52,-91],[54,-90],[56,-88],[56,-85],[56,-85],[55,-85],[54,-88],[53,-91],[52,-94],[52,-97],[51,-100],[51,-100],[51,-99],[52,-95],[53,-90],[50,-84],[49,-79],[48,-73],[48,-69],[50,-67],[51,-64],[53,-62],[57,-60],[59,-58],[62,-56],[65,-52],[67,-48]],[[91293,67448],[61,95],[62,94],[63,94],[64,94],[64,92],[66,92],[65,91],[66,90],[66,89],[65,88],[63,87],[63,87],[60,86],[59,86],[55,83],[52,82],[50,81],[48,81],[48,81],[46,81],[47,82],[48,82],[49,84],[50,85],[52,86],[54,87],[56,88],[58,88],[59,88],[60,87],[60,85],[60,82],[59,78],[58,75],[57,74],[54,71],[54,69],[52,67],[51,65],[51,64],[52,64],[53,65],[55,66],[56,67],[58,69],[60,71],[62,74]],[[93964,71265],[13,163],[14,161],[13,158],[12,155],[11,151],[9,149],[6,145],[4,144],[2,139],[2,129],[1,120],[0,114],[1,110],[0,107],[0,106],[1,108],[0,110],[2,113],[2,118],[4,125],[4,131],[3,137],[2,142],[0,146],[0,149],[0,151],[0,152],[0,152],[0,151],[1,149],[2,146],[3,142],[4,137],[6,135],[6,134]],[[253335,66797],[46,-115],[47,-113],[46,-110],[46,-107],[45,-103],[45,-100],[45,-99],[43,-97],[43,-96],[42,-95],[43,-94],[42,-93],[42,-93],[42,-93]],[[253952,65389],[69,12],[70,9],[69,7],[70,7],[70,9],[70,11],[70,15],[71,21],[71,26],[69,33],[66,40],[65,45],[61,50],[60,53],[59,54],[58,55],[58,52],[59,48],[62,41],[63,35],[66,29],[67,25],[68,22],[69,20],[70,20],[70,22],[70,26],[71,33],[70,41],[69,51],[70,66],[70,79],[70,89],[70,94],[70,95],[70,94],[69,87],[68,78],[68,68],[68,54],[67,40],[67,27],[67,18],[67,11],[66,7],[66,6],[65,8],[65,11],[65,14],[65,20],[63,26],[63,31],[61,34],[60,36],[59,36],[59,35],[58,33],[58,29],[59,25],[60,19],[63,14]],[[245236,71105],[12,-45],[36,-135],[36,-135],[35,-134],[35,-132],[35,-131],[33,-129],[34,-128],[32,-128],[31,-124],[28,-122],[27,-119],[24,-117],[24,-117],[23,-116],[22,-117],[22,-118],[22,-119],[23,-120],[24,-122],[26,-124],[27,-127],[29,-128],[32,-130],[33,-128],[33,-125],[34,-124],[36,-122],[36,-121],[36,-118],[37,-118],[38,-117],[37,-117],[38,-118],[38,-119],[38,-121],[37,-124],[37,-127],[35,-131],[35,-132],[35,-134],[33,-135],[33,-136],[33,-136],[33,-135],[33,-135],[33,-134],[33,-132],[35,-131],[35,-128],[37,-125],[39,-122],[40,-119],[40,-116],[40,-113],[41,-110],[40,-110],[41,-108],[41,-108],[41,-109],[41,-109],[41,-111],[41,-113],[41,-116],[41,-118],[40,-122],[40,-126],[41,-131],[42,-135],[42,-138],[42,-141],[42,-144]],[[247716,62246],[67,-23],[68,-25],[68,-30],[68,-34],[69,-38],[68,-42],[70,-43],[70,-43],[71,-43],[72,-41],[73,-41],[73,-39]],[[248553,61804],[43,105],[40,106],[38,109],[39,116],[42,122],[47,127],[51,132],[56,135],[57,134],[57,128],[55,121],[53,113],[49,102],[50,93],[50,84],[51,75],[49,69],[48,65],[46,62],[44,64],[43,71],[41,81],[36,97],[29,112],[24,126],[23,134],[23,138],[26,132],[31,120],[39,104],[47,91],[53,80],[56,78],[58,83],[58,93],[59,107],[58,119],[56,130],[55,134],[53,134],[51,130],[46,137],[42,141],[40,142],[40,142],[41,141],[43,138]],[[249090,74103],[-16,-23],[-33,-36],[-46,-10],[-14,-13],[-48,-16],[-30,24],[-50,10],[-47,-10],[-44,-47],[-42,-54],[-49,-15],[-51,-57],[-149,-165],[-82,64],[-25,57],[-35,57],[-38,38],[-39,13],[-41,8],[-39,-3],[-123,-46],[-37,-108],[-20,-36],[-8,-47],[-139,-415],[-49,-29],[-3,-2],[-343,-191],[-59,0],[-40,15],[-49,16],[-50,-31],[-43,-67],[-6,-18],[-116,-199],[-25,-77],[-24,-49],[-22,-70],[-17,-77],[-54,-26],[-23,-21],[-41,-23],[-37,0],[-57,-5],[-55,0],[-51,-46],[-47,-65],[-48,-51],[-33,31],[-2,0],[-52,46],[-7,10],[-26,57],[-33,18],[-29,39],[-35,2],[-31,26],[-156,-201],[-26,59],[-29,52],[-28,59],[-33,39],[-34,-57],[-39,-26],[-30,-72],[-29,-62],[-14,-31],[-70,-113],[-16,-21],[-33,-62],[-38,3],[-37,-21],[-34,-46],[-36,-23],[-26,-52],[-23,-65],[-8,-25],[-38,-93],[-182,-194],[-36,-85],[-25,-106],[-28,-92],[-24,-106],[-30,-40]],[[262902,68616],[36,-143],[36,-145],[36,-145],[36,-144],[36,-140],[35,-137],[35,-134],[35,-130],[33,-127],[34,-125],[33,-124],[32,-123],[31,-124],[31,-126],[29,-130],[29,-135],[27,-140],[25,-141],[22,-139],[21,-137],[18,-137],[18,-135],[17,-135],[17,-135],[18,-135],[19,-136],[21,-136],[23,-136],[25,-137],[28,-136],[30,-134],[30,-134],[31,-133],[31,-132],[32,-130],[32,-130],[33,-127],[33,-127],[34,-127],[34,-126],[34,-128],[34,-128],[33,-131],[34,-134],[33,-141]],[[264226,62607],[67,-9],[68,-8],[67,-6],[68,-6],[67,-5],[68,-4],[68,-6],[69,-6],[69,-7],[69,-9],[69,-11],[70,-13],[69,-16],[71,-16],[71,-16],[72,-14],[73,-14],[72,-13],[73,-12],[73,-11],[72,-12],[71,-11],[71,-13],[70,-13],[69,-15],[67,-17],[65,-21],[64,-25],[62,-31],[61,-35],[59,-39],[59,-41],[57,-43],[57,-44],[55,-44],[56,-43],[54,-42],[55,-41],[54,-38],[55,-36],[55,-33],[55,-30]],[[266962,61738],[24,65],[26,68],[26,76],[29,85],[31,94],[33,102],[35,109],[36,111],[37,117],[36,128],[38,139],[39,146],[40,147],[41,146],[41,144],[42,141],[47,142],[49,148],[55,151],[62,149],[66,147],[70,143],[69,138],[64,134],[56,130],[44,123],[34,118],[29,110],[27,105],[28,99],[31,96],[37,95],[44,100],[49,110],[49,124],[47,136],[43,146]],[[270758,65127],[41,-130],[41,-133],[42,-136],[42,-138],[43,-141],[44,-145],[45,-147],[45,-148],[45,-150],[45,-151],[43,-151],[43,-150],[42,-150],[41,-148],[40,-146],[39,-143],[37,-141],[37,-136],[36,-133],[37,-131],[40,-129],[41,-128],[42,-127],[43,-126],[43,-124],[44,-123],[42,-122],[41,-119],[39,-117],[36,-115],[35,-115],[32,-114],[29,-113],[28,-112],[28,-108],[29,-105],[30,-104],[31,-102],[34,-101],[35,-101],[37,-102],[40,-102],[40,-104],[42,-104]],[[272467,59562],[78,14],[80,14],[82,16],[83,23],[81,31],[80,34],[77,33],[74,35],[70,36],[67,41],[64,45],[60,51],[59,57],[57,66],[52,81],[47,95],[43,108],[41,116],[40,121],[39,121],[38,116],[39,106],[39,97],[38,93],[38,90],[39,86],[40,84],[41,81],[44,81],[46,83],[48,85],[52,88],[56,88],[58,86],[60,82],[61,76],[60,68],[61,59],[61,50],[63,40],[67,30],[70,21],[74,14],[75,10],[78,8],[77,11],[76,16],[73,24],[73,41],[77,63],[79,80],[79,91],[78,97],[75,95],[71,90],[65,80],[59,65],[55,61],[52,64],[52,66],[55,68],[58,69],[61,69],[56,62]],[[276358,63634],[-103,134],[-40,118],[-41,111],[-13,83],[-10,90],[-12,83],[-1,95],[-8,88],[-16,80],[-25,64],[-21,80],[-50,75],[-52,77],[-12,127],[-16,129],[-170,-75],[-35,98],[-26,116],[-47,62],[-37,95],[-46,65],[-42,70],[-50,28],[-52,21],[-47,167],[-15,91],[-26,51],[-9,28],[3,-2],[34,-54],[24,-80],[26,-80],[31,-67],[49,245],[-66,333],[-181,59],[11,-101],[13,-90],[-131,121],[0,103],[8,104],[-7,105],[-13,98],[-16,96],[-12,95],[-20,93],[-17,93],[21,407],[23,91],[3,124],[11,126],[1,131],[-7,127],[-26,108],[-38,85],[12,134],[-6,137],[-43,88],[-39,93],[-8,13],[-74,160],[-29,-104],[-14,-118],[0,-122],[-2,-118],[-254,302],[-15,72],[-18,75],[-19,62],[-85,343],[-138,-400],[-1,0],[-28,-65],[-19,-74],[-33,2],[-78,8],[-29,113],[-10,42],[-20,77],[-23,72],[-149,988],[22,72],[14,85],[-157,875],[-19,80],[-7,10],[-58,206],[32,199],[-40,59],[-35,75],[-40,67],[-43,39],[-29,88],[-30,80],[-35,64],[-30,75],[-32,31],[-105,232],[-3,51]],[[166719,66612],[14,-155],[12,-154],[12,-156],[12,-155],[8,-151],[6,-146],[4,-143],[3,-141],[1,-139],[1,-139],[0,-140],[1,-141],[1,-143],[3,-148],[5,-151],[6,-157],[6,-159],[7,-159],[5,-159],[6,-160],[6,-159],[5,-160],[6,-160],[6,-160],[6,-159],[7,-159],[7,-159],[8,-158],[10,-162],[12,-164],[14,-168],[16,-169],[16,-171],[18,-171],[18,-170],[18,-170],[18,-166],[16,-161]],[[167039,60670],[63,-76],[62,-71],[62,-65],[63,-60],[63,-57],[62,-55],[63,-55],[63,-55],[61,-56],[61,-59],[60,-61],[59,-64],[58,-68],[56,-71],[56,-75],[56,-76],[54,-79],[54,-77],[54,-75],[52,-72],[51,-67],[50,-63],[49,-59],[48,-55],[48,-52],[48,-50],[48,-50],[49,-51],[49,-52],[50,-57],[51,-60],[52,-64],[53,-68],[54,-72],[56,-74],[57,-77],[58,-77],[59,-79],[61,-78],[61,-79],[62,-77],[62,-76],[63,-76]],[[169460,57830],[45,113],[44,111],[44,109],[43,110],[43,110],[42,113],[43,113],[44,114],[46,113],[46,117],[46,121],[45,126],[43,129],[42,133],[41,136],[38,140],[36,142],[35,143],[34,144],[34,143],[34,142],[34,139],[36,135],[38,131],[41,133],[42,132],[43,131],[44,131],[42,129],[41,126],[39,123],[37,122],[35,120],[33,118],[30,119],[30,120],[28,122],[27,127],[27,126],[27,126],[28,124],[27,125],[26,126],[26,126],[26,128],[27,128],[27,129],[27,130],[27,132],[27,132],[28,135],[27,136],[27,137],[27,137],[26,135],[28,133],[28,130],[28,128],[27,130],[28,130]],[[243815,57309],[48,73],[59,86],[59,81],[60,77],[61,73],[61,68],[61,64],[61,59],[61,57],[61,56],[60,60],[61,61],[65,57],[71,56],[74,57],[76,58],[78,61],[76,64],[73,66],[67,67],[61,68],[58,67],[55,69],[53,69],[53,70],[52,71],[53,73],[53,73],[53,73],[55,70],[51,69],[49,68],[47,63],[46,59],[46,53],[48,50],[48,47],[51,49],[54,53],[57,54],[62,49],[65,44],[68,40],[70,39],[71,43],[71,50],[67,60],[64,75],[61,89],[61,98],[60,106],[61,112],[60,117],[61,121],[61,123],[62,122],[63,121],[63,119],[63,124],[62,128],[60,128],[59,124],[58,120],[56,112],[56,104]],[[245236,71105],[-145,-192],[-127,-377],[-40,-64],[-36,-75],[-46,-44],[-51,-8],[-123,-136],[-148,-65],[-32,-39],[-3,-5],[-208,-284],[-218,-1114],[-48,-77],[-20,-62],[-59,-116],[-9,-11],[-43,-90],[-30,52],[-31,38],[52,354],[-79,312],[69,833],[-31,-39],[-36,-15],[-32,-49],[-28,-46],[-27,-96],[-36,-82],[-8,-124],[-22,-111],[-18,-129],[-5,-26],[0,-15],[-47,-351],[-3,-13],[-9,-80],[-24,-57],[-15,-75],[-29,-41],[-26,-54],[-3,-85],[-5,-80],[-22,-65],[-10,-80],[1,-82],[1,-13],[8,-232],[38,-78],[47,-54],[4,-149],[-5,-153],[14,-147],[33,-129],[-54,-234],[19,-238],[2,-33],[7,-88],[-39,-441],[-33,-49],[-32,-46],[-24,-75],[-28,-65],[-73,-371],[-2,-3],[-15,-72],[-9,-49],[-20,-106],[-19,-85],[-15,-85],[-9,-95],[-13,-96],[7,-93],[2,-90],[-18,-196],[47,-619],[141,-428],[1,-163],[-1,-15],[3,-41],[1,-137],[89,-503],[38,-65],[40,-38],[12,-119],[25,-100],[67,-385],[25,-90],[16,-108],[29,-83],[27,-90],[24,-96],[16,-105],[33,-78],[26,-90],[43,-65],[44,-49],[-5,-82],[-6,-77],[10,-80],[1,-83],[-56,-449],[35,-265],[-113,-287],[-26,70],[-24,82],[-28,65],[-34,33],[-28,307],[-132,65],[-15,15],[-52,16],[24,126],[18,124],[5,139],[4,140],[-20,90],[-19,88],[-26,77],[-23,82],[-19,88],[-30,70],[-29,67],[-28,67],[-28,-54],[-24,-65],[-2,-10],[-46,-114],[120,-461],[3,-83],[1,-15],[9,-227],[43,-134],[2,-11],[19,-85],[30,-59],[168,-263],[-12,-109],[0,-110],[-5,-114],[-5,-106],[-79,-90],[-26,-15],[-33,-50],[-83,207],[-8,93],[-6,98],[-13,93],[-15,85],[-22,90],[-30,59],[-29,178],[-177,-85],[7,-90],[11,-85],[12,-52],[14,-113],[208,-508],[7,-31],[33,-70],[8,-83],[11,-77],[17,-75],[20,-67],[19,-64],[20,-65],[55,-95],[21,-119],[25,-113],[20,-47],[144,-591],[81,-585]],[[93964,71265],[49,-104],[50,-104],[55,-106],[59,-111],[64,-114],[67,-117],[70,-119],[71,-121],[69,-121],[67,-120],[62,-118],[57,-114],[52,-109],[47,-106],[43,-106],[42,-109],[42,-113],[43,-115],[45,-116],[47,-117],[51,-116],[53,-114],[54,-112],[57,-108],[56,-104],[57,-100],[60,-97],[65,-94],[68,-92],[72,-90],[74,-89],[74,-91],[72,-94],[71,-98],[67,-102],[64,-105],[62,-107],[59,-105],[58,-100],[58,-92],[60,-86],[62,-81],[63,-75],[66,-72],[66,-71],[66,-71],[64,-73],[61,-79]],[[96825,66387],[43,116],[40,118],[36,118],[35,119],[32,121],[30,122],[30,123],[30,123],[30,123],[32,123],[32,123],[34,122],[35,121],[37,120],[39,119],[40,117],[42,116],[42,113],[43,110],[45,108],[45,105],[45,103],[47,102],[47,101],[48,99],[47,99],[48,99],[47,100],[48,101],[46,103],[46,106],[44,108],[43,111],[42,114],[42,118],[41,120],[41,122],[41,121],[42,120],[43,118],[44,115],[46,112],[46,109],[48,105],[49,102],[51,99],[50,96],[52,94],[51,93],[51,95],[51,96],[51,98],[51,102],[51,106],[52,109],[51,112],[52,115],[52,115],[51,115],[52,114],[51,113]],[[162298,63347],[39,-124],[39,-118],[39,-115],[39,-110],[40,-109],[40,-110],[42,-114],[44,-117],[46,-121],[47,-126],[48,-129],[50,-134],[50,-137],[51,-141],[50,-143],[51,-146],[50,-147],[49,-147],[49,-148],[47,-147],[45,-145],[44,-142],[43,-138],[43,-135],[43,-133],[44,-130],[44,-128],[46,-128],[47,-126],[48,-127],[49,-128],[49,-130],[50,-133],[49,-137],[48,-142],[46,-146],[44,-148],[42,-150],[40,-151],[37,-151],[36,-151],[35,-151],[34,-149],[33,-147],[32,-144],[32,-142],[32,-138],[32,-135],[33,-130],[34,-127],[36,-124],[37,-122],[38,-124],[39,-127]],[[164592,56105],[40,105],[40,111],[42,115],[44,116],[47,115],[51,110],[54,110],[58,112],[59,113],[61,113],[61,111],[61,107],[59,101],[56,96],[54,89],[52,85],[49,80],[48,79],[46,79],[45,83],[46,88],[45,92],[44,96],[44,100],[44,103],[44,107],[45,107],[46,107],[46,106],[47,104],[48,102],[48,99],[49,96],[51,94],[53,91],[55,89],[57,85],[57,82],[57,80],[56,77],[56,75],[55,74],[55,73],[54,75],[55,77],[55,80],[55,85],[53,91]],[[184129,77115],[13,-48],[23,-111],[36,-85],[6,-113],[6,-114],[21,-100],[28,-91],[-9,-142],[-24,-131],[2,-147],[10,-139],[9,-106],[26,-85],[17,-85],[16,-34],[128,-475],[2,-113],[13,-116],[-65,-188],[-20,-83],[-6,-90],[-7,-93],[1,-96],[40,-116],[6,-36],[20,-85],[30,-57],[-192,-1008],[-113,-266],[-73,-500],[-31,-83],[-30,-77],[-17,-65],[-38,-116],[-23,-80],[-19,-87],[-11,-98],[-10,-93],[-13,-101],[0,-95],[9,-98],[-9,-101],[-62,-18],[-61,-15],[-60,-44],[-49,-96],[-56,-211],[0,-191],[-9,-106],[-2,-150],[11,-144],[-32,-44],[-31,-38],[-30,-60],[-20,-75],[-80,-565],[2,-82],[8,-77],[14,-73],[21,-64],[-41,-83],[-28,-111],[1,-95],[13,-90],[-2,-93],[-2,-96],[16,-82],[3,-96],[18,-82],[8,-93],[17,-139],[4,-124],[13,-137],[30,-113],[21,-78],[23,-54],[140,-425],[2,-140],[19,-136],[5,-42],[17,-240],[50,-100],[9,-26],[24,-72],[35,-49],[-14,-256],[-49,-56],[-42,-96],[13,-361],[-1,-8],[5,-129],[-5,-85],[-3,-90],[-13,-83],[-1,-90],[1,-85],[0,-93],[13,-87],[3,-86],[10,-126],[1,-5],[30,-348],[118,-217],[78,-320],[0,-266],[10,-134],[29,-111],[13,-56],[32,-183],[133,-155],[154,-418],[309,-101],[45,-18],[42,-59],[19,-98],[24,-93],[28,-80],[37,-57],[36,-62],[40,-41],[36,-49],[39,-41],[137,2],[15,-2],[37,-23],[39,7],[37,16],[40,10],[241,361],[50,49],[50,54],[15,34],[104,116],[28,13],[51,52],[47,77],[45,62],[134,80],[53,-36],[58,-13],[57,-34],[59,26],[38,5],[36,8],[36,26],[32,44],[28,59],[31,54],[22,23],[44,49],[43,62],[33,96],[14,51],[55,127],[47,299],[15,36],[25,119],[13,121],[15,124],[5,54],[31,180],[5,86],[0,20],[13,237],[76,439],[26,57],[24,59],[21,70],[9,85],[0,90],[9,83],[17,77],[14,77],[13,155],[16,124],[-1,64],[15,220],[18,87],[15,93],[18,88],[27,75],[9,95],[7,101],[3,95],[2,98],[22,176],[4,23],[20,88],[22,87],[-4,101],[2,103],[2,10],[19,189],[12,77],[3,88],[1,87],[0,44],[3,57],[10,62],[5,85],[-3,67],[0,18],[5,80],[57,539],[221,1210],[32,77],[21,101],[17,106],[24,98],[11,111],[11,111],[16,108],[29,90],[7,114],[-2,116],[-9,111],[0,116],[22,105],[20,106],[7,114],[9,116],[11,90],[-5,85],[96,833],[2,5],[1,13],[7,132],[25,139],[76,485]],[[205150,10511],[81,-217],[-50,-211],[31,-127],[8,-98],[27,-100],[35,-85],[-82,-253],[-32,-85],[20,-145],[28,-131],[203,67],[36,188],[220,70],[83,-132],[95,-33],[42,-44],[33,18],[388,-132],[-48,307],[-50,65],[-57,8],[-56,0],[-53,20],[279,421],[68,-60],[69,-36],[70,5],[67,55],[70,384],[-16,186],[-214,49],[-48,-3],[-47,-34],[-45,-49],[-42,-54],[-45,-28],[-44,-39],[-46,-36],[-44,-59],[-124,-212],[-40,70],[-44,41],[-46,39],[-49,0],[-36,340],[0,34],[-15,121],[-192,-232],[-35,111],[-13,59],[-26,47],[-36,100],[67,276],[-38,258],[-63,85],[-71,44],[-19,-149],[-21,-147],[-20,-153],[-14,-149],[-56,-98],[-43,-137]],[[259126,58970],[64,-59],[63,-58],[63,-57],[64,-55],[62,-55],[63,-52],[62,-52],[62,-49],[61,-48],[62,-45],[61,-44],[62,-42],[61,-40],[61,-39],[62,-37],[61,-36],[62,-35],[62,-34],[63,-35],[63,-35],[63,-35],[63,-35],[64,-35],[65,-36],[64,-37],[65,-38],[66,-40],[66,-42],[66,-43],[67,-46],[67,-47],[67,-49],[67,-51],[67,-53],[67,-55],[67,-56],[67,-56],[67,-57],[67,-57],[67,-57],[67,-56],[67,-57],[67,-57],[68,-57],[68,-58],[68,-57],[68,-57],[69,-56],[68,-55]],[[262299,56628],[38,123],[40,116],[41,112],[44,110],[45,110],[48,112],[47,115],[48,115],[47,117],[47,117],[46,118],[45,116],[44,111],[42,102],[43,92],[46,83],[47,75],[47,70],[46,70],[44,75],[40,90],[34,108],[30,128],[31,145],[32,156],[35,161],[35,163],[37,160],[38,157],[36,152],[34,148],[35,140],[37,129],[41,118],[43,111],[44,111],[43,114],[38,121],[35,131],[30,134],[27,128],[27,129],[28,132],[31,136],[35,140],[38,144],[40,145],[40,144],[38,145]],[[259000,65438],[-3,-124],[-2,-124],[-2,-126],[0,-131],[4,-135],[9,-139],[11,-142],[13,-148],[14,-154],[15,-159],[16,-163],[15,-167],[15,-170],[14,-171],[13,-171],[10,-168],[7,-163],[4,-159],[2,-156],[-1,-149],[-2,-145],[-1,-139],[0,-133],[2,-129],[5,-126],[6,-125],[7,-126],[6,-130],[4,-137],[1,-147],[-3,-162],[-6,-181],[-8,-195],[-9,-203],[-9,-206],[-8,-206],[-6,-202],[-5,-197],[-2,-192],[-1,-186],[1,-182]],[[105612,72852],[21,-124],[20,-134],[20,-145],[18,-155],[15,-161],[13,-165],[11,-167],[11,-167],[11,-167],[11,-165],[13,-163],[14,-161],[17,-160],[19,-159],[22,-157],[27,-157],[32,-154],[35,-148],[38,-142],[40,-137],[41,-134],[42,-131],[41,-130],[41,-129],[39,-129],[38,-131],[35,-134],[33,-138],[29,-144],[27,-144],[24,-140],[21,-137],[20,-134],[17,-131],[16,-131],[14,-131],[14,-132],[15,-133],[14,-136],[16,-138],[16,-142],[17,-146],[16,-153],[14,-158],[12,-161],[10,-163],[9,-162],[8,-160],[7,-158],[8,-156],[9,-153],[11,-151],[15,-150],[20,-148],[12,-73]],[[106741,64843],[55,80],[164,176],[148,54],[125,343],[188,152],[308,-186],[81,42],[-17,348],[295,361],[136,322],[289,0],[62,171],[-170,198],[35,266],[202,134],[207,-116],[114,250],[164,93],[276,-343],[274,116],[47,227],[-89,328],[160,170],[33,-235],[-69,-333],[78,-110],[346,87],[483,-28],[57,276],[17,637],[259,542],[358,299],[217,289],[24,147],[-11,113]],[[169460,57830],[15,-134],[14,-134],[15,-134],[14,-135],[13,-134],[13,-135],[12,-135],[12,-137],[12,-138],[13,-140],[13,-143]],[[169606,56331],[56,-105],[56,-107],[55,-109],[55,-111],[54,-111],[55,-110],[55,-109],[56,-107],[56,-105],[56,-105],[58,-102],[57,-101],[57,-99],[56,-97],[56,-98],[55,-98],[53,-100],[53,-101],[51,-103],[51,-105],[51,-107],[50,-109],[52,-111],[53,-113],[54,-114],[56,-113],[56,-113],[58,-112],[59,-113],[60,-111],[61,-111],[63,-110],[63,-109],[63,-110],[64,-109],[62,-110],[62,-110],[62,-110],[61,-111],[60,-109],[60,-109],[61,-108],[60,-107],[61,-104],[61,-104],[61,-102],[60,-101],[60,-99],[60,-97],[60,-98],[61,-97],[56,-89]],[[172598,50818],[371,1513],[29,121],[12,41],[16,91],[26,69],[19,88],[23,72],[14,93],[13,88],[35,85],[32,106],[34,87],[28,101],[33,90],[36,90],[33,93],[24,114],[26,64],[33,57],[33,49],[33,54],[26,72],[26,70],[23,77],[19,83],[60,59],[60,26],[48,77],[62,67],[42,83],[48,44],[37,88],[39,87],[43,78],[42,72],[32,111],[28,113],[30,374],[28,103],[13,57],[64,261],[17,258],[15,80],[-1,87],[1,70],[13,191],[24,260],[2,29],[21,87],[6,104],[14,92],[6,96],[-3,106],[20,108],[25,103],[29,96],[35,82],[9,119],[1,118],[6,119],[15,116],[30,418],[6,39],[0,44],[-1,36],[10,77],[1,80],[1,23],[28,1156],[-50,57],[-55,31],[-53,49],[-52,31],[-29,147],[-27,139],[-42,116],[-42,119],[64,30],[55,65],[30,95],[20,67]],[[254155,59032],[68,-55],[68,-57],[69,-59],[70,-60],[70,-62],[71,-63],[70,-65],[71,-67],[70,-69],[69,-70],[70,-72],[68,-73],[68,-75],[67,-76],[66,-77],[66,-77],[64,-78],[64,-77],[63,-78],[62,-76],[61,-75],[61,-74],[61,-72],[61,-69],[62,-68],[61,-65],[62,-62],[62,-60],[62,-57],[62,-56],[62,-55],[63,-53],[63,-53],[62,-53],[62,-53],[62,-52],[61,-52],[62,-53],[61,-53],[61,-54],[61,-54],[61,-56],[61,-57],[61,-59],[61,-60],[62,-61],[61,-63],[62,-63],[62,-65],[62,-65]],[[257357,55854],[59,58],[61,56],[63,58],[64,64],[66,74],[66,85],[67,90],[68,92],[68,92],[67,94],[66,94],[63,96],[61,95],[58,95],[55,100],[52,110],[49,116],[45,119],[42,118],[40,115],[38,111],[38,106],[40,101],[42,99],[45,101],[50,101],[53,104],[57,107],[58,110],[57,115],[56,119],[55,121]],[[253952,65389],[-3,-133],[-2,-137],[0,-143],[4,-144],[8,-146],[11,-149],[15,-154],[16,-158],[18,-163],[20,-165],[24,-167],[26,-168],[28,-169],[28,-169],[26,-169],[23,-169],[17,-168],[13,-161],[10,-153],[6,-148],[2,-148],[-1,-151],[-5,-159],[-8,-168],[-10,-177],[-13,-185],[-14,-189],[-14,-187],[-12,-178],[-9,-164],[-5,-147],[1,-138],[3,-129],[5,-123],[5,-116],[3,-111],[1,-106],[-3,-103],[-4,-103],[-5,-103],[-4,-107],[-1,-112],[3,-120]],[[248553,61804],[39,-136],[37,-137],[35,-138],[32,-137],[29,-136],[27,-134],[26,-133],[25,-130],[25,-129],[24,-127],[25,-126],[25,-126],[26,-125],[26,-124],[26,-125],[26,-125],[27,-127],[27,-128],[28,-131],[27,-133],[27,-138],[28,-142],[27,-147],[28,-151],[28,-153],[29,-154],[31,-154],[31,-154],[33,-152],[34,-150],[36,-148],[36,-144],[37,-142],[37,-138],[38,-139],[39,-138],[38,-137],[38,-133],[38,-131],[37,-129],[37,-129],[37,-127],[37,-128]],[[249896,55939],[58,-30],[59,-32],[59,-34],[61,-36],[61,-35],[62,-34],[63,-32],[64,-30],[65,-25],[65,-20],[68,-14],[68,-9],[70,-3],[71,1],[70,4],[71,6],[71,7],[70,7],[70,6],[70,3],[70,0],[69,-4],[68,-10],[67,-17],[67,-17],[66,-15],[65,-12],[65,-10],[65,-9],[64,-8],[64,-7],[65,-7],[64,-8],[64,-9],[65,-10]],[[252200,55496],[42,116],[43,104],[40,100],[39,100],[39,101],[38,104],[40,108],[41,109],[43,110],[45,104],[49,91],[51,73],[54,63],[58,59],[61,60],[64,66],[66,76],[68,90],[69,106],[71,108],[72,106],[73,105],[72,105],[70,104],[67,104],[64,103],[60,100],[57,102],[57,110],[54,114],[51,118],[49,118],[46,116],[47,106],[47,95],[48,82]],[[101823,70845],[7,-173],[9,-173],[12,-174],[12,-168],[12,-163],[11,-157],[10,-153],[8,-151],[7,-148],[7,-148],[6,-149],[7,-151],[6,-154],[5,-158],[5,-163],[3,-163],[2,-162],[1,-162],[0,-165],[2,-167],[2,-171],[3,-174],[5,-178],[6,-179],[7,-179],[8,-176],[6,-170],[5,-168],[1,-166],[-2,-162],[-5,-158],[-8,-154],[-9,-151],[-12,-150],[-11,-148],[-11,-151],[-9,-154],[-7,-159],[-3,-167],[-2,-166],[-2,-164],[-2,-161],[-2,-159],[0,-158],[1,-157],[3,-157]],[[101917,63406],[66,-62],[69,-62],[70,-61],[71,-62],[71,-62],[70,-62],[69,-64],[65,-64],[63,-70],[61,-80],[60,-89],[59,-96],[58,-99],[58,-99],[58,-96],[58,-89],[58,-80],[59,-69],[60,-57],[61,-47],[63,-43],[64,-43],[66,-45],[67,-48],[67,-52],[68,-56],[67,-59],[66,-63],[66,-63],[64,-61],[62,-57],[60,-57],[58,-56],[56,-58],[56,-58],[55,-58],[55,-60],[56,-60],[57,-61],[60,-59],[62,-56],[65,-54],[68,-43],[71,-29],[72,-19],[75,-12],[75,-9],[76,-9],[76,-13],[53,-14]],[[105107,60561],[0,235],[123,790],[-22,325],[42,407],[141,-276],[138,227],[113,230],[104,673],[245,410],[311,377],[180,503],[259,381]],[[266962,61738],[29,-100],[31,-104],[30,-110],[30,-119],[29,-129],[27,-137],[26,-143],[23,-145],[20,-148],[17,-149],[12,-148],[9,-148],[6,-148],[4,-148],[3,-147],[4,-148],[4,-149],[6,-148],[5,-150],[3,-158],[3,-163],[4,-169],[6,-173],[8,-176],[12,-179],[14,-180],[17,-179],[19,-178],[20,-175],[20,-170],[19,-163],[17,-160],[17,-156],[19,-154],[21,-152],[23,-150],[27,-149],[31,-151],[33,-151],[36,-153],[38,-155],[39,-159],[37,-164],[35,-168]],[[267795,55035],[58,-5],[57,-5],[56,-6],[56,-6],[55,-7],[57,-7],[57,-6],[59,-7],[62,-7],[64,-6],[66,-6],[70,-6],[71,-10],[72,-12],[73,-15],[74,-16],[74,-18],[74,-19],[74,-20],[75,-20],[73,-21],[74,-20],[72,-20],[73,-18],[72,-17],[71,-17],[70,-19],[69,-21],[68,-23],[68,-23],[69,-25],[68,-24],[70,-25],[70,-24],[71,-23],[72,-23],[74,-20],[76,-19],[77,-17],[81,-14],[82,-14],[83,-12],[85,-12],[85,-11],[85,-10],[84,-10],[83,-10],[82,-10],[80,-10],[77,-11],[76,-12],[72,-14],[72,-12],[71,-13],[70,-12],[70,-11],[69,-11],[69,-12],[68,-11]],[[272000,54200],[21,170],[18,175],[17,179],[17,176],[13,176],[7,177],[4,178],[4,181],[7,185],[9,188],[14,189],[18,187],[22,180],[22,169],[18,157],[15,148],[12,141],[8,135],[5,132],[2,134],[2,138],[1,145],[0,148],[2,150],[6,149],[13,150],[21,148],[26,146],[28,142],[28,135],[23,125],[18,116],[14,110],[15,104],[17,99]],[[159205,61141],[91,-510],[-4,-286],[-1,-13],[0,-10],[-4,-287],[33,-80],[33,-64],[23,-31],[48,-95],[4,-86],[14,-74],[9,-80],[8,-80],[-69,-194],[15,-80],[6,-20],[102,-485],[5,-101],[2,-20],[36,-511],[1,-57],[9,-98],[20,-93],[21,-93],[21,-90],[15,-101],[31,-80],[24,-82],[27,-72],[30,-75],[13,-124],[14,-119],[83,-307],[3,-20],[32,-106],[192,-485],[25,-77],[27,-54],[30,-55],[14,-20],[50,-111],[18,-41],[4,-6],[73,-159],[2,-13],[24,-67],[24,-65],[30,-64],[22,-67],[30,-55],[32,-41],[31,-54],[55,70],[79,-509],[18,-108],[28,-72],[11,-65],[34,-64],[24,-67],[11,-44],[20,-64],[49,-109],[96,-598],[2,-57],[17,-83],[8,-28],[84,-531],[13,-134],[-1,-104],[15,-110],[18,-109],[45,-299],[8,-95],[7,-137],[8,-137],[23,-131],[28,-114],[35,-111],[27,-108],[15,-127],[23,-113],[24,-116],[34,-90],[31,-104],[23,-118],[33,-93],[14,-129],[24,-111],[23,-119],[19,-118],[35,-98],[33,-101],[31,-95],[26,-116],[32,-96],[0,-3]],[[161710,49418],[25,36],[62,88],[63,87],[65,87],[65,87],[68,85],[68,87],[67,92],[66,95],[65,97],[65,100],[64,100],[62,100],[62,100],[60,99],[59,98],[58,96],[57,95],[56,93],[55,94],[56,95],[58,96],[57,96],[58,97],[59,98],[59,99],[60,101],[59,102],[59,103],[58,104],[58,104],[56,103],[53,101],[51,99],[48,97],[45,97],[43,95],[40,95],[39,94],[38,93],[38,91],[40,87],[42,84],[46,82],[52,80],[56,78],[61,74],[63,66]],[[164374,53845],[27,132],[28,132],[28,130],[27,128],[25,127],[22,126],[19,124],[14,124],[10,122],[7,121],[6,123],[4,127],[2,134],[1,140],[-1,150],[-1,158],[0,162]],[[96801,64166],[38,-66],[40,-64],[44,-64],[47,-65],[51,-72],[55,-82],[59,-87],[61,-90],[63,-92],[63,-92],[63,-90],[61,-87],[60,-83],[56,-79],[53,-75],[51,-75],[51,-83],[53,-90],[54,-97],[54,-101],[54,-104],[55,-104],[55,-103],[55,-100],[54,-96],[53,-90],[52,-87],[51,-87],[50,-88],[52,-88],[53,-87],[55,-88],[58,-87],[60,-85],[62,-85],[63,-83],[64,-81],[62,-78],[63,-71],[64,-63],[64,-58],[64,-55],[63,-53],[64,-54],[63,-58],[64,-65],[63,-73],[63,-82],[63,-92],[57,-92],[53,-93],[49,-94]],[[99743,59908],[42,107],[42,107],[41,107],[40,106],[41,105],[41,103],[42,100],[43,96],[45,91],[47,88],[48,85],[51,81],[53,77],[56,74],[58,71],[60,70],[60,69],[60,69],[61,70],[61,72],[61,74],[60,77],[60,80],[59,83],[59,86],[58,89],[58,91],[58,93],[58,94],[58,95],[58,94],[58,93],[59,91],[58,89],[59,87],[60,86],[60,87],[60,87],[61,87],[60,87]],[[96825,66387],[15,-150],[10,-150],[6,-150],[3,-148],[0,-147],[-3,-147],[-5,-146],[-6,-145],[-7,-146],[-7,-146],[-7,-147],[-7,-148],[-6,-150],[-5,-151],[-5,-150]],[[272000,54200],[9,-46]],[[272009,54154],[65,-44],[66,-44],[67,-45],[66,-44],[67,-45],[67,-45],[67,-44],[68,-44],[66,-42],[66,-39],[66,-36],[64,-33],[64,-30],[64,-28],[63,-26],[63,-24],[63,-23],[63,-23],[64,-22],[63,-23],[65,-24],[65,-25],[65,-28],[67,-30],[68,-34],[68,-37],[70,-41],[70,-44],[71,-47],[70,-48],[71,-50],[70,-50],[71,-51],[70,-52],[70,-51],[69,-50],[70,-50],[69,-48],[69,-46],[69,-45],[68,-43],[69,-41],[69,-40],[70,-37],[70,-38],[73,-39],[74,-40],[75,-41],[76,-42],[78,-42],[77,-44],[78,-43],[78,-45],[78,-44],[78,-44],[77,-44],[76,-42],[75,-41],[73,-38],[71,-36],[69,-31],[67,-29],[65,-26],[64,-26],[63,-23],[62,-22],[61,-21],[61,-19],[60,-18],[60,-16],[61,-16],[60,-16],[61,-15],[62,-15],[55,-13]],[[277102,51469],[51,289],[79,748],[12,70],[7,124],[14,193],[5,52],[9,82],[2,80],[6,85],[9,80],[-1,85],[-11,83],[-14,80],[43,291],[5,21],[14,77],[12,75],[4,62],[14,98],[41,106],[30,62],[28,103],[34,95],[22,447],[-58,438],[6,139],[11,67],[-2,70],[8,139],[-72,266],[-50,163],[-2,180],[7,111],[0,144],[-9,137],[-25,88],[-3,5],[-34,111],[-14,62],[-32,77],[-174,895],[-63,147],[38,67],[41,49],[36,73],[27,95],[-11,144],[-35,117],[0,304],[5,116],[-5,111],[-64,877],[57,480],[-18,276],[-22,74],[-15,86],[-30,54],[-22,75],[-28,61],[-25,42],[-8,26],[-15,61],[-29,60],[39,461],[0,101],[-4,106],[-2,106],[-15,92],[-47,55],[-52,28],[-52,-3],[-51,24],[-12,74],[-15,75],[-20,60],[-14,77],[-47,108],[-15,44],[-26,85],[3,88],[4,82],[-13,80],[-2,83],[-30,129],[-45,88],[-114,147]],[[276933,61738],[21,-88],[26,-70],[37,-36],[33,-54],[19,90],[22,80],[9,101],[14,95],[20,88],[21,85],[16,91],[16,92],[20,80],[22,91],[17,87],[11,101],[18,90],[9,98],[3,101],[8,100],[-126,-80],[-44,-72],[-18,-64],[-96,-204],[25,-312],[-26,-129],[-40,-101],[-19,-126],[-18,-134]],[[91307,58677],[64,-32],[65,-34],[64,-33],[64,-31],[64,-31],[64,-28],[63,-25],[64,-22],[62,-19],[58,-21],[53,-23],[50,-24],[49,-24],[47,-23],[47,-22],[48,-21],[50,-19],[53,-18],[56,-17],[61,-16],[62,-15],[62,-13],[62,-12],[62,-14],[63,-18],[63,-20],[63,-25],[65,-29],[65,-34],[66,-39],[66,-43],[68,-48],[69,-55],[68,-59],[69,-63],[69,-65],[69,-65],[68,-66],[69,-64],[69,-63],[68,-59],[70,-57],[69,-52],[73,-47],[75,-44],[79,-40]],[[94204,57085],[51,106],[52,104],[53,105],[52,105],[51,107],[52,108],[50,110],[50,113],[48,116],[47,118],[47,122],[45,124],[44,126],[43,129],[43,130],[43,131],[43,130],[42,130],[42,128],[42,127],[41,126],[42,124],[41,122],[42,121],[41,120],[42,119],[42,119],[42,119],[43,120],[42,120],[41,118],[41,117],[40,115],[40,113],[40,114],[41,113],[40,115],[41,116],[41,119],[42,121],[42,123],[43,126],[44,128],[45,129],[47,131],[47,131],[48,132],[49,132],[48,132],[49,132],[48,132],[48,132],[47,131],[46,130],[46,130],[46,130],[44,130],[45,130]],[[91293,67448],[11,-137],[9,-136],[9,-134],[7,-134],[5,-135],[3,-135],[2,-136],[2,-132],[3,-132],[3,-132],[4,-133],[5,-136],[6,-139],[5,-143],[6,-148],[5,-153],[4,-159],[2,-164],[-1,-171],[-5,-174],[-8,-177],[-12,-179],[-14,-180],[-16,-182],[-17,-184],[-17,-186],[-16,-188],[-13,-187],[-11,-188],[-8,-186],[-5,-186],[-3,-188],[-2,-188],[0,-188],[3,-184],[5,-180],[6,-174],[9,-167],[11,-161],[10,-156],[10,-154],[8,-153],[5,-153],[5,-149],[5,-144],[4,-142],[4,-139],[2,-136],[2,-136],[0,-136],[0,-136],[-2,-138],[-2,-140],[-3,-145],[-4,-147],[-7,-151]],[[164374,53845],[40,-92],[42,-93],[45,-93],[46,-93],[48,-93],[50,-93],[52,-94],[54,-92],[56,-91],[57,-87],[59,-83],[61,-78],[62,-74],[62,-70],[63,-68],[62,-66],[63,-66],[60,-67],[59,-72],[57,-76],[55,-81],[53,-88],[51,-92],[49,-97],[48,-101],[46,-102],[48,-103],[48,-102],[49,-99],[51,-97],[52,-92],[55,-90],[57,-87],[58,-86],[60,-85],[60,-86],[61,-87],[59,-88],[59,-89],[58,-92],[57,-94],[56,-96],[54,-99],[54,-103],[54,-105],[53,-108],[55,-107],[54,-107],[56,-107]],[[167042,49434],[46,134],[47,135],[48,137],[50,136],[51,128],[53,121],[53,115],[53,114],[53,116],[52,117],[51,121],[49,125],[47,128],[46,132],[44,132],[43,129],[42,123],[41,113],[41,102],[41,90],[41,80],[40,74],[39,70],[37,69],[36,70],[33,74],[31,80],[29,87],[28,93],[27,99],[27,104],[27,109],[30,111],[33,112],[36,112],[37,114],[38,116],[39,119],[41,121],[42,125],[42,128],[44,131],[45,134],[46,137],[46,139],[47,141],[46,142],[46,142],[46,142],[44,140],[43,133],[43,126],[43,120],[44,114],[46,110],[47,108],[49,106],[50,106],[52,105],[53,106]],[[262299,56628],[26,-151],[26,-154],[25,-158],[24,-158],[23,-158],[19,-157],[16,-157],[11,-158],[8,-157],[5,-154],[6,-154],[7,-154],[9,-156],[13,-159],[17,-162],[20,-164],[22,-166],[23,-167],[23,-167],[21,-166],[17,-164],[11,-166],[8,-164],[7,-164],[6,-163]],[[262692,52630],[69,-13],[67,-15],[66,-18],[65,-21],[64,-25],[63,-27],[63,-26],[62,-26],[63,-26],[62,-27],[63,-27],[63,-29],[64,-31],[63,-32],[65,-34],[65,-36],[65,-38],[66,-40],[66,-40],[67,-42],[67,-42],[67,-43],[68,-43],[67,-44],[68,-46],[68,-47],[67,-49],[68,-50],[68,-50],[68,-51],[68,-50],[68,-51],[68,-50],[68,-50],[69,-50],[68,-49],[69,-48],[69,-47],[70,-47],[70,-44],[70,-44],[71,-45],[72,-44],[73,-45],[73,-44],[74,-44],[73,-43],[73,-42],[73,-41],[72,-39],[72,-38],[70,-37],[71,-35]],[[266283,50565],[49,98],[48,99],[46,105],[46,108],[45,114],[45,122],[46,127],[47,133],[46,138],[47,144],[48,146],[49,138],[50,124],[50,109],[49,95],[48,90],[45,94],[43,110],[36,127],[33,141],[29,148],[29,151],[28,147],[31,141],[34,131],[40,121],[41,125],[44,131],[48,135],[52,139],[53,143],[52,146],[48,148],[40,150],[27,152]],[[244582,51364],[35,12],[83,30],[84,28],[83,24],[82,18],[81,11],[80,1],[79,-8],[77,-17],[76,-23],[76,-28],[74,-31],[74,-32],[73,-32],[73,-30],[72,-25],[73,-20],[72,-13],[73,-3],[73,0],[74,-2],[75,-2],[76,-3],[76,-2],[77,-3],[77,-3],[77,-2],[76,-1],[75,0],[74,2],[73,3],[73,4],[72,3],[73,3],[72,4],[73,3],[73,4],[73,4],[73,3],[73,4],[72,5],[73,4],[72,5],[72,10],[72,15],[73,18],[72,20],[72,22],[72,22],[72,22],[72,20],[72,17],[71,12],[71,5]],[[248568,51442],[46,118],[37,119],[32,117],[28,111],[27,105],[27,95],[27,88],[30,78],[36,73],[40,73],[44,76],[44,79],[45,85],[43,89],[43,97],[42,104],[42,113],[40,123],[37,132],[35,137],[35,138],[36,138],[37,133],[39,130],[42,131],[43,135],[43,150],[43,162],[40,170],[37,173],[34,173],[30,172],[27,166],[25,153],[24,135],[24,117],[24,109]],[[243815,57309],[32,-227],[-24,-139],[-15,-147],[8,-83],[3,-80],[-3,-82],[-7,-83],[22,-67],[18,-67],[8,-83],[8,-82],[24,-85],[36,-57],[31,-64],[33,-62],[22,-85],[18,-96],[12,-95],[22,-88],[36,-54],[26,-78],[28,-67],[29,-77],[-5,-150],[15,-139],[14,-142],[14,-139],[24,-93],[21,-98],[21,-103],[10,-108],[35,-68],[26,-95],[41,-41],[38,-62],[127,-851],[-8,-96],[0,-8],[-9,-116],[-11,-64],[-1,-103],[5,-142],[-23,-129],[-3,-137],[8,-137],[6,-134],[19,-129],[7,-77],[6,-322],[6,-88],[12,-83],[5,-43]],[[252200,55496],[33,-171],[32,-178],[31,-183],[31,-186],[31,-187],[29,-185],[30,-183],[29,-180],[30,-176],[31,-173],[33,-170],[34,-168],[38,-168],[40,-168],[43,-169],[45,-170],[46,-169],[47,-167],[48,-167],[47,-166],[47,-165],[46,-163],[43,-163],[41,-160],[38,-158],[34,-154],[31,-150],[28,-147],[25,-143],[24,-139],[20,-134],[19,-131],[17,-127],[16,-124],[15,-123],[15,-125],[14,-128],[15,-130],[14,-133],[14,-132],[11,-134],[8,-134],[7,-135],[5,-136],[5,-136],[4,-137],[4,-138],[6,-139],[8,-139],[10,-139],[14,-139],[19,-141],[24,-144],[30,-148],[32,-149],[33,-150],[32,-148],[13,-68]],[[253709,46729],[137,226],[269,217],[420,-181],[92,16],[40,-3],[64,-54],[68,-8],[60,67],[64,24],[44,36],[88,15],[54,36],[50,34],[18,23],[289,232],[56,23],[51,-10],[49,49],[54,26],[35,36],[38,5],[38,-8],[38,-7],[35,28],[34,36],[38,23],[35,19],[33,49],[35,30],[28,62],[35,34],[31,51],[27,57],[33,49],[31,57],[295,338],[64,-18],[62,10],[61,5],[61,44],[62,21],[24,26],[197,49],[24,-8],[62,13],[61,28],[62,5],[27,24],[110,24]],[[257392,48579],[-3,18],[-34,150],[-31,145],[-25,142],[-16,141],[-5,141],[3,139],[8,134],[7,135],[2,135],[-4,136],[-9,137],[-14,139],[-16,140],[-15,140],[-14,142],[-11,146],[-8,149],[-4,153],[0,156],[6,157],[12,157],[16,158],[19,158],[22,154],[21,159],[15,167],[9,179],[3,188],[-2,193],[-3,190],[-1,178],[2,161],[6,144],[10,130],[11,126],[11,128],[8,136],[4,147],[1,159],[-3,169],[-6,176],[-6,175],[-6,171],[-4,158],[0,145],[1,136],[3,130],[5,128]],[[86070,58346],[43,-21],[67,-35],[66,-36],[66,-36],[66,-36],[67,-36],[67,-34],[68,-32],[69,-31],[69,-28],[70,-27],[69,-26],[70,-24],[68,-23],[68,-23],[68,-23],[67,-24],[66,-24],[66,-26],[66,-28],[67,-35],[70,-41],[71,-47],[73,-51],[74,-54],[76,-54],[76,-53],[75,-49],[75,-42],[74,-36],[71,-27],[69,-20],[69,-21],[69,-21],[68,-22],[68,-22],[69,-22],[68,-22],[69,-22],[69,-21],[69,-22],[71,-21],[71,-21],[73,-15],[73,-8],[74,-2],[74,2],[75,5],[74,6],[75,6],[74,3],[74,0],[72,-6],[72,-12],[70,-18],[66,-17],[63,-15],[60,-13],[59,-12],[57,-11]],[[90212,56920],[50,90],[50,91],[51,92],[52,93],[53,94],[55,94],[57,95],[58,95],[60,95],[60,96],[62,95],[61,95],[62,94],[62,93],[61,92],[61,90],[61,89],[59,88],[60,86]],[[86778,70985],[10,-302],[-81,-482],[4,-408],[-35,-327],[-91,-1984],[-125,-392],[-99,80],[-32,-410],[15,-379],[151,-196],[4,-307],[-75,-294],[-9,-674],[-71,-936],[9,-449],[88,-536],[-17,-271],[47,-212],[-9,-309],[-176,-426],[-51,-650],[69,-428],[-35,-281],[27,-340],[-56,-387],[-23,-558],[-71,-294],[23,-250],[-99,-237]],[[257392,48579],[5,1],[42,-7],[63,38],[104,-13],[3,-2],[36,-26],[36,5],[36,0],[25,5],[147,-15],[9,-5],[35,-24],[36,-23],[37,-5],[37,13],[35,23],[206,194],[15,0],[29,43],[45,39],[305,-281],[23,-67],[28,-54],[19,-75],[18,-72],[32,-41],[26,-57],[65,-65],[63,-49],[61,-87],[65,-31],[62,-65],[27,-82],[33,-73],[34,-62],[37,-51],[216,13],[52,77],[36,119],[46,-21],[42,-46],[43,33],[48,-10],[297,-524],[56,-46],[58,5],[55,13],[57,-5],[148,242],[43,-105],[44,-96],[54,-62],[51,-51],[29,-86],[29,-79],[22,-42],[42,-103],[-24,-75],[-27,-64],[-23,-75],[-11,-93],[252,157],[17,-52]],[[260923,46632],[32,54],[54,96],[57,104],[56,116],[57,122],[56,126],[55,127],[54,125],[51,117],[46,109],[45,117],[41,131],[37,145],[33,158],[28,165],[25,165],[23,155],[22,137],[25,122],[26,111],[27,104],[30,103],[29,103],[29,109],[27,119],[33,128],[41,134],[45,140],[48,146],[49,150],[47,148],[44,142],[39,130],[38,120],[39,114],[39,111],[37,112],[35,113],[30,117],[28,126],[25,143],[25,163],[29,177],[37,183],[45,183],[51,178]],[[266283,50565],[12,-128],[16,-133],[19,-138],[24,-146],[28,-151],[28,-154],[29,-154],[25,-150],[19,-142],[15,-134],[11,-130],[8,-127],[8,-123],[6,-118],[7,-113],[7,-109],[8,-107],[10,-107],[11,-111],[11,-119],[13,-132],[14,-148],[17,-166],[18,-180],[18,-185],[16,-182],[12,-175],[7,-161],[3,-148],[0,-135],[-1,-127],[1,-124],[7,-128],[16,-138],[24,-149],[31,-158]],[[266781,45535],[69,-49],[69,-50],[71,-50],[73,-51],[73,-51],[75,-53],[76,-53],[78,-54],[78,-55],[78,-55],[78,-55],[79,-55],[77,-54],[78,-54],[76,-53],[76,-52],[75,-52],[74,-51],[73,-50],[73,-49],[72,-48],[71,-47],[72,-46],[71,-45],[71,-44],[71,-44],[72,-41],[71,-39],[72,-35],[72,-34],[72,-30],[73,-29],[73,-27],[73,-25],[74,-25],[74,-23],[74,-24],[74,-24],[75,-24],[74,-24],[74,-26],[75,-26]],[[269880,43759],[64,90],[66,76],[73,62],[79,52],[82,47],[82,45],[81,50],[76,58],[70,70],[60,82],[59,93],[56,101],[55,105],[56,107],[57,105],[59,100],[60,92],[61,79],[59,67],[58,54],[58,42],[60,34],[62,32],[65,37],[70,51]],[[271508,45490],[22,145],[33,165],[38,175],[38,179],[30,177],[19,168],[8,159],[-2,148],[-8,138],[-13,138],[-15,140],[-12,144],[-10,146],[-7,144],[-4,139],[-3,133],[1,127],[10,119],[17,111],[18,112],[17,117],[14,125],[9,133],[8,139],[8,143],[12,146],[15,154],[16,164],[18,173],[20,180],[23,183],[24,184],[22,179],[20,168],[14,153],[8,147],[3,142],[-3,141],[-7,140],[-7,138],[-5,139],[-2,142],[1,147],[2,148],[1,145],[1,151],[-2,159],[-1,170],[-2,178],[1,179],[4,176],[10,169],[17,163],[21,157],[22,158],[21,160],[18,167]],[[94204,57085],[43,-138],[46,-141],[48,-144],[50,-145],[49,-148],[48,-149],[45,-152],[42,-152],[39,-151],[37,-148],[35,-143],[32,-136],[31,-128],[28,-121],[27,-115],[26,-107],[25,-105],[25,-109],[25,-115],[27,-124],[29,-132],[30,-137],[32,-138],[35,-135],[38,-133],[40,-129],[44,-125],[46,-120],[48,-113],[48,-107],[47,-101],[43,-94],[40,-89],[35,-84],[32,-81],[28,-83],[26,-84],[26,-90],[29,-100],[33,-113],[36,-129],[40,-142],[42,-151],[41,-157],[40,-157],[36,-153],[32,-145],[26,-139],[23,-132],[21,-132],[23,-135]],[[96021,50654],[71,47],[69,49],[67,50],[65,52],[63,54],[61,57],[59,59],[58,60],[56,61],[56,61],[56,61],[56,60],[58,57],[60,54],[62,51],[63,50],[64,52],[64,53],[64,54],[65,53],[66,52],[66,50],[68,48],[68,46],[69,42],[70,40],[71,37],[72,35],[72,34],[71,34],[72,35],[70,38],[71,37],[71,38],[69,39],[69,42],[67,45],[66,48],[63,51],[62,55],[61,58],[59,60],[59,63],[58,65],[59,66],[60,66],[60,68],[60,69],[60,71],[62,70],[61,72],[62,72],[63,74],[63,75],[64,77],[64,78],[65,81],[65,82],[66,84],[66,85]],[[99868,54031],[-6,170],[-6,165],[-7,162],[-7,154],[-6,148],[-4,139],[-3,134],[-1,136],[1,139],[3,142],[6,146],[9,149],[10,152],[10,156],[9,156],[7,158],[4,157],[0,156],[-5,153],[-6,142],[-8,134],[-9,127],[-10,124],[-10,123],[-10,125],[-9,130],[-9,135],[-8,142],[-8,151],[-6,160],[-7,170],[-7,180],[-6,188],[-7,193],[-6,197],[-5,196],[-5,196],[-3,192]],[[167042,49434],[15,-182],[17,-180],[17,-180],[17,-179],[18,-180],[16,-180],[16,-181],[15,-182],[13,-184],[12,-187],[11,-196],[11,-204],[11,-207],[12,-210],[11,-210],[13,-208],[13,-203],[13,-195],[15,-187],[16,-177],[17,-167],[17,-155],[19,-147],[18,-140],[19,-135],[20,-132],[19,-130],[20,-131],[20,-132],[20,-137],[21,-142],[20,-149],[21,-158],[20,-162],[18,-163],[18,-166],[17,-167],[15,-151]],[[167663,42958],[43,77],[56,167],[24,62],[21,88],[119,59],[51,-38],[34,0],[114,-60],[14,-8],[19,-5],[190,-90],[33,124],[21,139],[7,147],[9,145],[62,15],[59,49],[59,62],[59,57],[118,-47],[24,-26],[70,-38],[72,-11],[48,-28],[51,-15],[47,10],[47,49],[218,248],[18,0],[39,12],[32,42],[31,51],[31,52],[10,31],[153,173],[59,25],[56,55],[43,100],[48,96],[41,54],[40,67],[38,62],[41,49],[35,75],[21,82],[22,39],[28,31],[35,77],[36,31],[38,18],[31,54],[34,42],[265,585],[57,90],[17,19],[6,15],[213,335],[37,83],[39,46],[44,60],[41,36],[30,100],[15,114],[38,72],[32,85],[38,67],[34,70],[28,93],[32,80],[29,90],[20,101],[22,103],[28,90],[30,54],[37,31],[26,59],[23,80],[29,57],[26,75],[16,83],[21,74],[248,483],[8,7],[15,39],[69,134],[187,307],[41,119],[48,98],[22,108],[6,36],[44,111],[170,490],[155,631]],[[248568,51442],[14,-149],[10,-152],[8,-154],[8,-156],[7,-155],[9,-154],[10,-152],[14,-150],[16,-150],[19,-151],[23,-154],[25,-158],[25,-163],[25,-168],[24,-173],[25,-177],[23,-179],[24,-181],[25,-179],[27,-173],[29,-165],[30,-158],[32,-151],[32,-145],[36,-144],[38,-148],[40,-153],[41,-159],[41,-167],[42,-173],[40,-178],[40,-182],[38,-183],[37,-180],[35,-174],[31,-169],[27,-159],[20,-152],[15,-149],[10,-145],[7,-142],[4,-138],[3,-135],[3,-132],[3,-131],[3,-130],[5,-130],[6,-130],[8,-133],[9,-136],[6,-56]],[[249640,43587],[195,20],[38,5],[37,39],[34,39],[36,36],[42,-36],[41,2],[45,-2],[40,20],[155,-100],[23,-36],[63,-24],[42,21],[28,41],[89,78],[11,10],[149,-426],[104,209],[72,-23],[36,-23],[52,-18],[54,-8],[132,116],[14,0],[48,54],[65,0],[62,-12],[64,-13],[63,31],[18,-147],[34,-127],[46,44],[45,18],[32,96],[42,61],[192,42],[40,31],[34,54],[14,36],[56,75],[18,170],[165,325],[18,113],[17,109],[9,124],[4,123],[41,104],[28,121],[15,137],[10,139],[204,369],[38,-16],[38,-2],[38,20],[38,16],[39,7],[39,-2],[37,36],[35,46],[43,18],[46,13],[34,70],[40,52],[45,98],[40,113],[46,44],[56,-31],[59,10],[55,42],[51,54],[45,90],[53,49],[42,93],[50,62],[146,243]],[[99868,54031],[62,-97],[59,-99],[57,-99],[54,-98],[52,-95],[53,-93],[53,-88],[52,-84],[53,-79],[52,-77],[53,-78],[52,-80],[53,-84],[54,-86],[53,-90],[52,-88],[49,-82],[47,-74],[46,-67],[45,-59],[44,-53],[44,-50],[44,-49],[45,-53],[46,-61],[47,-72],[50,-88],[50,-100],[51,-109],[52,-117],[52,-120],[51,-124],[52,-124],[53,-122],[52,-120],[52,-117],[52,-112],[51,-108],[53,-110],[54,-111],[57,-112],[59,-113],[61,-114],[64,-114],[65,-115],[66,-115],[67,-116],[66,-117],[64,-119],[14,-23]],[[102497,49356],[18,202],[150,124],[-11,425],[79,24],[-16,466],[81,83],[76,487],[-76,276],[139,37],[192,-114],[195,46],[117,-64],[-170,-1034],[-171,-222],[-49,-323],[-159,-239],[-4,-454],[-83,-211]],[[102805,48865],[7,-11],[67,-106]],[[102879,48748],[32,62],[370,959],[341,1269],[235,1404],[287,1068],[309,874],[347,611],[106,85],[137,849],[79,779],[-70,464],[0,359],[65,1006],[-48,539],[-46,119],[32,724],[-136,178],[188,323],[0,141]],[[161710,49418],[9,-69],[7,-44],[16,-44],[39,-160],[157,-441],[18,-90],[38,-72],[30,-85],[83,-498],[-3,-106],[0,-103],[3,-106],[4,-100],[10,-104],[10,-98],[19,-98],[17,-87],[-8,-509],[-25,-67],[-17,-80],[-8,-92],[-3,-93],[-88,-160],[-37,-41],[-35,-88],[-103,165],[-28,-62],[-24,-75],[-20,-69],[-23,-73],[47,-467],[34,-95],[27,-103],[44,-67],[39,-75],[12,-88],[10,-41],[14,-88],[4,-31],[18,-82],[27,-93],[30,-93],[44,-28],[39,-67],[47,-212],[3,-23],[16,-129],[33,-103],[43,-449],[-137,-276],[19,-83],[30,-67],[33,-38],[29,-70],[95,152],[46,0],[33,-28],[40,5],[40,23],[97,-165],[-21,-106],[-3,-123],[-7,-119],[-11,-121],[244,46],[42,-72],[49,-26],[47,-20],[45,-34],[78,-408],[43,-121],[56,-80],[48,-116],[60,-57],[48,-20],[46,-3],[47,36],[44,49],[36,-87],[48,-39],[214,286],[37,54],[33,70],[41,31],[42,15],[22,93],[30,75],[34,65],[29,77],[126,70],[12,-6],[51,-18],[47,18],[47,37],[46,28],[40,72],[262,-126],[71,44],[36,10],[56,15],[51,73],[39,-21],[38,-46],[42,-3],[42,-15],[90,67],[33,5],[39,41],[22,206],[43,6],[41,31],[30,43],[48,39],[36,67],[39,54],[34,67],[27,98],[119,-18],[49,31],[48,54],[51,29],[45,51],[60,-98],[63,-49],[66,-7],[69,-36],[47,-44],[53,-26],[49,10],[51,21],[34,2],[31,-5],[38,-18],[52,-18],[49,16],[16,211],[173,72],[59,-13],[57,24],[58,10],[56,-3],[58,-18],[56,-56],[56,-37],[49,-77],[362,-263],[58,-5],[56,-5],[59,28],[3,6]],[[271508,45490],[69,-66],[69,-64],[69,-61],[70,-61],[71,-59],[70,-58],[71,-58],[71,-57],[70,-58],[71,-57],[71,-58],[70,-58],[70,-60],[70,-60],[70,-62],[69,-63],[69,-64],[68,-65],[68,-67],[67,-68],[67,-70],[67,-70],[66,-72],[66,-72],[66,-73],[65,-74],[64,-75],[63,-75],[63,-76],[61,-76],[61,-76],[60,-76],[59,-76],[58,-76],[57,-75],[57,-75],[57,-75],[56,-75],[56,-74],[56,-74],[56,-74],[57,-73],[57,-72],[59,-72],[59,-72],[60,-70],[62,-71],[63,-69],[64,-69],[66,-68],[67,-68],[69,-67],[69,-65],[72,-65],[72,-63],[71,-61]],[[275149,41682],[0,1],[6,85],[10,80],[11,80],[20,75],[6,85],[5,88],[-5,87],[6,83],[5,82],[-6,70],[2,101],[143,327],[20,18],[15,62],[31,75],[29,119],[6,38],[69,318],[6,95],[9,90],[5,91],[2,95],[0,34],[8,113],[5,41],[6,96],[3,93],[68,49],[173,730],[22,142],[16,147],[102,312],[2,5],[34,108],[43,29],[42,0],[40,46],[36,49],[142,106],[40,332],[32,44],[13,24],[198,322],[-7,428],[0,5],[-3,145],[36,95],[25,119],[3,131],[21,124],[73,132],[24,82],[30,62],[13,90],[12,91],[-1,100],[1,11],[51,260],[41,83],[35,103],[38,689],[31,126],[7,88],[54,309],[-84,418],[34,374],[10,49],[8,147],[24,88],[17,93],[8,98],[32,180]],[[244582,51364],[5,-42],[6,-87],[7,-91],[-4,-87],[12,-86],[12,-85],[20,-72],[22,-72],[10,-88],[11,-41],[32,-240],[3,-54],[15,-80],[25,-96],[28,-90],[27,-95],[33,-78],[87,-500],[0,-8],[4,-13],[27,-160],[25,-98],[4,-7],[165,-648],[1,-82],[8,-78],[-8,-82],[-1,-80],[12,-75],[8,-77],[33,-135],[3,-141],[2,-140],[1,-20],[5,-263],[-27,-114],[-8,-139],[3,-85],[5,-29],[31,-446],[0,-10],[7,-80],[-37,-31],[-3,-5],[-102,-91],[-2,-90],[13,-88],[9,-85],[9,-90],[34,-444],[-6,-144],[3,-80],[-3,-348],[-32,-73],[-23,-87],[-24,-88],[-4,-31],[-114,-389],[-129,-124],[-37,28],[-33,39],[-74,8],[-35,-29],[-15,-28],[-85,-88],[12,-874],[9,-101],[-6,-106],[25,-85],[12,-100],[66,-62],[69,-16],[66,-41],[70,8],[39,-85],[33,-98],[45,-49],[45,-67],[45,-60],[43,-72],[48,-33],[51,-26],[24,-88],[32,-80],[28,-82],[21,-93],[32,-75],[37,-59],[7,-16],[52,-142],[194,-103],[184,-273],[248,-70],[29,-10],[46,-26],[49,5],[232,75],[41,-13],[39,-8],[23,5],[57,-7],[36,-49],[36,-49],[42,-13],[40,-34],[68,52],[57,46],[371,127],[59,85],[70,25],[28,52],[21,72],[25,60],[25,56],[47,106],[30,137],[52,5],[47,41],[45,67],[48,39],[21,193],[173,245],[41,-18],[39,-12],[39,-29],[41,3],[58,-3],[57,-26],[56,44],[55,54],[24,73],[25,72],[29,62],[28,69],[8,96],[15,88],[13,90],[16,87],[3,11],[44,103],[51,85],[20,21],[37,33],[44,106],[45,16],[43,15],[39,49],[41,41],[42,-54],[44,-26],[46,-23],[43,-21],[46,34],[46,3],[46,-18],[46,12],[33,37],[24,38],[71,96],[311,31]],[[264826,39967],[11,162],[18,182],[28,190],[40,193],[49,201],[52,197],[52,185],[50,168],[48,151],[45,134],[45,126],[35,128],[30,130],[28,127],[30,119],[39,103],[52,84],[67,63],[76,40],[80,28],[80,27],[79,35],[73,50],[66,67],[58,85],[46,98],[37,108],[31,116],[28,122],[27,125],[29,126],[36,126],[35,137],[29,151],[29,159],[33,158],[40,153],[46,143],[50,133],[51,123],[46,117],[40,118],[34,123],[29,128],[28,129]],[[260923,46632],[8,-25],[14,-31],[27,-72],[11,-39],[30,-69],[-3,-310],[-94,21],[-33,15],[-40,5],[26,-87],[35,-67],[20,-101],[11,-108],[12,-106],[12,-103],[12,-106],[10,-106],[35,-196],[70,8],[71,10],[187,-157],[30,-78],[24,-85],[35,-64],[39,-47],[5,-123],[0,-42],[4,-15],[23,-441],[35,-72],[28,-98],[37,-65],[32,-88],[40,-56],[39,-52],[36,-77],[42,-49],[26,-119],[35,-111],[4,-80],[2,-80],[10,-77],[8,-80],[29,-124],[22,-165],[68,-957],[104,-253],[6,-23],[40,-85],[58,10],[57,29],[235,-258],[-9,87],[-20,75],[-15,41],[-88,413],[16,90],[3,11],[44,255],[164,178],[33,88],[20,113],[38,83],[24,111],[16,116],[4,38],[71,279],[63,46],[51,91],[50,100],[37,134],[36,29],[10,18],[52,54],[38,21],[67,59],[71,36],[33,28],[33,39],[71,44],[26,65],[26,64],[23,46],[42,42],[131,575],[17,137],[36,118],[1,145],[10,144],[304,609],[3,49],[14,-10],[33,61],[31,62],[14,-144],[12,-80],[19,-75],[-2,-90],[4,-85],[45,-114],[9,-80],[18,-69],[-52,-57],[-22,-54],[-123,-181],[19,-111],[5,-41],[11,-75],[11,-77],[33,-132],[11,-77],[14,-72],[-3,-98],[1,-98],[-133,-171],[-37,-92],[-39,-93],[-40,-91],[-30,-108],[-4,-10],[-24,-96],[-13,-108],[4,-114],[-5,-113],[-46,-90],[-38,-109],[29,-209],[-17,-291],[-3,-15],[-5,-104],[44,-369],[-12,-79],[-14,-78],[1,-85],[-3,-88],[-7,-80],[-9,-80],[0,-41],[-11,-124],[-45,3],[-47,5],[-30,26],[-33,-18],[-79,8],[-7,5],[-7,-3],[-51,5],[-20,13],[-39,-5],[-31,-90],[-15,-109],[4,-118],[-15,-111],[-109,-330],[101,-78],[50,-2],[41,49],[94,44],[42,54],[41,41],[42,41],[35,62],[37,59],[58,-43],[55,-49],[48,7],[69,-36],[39,121],[25,140],[32,100],[20,119],[7,129],[2,59],[18,111],[19,62],[16,124],[21,113],[6,129],[18,457],[92,235],[23,87],[9,98],[-5,104],[6,105],[63,-211],[30,-103],[32,-106],[29,-255],[14,-75],[20,-65],[14,-77],[14,-72],[23,-62],[15,-72],[56,-101],[41,-72],[40,-65],[-26,-142],[-17,-152],[18,-397],[-66,-645],[-123,-206],[-9,-11],[-37,-46],[-34,-49],[-33,-54],[-26,-75],[47,-248],[302,52],[134,173],[1,0],[47,62],[1,-1]],[[262936,39158],[4,-5],[29,-111],[43,-67],[20,-21],[60,-132],[53,24],[3,2],[91,36],[13,3],[52,13],[56,8],[53,28],[45,44],[59,26],[48,-78],[51,-80],[56,-31],[58,-33],[252,464],[61,-33],[64,-26],[18,-5],[105,-44],[71,222],[-190,193],[-207,5],[-74,0],[36,307],[-230,-5],[-62,-16],[-63,-12],[-54,-86],[-58,-72],[-67,-20],[-70,20],[-65,-46],[-63,-72],[-65,7],[-58,-62],[-31,-67],[-18,-90],[-7,-98],[-19,-90]],[[90681,44206],[74,-23],[71,-28],[68,-32],[67,-35],[65,-38],[64,-38],[63,-40],[62,-39],[62,-38],[62,-36],[64,-33],[63,-30],[65,-28],[67,-30],[67,-31],[68,-33]],[[91733,43674],[68,55],[69,57],[69,59],[69,60],[68,62],[67,63],[66,63],[65,65],[63,66],[61,67],[60,67],[58,68],[57,69],[55,70],[54,72],[54,73],[52,75],[52,76],[51,78],[51,79],[50,81],[51,81],[50,82],[51,83],[52,82],[51,82],[53,81],[53,79],[55,78],[55,75],[57,72],[58,69],[60,66],[62,66],[64,64],[65,64],[67,63],[68,62],[69,60],[69,58],[70,57],[70,54],[69,53],[70,51],[68,50],[68,49],[67,49],[66,49],[66,51],[64,53],[65,56],[65,61],[65,65],[65,67],[64,68],[65,69],[66,72],[65,73],[65,75],[65,76],[65,77],[66,77],[66,76]],[[95627,47894],[26,159],[26,163],[25,168],[24,170],[23,174],[22,175],[20,175],[19,175],[20,173],[19,168],[19,163],[21,159],[23,155],[24,151],[27,147],[27,144],[29,141]],[[90212,56920],[-3,-154],[-4,-156],[-2,-160],[-1,-164],[1,-168],[3,-171],[4,-172],[4,-172],[4,-168],[3,-163],[1,-157],[1,-153],[1,-150],[1,-150],[2,-148],[1,-145],[-2,-140],[-4,-135],[-8,-128],[-10,-123],[-12,-120],[-14,-117],[-12,-120],[-10,-125],[-7,-131],[-4,-132],[-1,-133],[3,-134],[5,-137],[8,-140],[8,-142],[9,-142],[9,-142],[8,-142],[9,-142],[7,-144],[7,-150],[8,-159],[8,-167],[10,-177],[10,-183],[10,-189],[11,-192],[11,-194],[11,-193],[10,-188],[9,-180],[7,-170],[6,-157],[7,-145],[8,-136],[7,-128],[7,-124],[6,-122],[6,-122],[4,-125],[4,-129],[4,-135],[3,-144],[5,-153],[7,-163],[9,-167],[10,-170],[13,-173],[13,-174],[15,-175],[15,-174],[16,-172],[14,-167],[12,-160],[9,-152],[7,-146],[8,-146],[9,-152],[12,-156],[13,-159],[16,-162],[17,-162],[17,-162],[18,-162],[17,-161],[14,-159],[11,-158]],[[85478,45427],[9,-8],[54,-46],[54,-43],[53,-37],[56,-35],[58,-34],[62,-34],[64,-31],[66,-29],[68,-26],[68,-25],[69,-23],[69,-22],[67,-24],[66,-28],[64,-31],[65,-35],[67,-40],[67,-45],[68,-50],[70,-54],[69,-58],[70,-60],[69,-60],[71,-56],[71,-50],[72,-50],[74,-53],[75,-55],[76,-56],[76,-56],[77,-55],[76,-52],[75,-51],[75,-47],[73,-44],[71,-41],[67,-36],[65,-33],[62,-30],[60,-27],[59,-27],[59,-25],[59,-26],[62,-26],[63,-28],[67,-31],[70,-33],[74,-35],[76,-38],[79,-39],[81,-39],[82,-38],[82,-37],[82,-35],[82,-33],[80,-30],[78,-27],[77,-24],[76,-17],[77,-10],[76,-5]],[[89727,43154],[74,78],[73,79],[74,82],[75,82],[75,84],[74,83],[75,84],[74,83],[74,83],[73,80],[72,79],[71,78],[70,77]],[[86070,58346],[-47,-111],[43,-1019],[-115,-82],[-83,-612],[-31,-913],[-117,-485],[10,-196],[-188,-575],[33,-598],[99,-155],[56,-289],[-21,-237],[41,-836],[-106,-178],[18,-343],[-116,-284],[-104,57],[-59,-792],[46,-784],[-15,-384],[132,-1362],[-25,-914],[123,-379],[-55,-353],[18,-237],[-103,-790],[-26,-68]],[[264826,39967],[55,-43],[59,-10],[67,325],[61,25],[61,16],[54,80],[50,87],[128,-322],[-52,-13],[-6,-5],[-88,-28],[-7,2],[-52,-28],[-78,-232],[39,-109],[33,-113],[38,-116],[47,-90],[46,-86],[55,-49],[56,-38],[56,-34],[321,-1578],[-5,-80],[2,-80],[3,-80],[7,-78],[-18,-75],[-1,-15],[-49,-201],[-51,-34],[-44,-80],[99,-381],[-40,-116],[69,-217],[6,-44],[20,-95],[21,-96],[29,-80],[29,-80],[36,-57],[112,-69],[13,-116],[17,-114],[29,-93],[24,-105],[34,-85],[34,-78],[28,-100],[28,-98],[300,-416],[55,5],[54,6],[55,2],[53,10],[34,-54],[37,-23],[34,-41],[38,-29],[32,-67],[29,-74],[31,-70],[28,-80],[37,-59],[17,-13],[85,-176],[139,-38],[33,113],[27,127],[58,-37],[59,11],[59,20],[57,6],[237,-271],[149,90],[218,-235],[33,-64],[8,-8],[94,-157],[95,-57],[11,-10],[51,-52],[54,-3],[38,-72],[37,-77],[23,-26],[60,-108],[59,-78],[51,-13],[141,-110],[40,49],[40,61],[30,88],[36,78],[59,18],[55,67],[48,123],[56,68],[33,139],[44,118],[40,34],[39,36],[36,49],[35,49],[39,44],[36,49],[29,80],[37,49],[5,8],[67,13],[42,-13],[37,25],[68,11],[33,131],[28,134],[-174,178],[68,39],[63,72],[53,101],[3,5]],[[269936,34636],[-8,102],[-8,130],[-6,135],[-7,141],[-8,147],[-7,152],[-6,155],[-2,159],[10,164],[22,167],[29,168],[29,171],[23,177],[15,185],[5,186],[-1,180],[-4,173],[-4,175],[0,175],[3,176],[5,170],[6,162],[5,157],[5,153],[6,143],[7,139],[10,146],[9,165],[9,185],[8,203],[4,213],[0,213],[-6,196],[-11,165],[-13,145],[-15,141],[-17,149],[-16,167],[-16,188],[-12,203],[-8,208],[-8,193],[-11,170],[-15,149],[-16,132],[-15,119],[-12,115],[-7,120],[-3,130],[0,144],[2,160],[1,170],[0,175],[-1,175],[-3,173],[-3,169]],[[269157,30643],[3,-129],[8,-129],[13,-111],[6,-116],[19,-111],[33,-82],[162,209],[-2,149],[-5,150],[-7,266],[0,25],[6,150],[-15,144],[-50,-38],[-50,-5],[-47,-47],[-41,-75],[-9,-134],[-24,-116]],[[95627,47894],[37,-123],[38,-117],[38,-113],[39,-106],[40,-102],[42,-97],[45,-93],[48,-89],[52,-87],[53,-84],[55,-83],[56,-83],[56,-85],[55,-88],[54,-94],[51,-100],[47,-108],[43,-114],[40,-119],[38,-123],[39,-130],[42,-137],[45,-145],[50,-153],[16,-48]],[[96746,45273],[3,68],[204,51],[-73,1130],[26,178],[5,-96],[64,-701],[62,-209],[-114,-431],[-144,-86]],[[96779,45177],[5,-15],[58,-163],[61,-166],[63,-166],[61,-168],[60,-170],[57,-169],[54,-167],[51,-165],[50,-162],[48,-156],[46,-150],[46,-142],[45,-135],[44,-131],[44,-130],[44,-134],[44,-142],[45,-153],[15,-54]],[[97720,42339],[66,7],[318,-549],[365,-209],[45,-251],[233,52],[209,242],[361,-61],[90,-220],[156,47],[118,-191],[349,356],[332,299],[151,389],[173,215],[46,430],[146,294],[55,490],[89,217],[86,124],[11,23],[368,753],[46,119],[132,364],[125,657],[82,658],[99,472],[113,222],[-118,271],[82,253],[-72,209],[214,634],[65,534],[236,101],[6,66]],[[102805,48865],[-50,-127],[-82,46],[-199,-606],[-219,-222],[-133,39],[41,-544],[150,376],[258,335],[308,586]],[[91733,43674],[34,-133],[33,-135],[31,-139],[27,-143],[25,-148],[22,-151],[21,-153],[20,-149],[22,-150],[23,-157],[26,-162],[28,-166],[29,-170],[27,-172],[26,-173],[23,-171],[21,-169],[19,-166],[19,-161],[20,-155],[21,-146],[22,-137],[25,-126],[28,-119],[32,-113],[34,-109],[37,-104],[38,-100],[38,-102],[40,-105],[41,-111],[43,-111],[43,-111],[46,-114],[47,-120],[49,-129],[50,-135],[50,-141],[50,-144],[50,-143],[50,-146],[50,-146],[50,-147],[48,-147],[48,-146],[46,-143],[47,-139],[47,-134],[46,-131],[47,-128],[45,-128],[45,-130],[43,-134],[41,-141],[37,-142],[34,-141],[31,-140],[32,-138],[33,-135],[36,-131],[38,-128],[40,-126],[42,-124],[41,-125],[38,-127],[37,-134],[33,-144],[32,-149],[31,-152],[30,-153],[28,-149],[28,-145],[26,-137],[26,-130],[27,-122],[28,-114],[32,-114],[37,-117],[43,-122],[46,-125],[51,-129],[48,-124]],[[94651,32474],[814,300],[698,307],[203,152],[575,426],[483,606],[71,611],[166,498],[221,495],[140,557],[168,506],[17,175],[-24,988],[-191,72],[-276,426],[-99,392],[6,567],[182,537],[-89,516],[-237,503],[-296,392],[-242,186],[-139,201],[-110,-261],[-82,134],[62,423],[-35,181],[117,552],[-65,397],[-83,702],[16,508],[106,322],[18,428]],[[96779,45177],[-16,-9],[-16,-586],[-40,-232],[17,-766],[182,-606],[106,-75],[218,-614],[490,50]],[[269936,34636],[54,96],[42,25],[36,-10],[38,28],[35,44],[110,-333],[6,-234],[-28,-83],[-36,-59],[-31,-75],[-24,-95],[-13,-109],[-10,-87],[-56,-196],[118,-21],[232,567],[75,-38],[77,10],[17,-77],[7,-26],[47,-204],[-110,-124],[8,-116],[6,-124],[107,-237],[204,26],[20,-137],[4,-18],[38,-222],[1,-28],[26,-132],[39,21],[40,36],[33,65],[40,43],[40,-54],[9,-5],[116,-137],[-5,117],[-5,110],[-7,55],[-10,172],[135,-82],[138,75],[10,-3],[53,13],[42,44],[15,8],[42,10],[48,33],[51,34],[311,650],[20,33],[31,50],[25,64],[28,59],[25,65],[43,82],[2,0],[119,225],[278,348],[44,8],[43,26],[45,-6],[43,3],[39,57],[42,31],[41,43],[39,47],[43,-23],[91,0],[44,-31],[43,0],[45,-11],[44,21],[43,44],[186,75],[306,2],[38,-33],[57,31],[60,5],[159,186],[36,110],[22,39],[29,75],[16,95],[158,98],[5,122],[-8,121],[-9,121],[-6,124],[57,142],[-60,376],[-1,24],[-11,80],[-12,80],[-14,77],[90,524],[19,61],[7,86],[21,118],[67,542],[-17,361],[17,101],[18,103],[-1,113],[0,109],[35,100],[31,111],[32,101],[20,126],[34,103],[19,124],[20,121],[17,127],[124,709],[50,59],[127,18],[-22,73],[-29,49],[27,54],[17,75],[12,80],[9,80],[2,149],[-25,132],[71,165],[18,71]],[[269820,28066],[272,-1547],[20,-93],[28,-77],[32,-73],[28,-72],[29,-77],[29,-73],[33,-67],[39,-36],[9,-121],[0,-131],[19,-122],[33,-100],[-64,-137],[10,-144],[0,-52],[6,-28],[37,-534],[75,-114],[138,-673],[60,-13],[24,-93],[30,-85],[32,-80],[24,-95],[30,-83],[32,-80],[34,-75],[41,-51],[132,-142],[-6,-88],[-11,-88],[9,-79],[11,-88],[48,-60],[48,-51],[54,-8],[52,-13],[54,16],[52,-16],[54,-10],[51,31],[103,-129],[21,-36],[42,-47],[188,42],[10,123],[-4,127],[41,98],[32,111],[3,20],[64,199],[132,98],[0,304],[30,96],[32,90],[8,121],[20,111],[53,26],[52,28],[43,96],[46,72],[60,-46],[45,-62],[54,-57],[58,-10],[8,-155],[29,-134],[-50,-16],[-50,-18],[-20,-15],[-81,-36],[22,-109],[38,-77],[5,-13],[55,-175],[46,7],[42,-20],[35,38],[53,8],[-12,204],[0,163],[-16,116],[34,221],[-97,191],[82,552],[4,26],[11,85],[-2,109],[10,108],[-13,98],[-11,106],[16,87],[1,8],[35,163],[0,2],[28,72],[9,96],[19,88],[8,72],[22,105],[156,189],[-57,253],[29,273],[9,39],[8,105],[-22,240],[1,18],[-11,85],[46,284],[-35,222],[-2,57],[-19,87],[56,325],[-106,354],[-42,85],[-47,67],[-52,31],[-50,46],[-40,-77],[-10,-44],[-90,-216],[-48,36],[-20,-3],[-125,62],[-127,-351],[-137,147],[-54,-51],[-47,-96],[-61,54],[-67,18],[-343,-278],[-38,-21],[-63,-57],[-61,-59],[-181,23],[-362,297],[-32,103],[-35,90],[-40,26],[-38,47],[-24,-6],[-95,62],[-28,75],[-38,49],[-37,41],[-40,24],[-38,33],[-38,23],[-42,3],[-79,18],[-81,13],[-252,85],[0,-101],[1,-18],[5,-278],[-43,-116],[-35,-127]],[[272591,30623],[6,-104],[6,-98],[16,-92],[15,-93],[28,-75],[18,-90],[28,-70],[19,-88],[54,-232],[50,10],[51,-33],[47,46],[49,21],[-6,601],[-56,52],[-57,0],[-184,492],[-53,-103],[-19,-72],[-12,-72]],[[83718,30093],[17,7],[78,30],[80,25],[81,23],[82,21],[83,20],[85,21],[86,22],[87,22],[89,24],[89,25],[89,27],[89,28],[89,30],[88,32],[88,34],[86,36],[83,36],[80,34],[79,34],[76,32],[75,32],[74,32],[74,31],[74,31],[75,32],[76,32],[77,33],[80,34],[82,36],[86,37],[86,36],[86,31],[85,29],[85,28],[85,25],[83,25],[83,25],[82,25],[81,26],[79,26],[79,28],[77,28],[76,28],[74,30],[74,32],[72,33],[73,33],[73,33],[72,30],[73,29],[72,26],[73,23],[72,21],[73,18],[71,16],[71,14],[70,14],[68,14]],[[88343,31712],[37,129],[35,137],[29,146],[24,157],[19,168],[14,175],[13,173],[11,172],[13,169],[14,165],[17,162],[19,159],[22,156],[25,155],[25,155],[25,156],[24,161],[21,168],[20,177],[18,185],[18,192],[16,197],[17,200],[16,199],[15,196],[16,190],[18,181],[19,171],[20,159],[21,147],[18,142],[16,140],[14,140],[12,140],[12,143],[11,146],[13,150],[13,152],[14,156],[17,156],[18,157],[22,153],[22,150],[23,146],[21,142],[20,136],[19,133],[17,129],[16,129],[15,128],[15,131],[14,135],[15,141],[15,148],[14,153],[13,155],[11,156],[10,156],[12,157],[12,156],[14,154],[15,154],[18,151],[19,150],[21,148],[21,148],[23,146],[26,144],[27,143],[28,141],[28,139],[27,137],[27,137],[25,137]],[[85478,45427],[-104,-280],[68,-738],[-38,-479],[-101,-129],[-55,-330],[-133,-506],[-29,-1086],[-35,-222],[-73,-268],[-37,-498],[-113,-201],[-142,-619],[-98,-168],[38,-534],[-149,-304],[-19,-217],[-31,-562],[-53,-273],[-79,-194],[-15,-410],[-129,-54],[-15,-738],[-88,-304],[-162,-42],[-118,160],[-54,-443],[59,-318],[-57,-446],[138,-480],[35,-348],[-49,-841],[205,-1297],[27,-681],[10,-224],[-139,-449],[5,-238],[-243,-307],[13,-266]],[[288461,17197],[253,-511],[548,-75],[45,238],[203,-91],[132,-448],[307,77],[130,-395],[192,-160],[216,109],[165,-253],[134,137],[25,-96],[532,426],[13,185],[315,503],[88,356],[391,261],[-84,397],[179,599],[63,557],[167,423],[32,320],[-12,526],[127,632],[174,253],[434,453],[257,191],[121,318],[316,-382],[195,157],[-37,374],[-219,96],[-61,433],[62,537],[407,459],[235,1006],[282,546],[165,589],[176,469],[-202,725],[90,438],[87,230],[-36,258],[-171,44],[-73,-158],[-291,-10],[-343,-565],[-124,361],[19,573],[-178,90],[-148,245],[35,397],[-68,86],[-350,-578],[-109,-240],[14,-800],[-41,-356],[-150,-412],[-347,-496],[-134,-696],[-26,-307],[-149,-642],[-368,-797],[-154,-119],[-241,-500],[-106,-39],[-177,-297],[-144,-379],[-458,-415],[-383,-557],[-88,95],[-198,-137],[-234,-541],[-328,-717],[-282,-516],[-181,-243],[-278,-706],[-149,-560],[79,-405],[-268,-178],[-15,-392]],[[293810,42369],[53,-253],[290,-822],[52,-276],[-90,-356],[645,-1837],[144,-459],[49,-274],[148,274],[218,90],[-103,-198],[64,-568],[-93,-106],[113,-833],[182,173],[111,-15],[36,-292],[-142,-219],[-33,-261],[156,-1029],[-123,-763],[0,-367],[-54,-392],[-25,-531],[-19,-235],[-198,-353],[-123,10],[-312,-340],[-65,-168],[5,-402],[172,-320],[289,-160],[213,-464],[171,-83],[169,-116],[160,-369],[72,-554],[-86,-720],[70,-181],[220,98],[269,-142],[253,176],[214,-3],[170,454],[76,65],[62,351],[109,252],[181,926],[-113,658],[130,544],[276,271],[314,0],[94,-456],[113,348],[-70,364],[122,536],[194,382],[69,492],[-38,106],[21,583],[178,619],[-241,330],[-166,21],[-296,-263],[-155,-529],[-101,-129],[-250,-98],[-158,206],[-201,106],[-172,248],[-246,222],[-190,75],[-42,564],[-45,300],[-19,665],[-80,307],[-243,281],[17,-663],[58,-549],[-193,5],[-31,439],[-71,149],[-367,250],[-81,503],[28,769],[-82,250],[-134,302],[65,309],[-55,274],[51,278],[-204,663],[-165,-67],[-217,684],[-184,80],[-157,-44],[-304,395],[-61,446],[-121,142],[90,263],[-237,-39]],[[88343,31712],[34,-82],[32,-78],[32,-79],[33,-87],[35,-95],[38,-105],[40,-112],[44,-116],[45,-116],[47,-110],[49,-98],[52,-86],[58,-79],[61,-76],[66,-77],[70,-82],[73,-89],[74,-98],[74,-106],[75,-114],[73,-121],[70,-125],[67,-126],[63,-123],[62,-117],[59,-111],[59,-104],[59,-97],[61,-93],[65,-89],[68,-76],[68,-64],[68,-55],[70,-50],[69,-50],[71,-54],[70,-62],[69,-72],[68,-84],[64,-97],[60,-107],[60,-114],[60,-119],[62,-124],[64,-125],[15,-28]],[[91019,27440],[-58,598],[44,379],[142,276],[152,-214],[518,-441],[92,26],[240,-341],[577,0],[255,256],[57,0],[338,356],[77,549],[-146,353],[-54,369],[96,178],[50,741],[127,15],[96,892],[-131,127],[-95,276],[-40,358],[74,320],[-87,348],[185,-28],[113,-286],[433,-142],[558,62],[19,7]],[[92089,25698],[13,-18],[76,-108],[53,-78]],[[92231,25494],[-18,88],[-93,150],[-31,-34]],[[83918,18818],[30,-13],[92,-41],[92,-40],[93,-39],[93,-37],[91,-35],[88,-34],[84,-38],[80,-39],[78,-42],[77,-42],[77,-42],[79,-42],[81,-40],[84,-38],[88,-36],[93,-34],[97,-30],[101,-23],[102,-14],[103,-9],[104,-5],[103,-3],[102,-2],[100,-4],[98,-7],[95,-12],[92,-18],[89,-26],[84,-29],[80,-32],[77,-33],[75,-31],[74,-28],[73,-25],[74,-19],[75,-16],[75,-10],[78,-5],[80,0],[84,2],[87,4],[90,3],[91,4],[93,5],[93,4],[92,4],[92,5],[89,5],[88,6],[83,7],[82,4],[80,-3],[80,-10],[80,-15],[80,-20],[81,-24],[80,-26],[81,-27],[81,-27],[44,-13]],[[89100,17693],[21,321],[225,571],[165,255],[294,46],[53,292],[218,162],[517,-56],[28,283],[-131,57],[33,346],[307,441],[91,314],[-81,367],[80,351],[-89,459],[-13,340],[259,648],[0,167],[226,330],[275,163],[-58,291],[-412,333],[39,284],[291,302],[244,-52],[93,-250],[-33,-209],[129,-289],[315,134],[95,155],[32,348],[-10,542],[-72,355]],[[92089,25698],[-263,-283],[77,-127],[-48,-350],[-377,-3],[29,405],[-276,111],[-123,291],[-49,114],[45,472],[9,531],[-59,225],[-35,356]],[[83718,30093],[5,-92],[-76,-351],[-28,-366],[46,-222],[-95,-271],[-93,-676],[127,-1284],[89,-67],[30,-354],[123,-98],[264,31],[126,191],[-48,238],[129,232],[179,-142],[96,-379],[-185,-408],[103,-224],[213,-109],[-112,-276],[-160,-113],[108,-568],[-125,0],[-27,-258],[13,-472],[68,-371],[-144,-188],[20,-305],[-155,-175],[-21,-315],[118,-353],[-64,-230],[58,-85],[-251,-756],[508,-830],[-35,-573],[-71,-31],[-263,-394],[-196,-21],[36,-395],[-110,-215]],[[83918,18818],[-26,-50],[120,-173],[-167,-258],[-51,-570],[19,-343],[-92,-214],[7,-472],[66,-251],[-141,-239],[-73,-336],[-138,29],[168,436],[24,278],[-364,949],[-425,-103],[-22,-304],[-210,-501],[-111,-2],[-363,-743],[-158,-181],[-8,-325],[138,-350],[171,103],[-77,552],[302,18],[55,-176],[288,-356],[27,202],[325,13],[134,-444],[130,-147],[-155,-361],[-160,10],[-166,-449],[-179,-614],[89,-141],[477,-8],[120,-152],[194,141],[96,-789],[-254,261],[-452,87],[-181,-49],[161,-387],[107,-61],[104,-573],[-164,-279],[66,-281],[123,54],[81,-92],[-108,61],[-97,-72],[-51,72],[-70,-239],[47,-318],[-22,-869],[179,-330],[-90,-243],[56,-975],[-277,-25],[-90,-238],[162,-126],[167,-482],[143,-607],[155,-141],[-260,-243],[103,-542],[299,-80],[51,-299],[-187,-90],[37,-462],[185,-340],[126,-614],[188,-256],[115,184],[28,309],[192,178],[389,165],[-54,-382],[-235,44],[-80,-263],[-165,-51],[-208,-300],[-207,24],[42,-545],[-132,-296],[352,-173],[-44,-864],[176,-57],[140,155],[-48,423],[183,175],[-5,305],[125,196],[202,-263],[77,263],[639,-88],[81,-170],[-317,-111],[-269,90],[-337,-397],[-39,196],[-308,-183],[63,-508],[-76,-207],[-181,-193],[572,-655],[53,562],[119,142],[31,420],[171,-227],[152,266],[320,304],[306,129],[-76,-443],[-174,-256],[-312,-265],[-382,15],[-143,-353],[143,-377],[193,-278],[349,-251],[352,-108],[217,255],[33,359],[-47,459],[35,351],[116,495],[5,377],[193,325],[225,74],[401,318],[147,-85],[161,317],[9,196],[210,193],[286,-219],[385,-93],[68,88],[-28,72],[-243,586],[-218,781],[-195,1468],[14,518],[64,380],[165,505],[380,294],[94,173],[217,67],[204,297],[87,369],[66,882],[-43,167],[126,627],[309,426],[71,314],[394,524],[158,70],[140,332],[281,411],[104,250],[0,449],[94,492],[-6,679],[-198,304],[-197,-62],[-355,83],[-139,103],[-292,652],[-250,300],[-102,368],[-67,524],[37,348],[189,483],[3,47]]],"bbox":[-171.85376388303592,-53.87348228144372,180.0000000000001,83.75093825281763],"transform":{"scale":[0.0011728497891094172,0.00045874959761286327],"translate":[-171.85376388303592,-53.87348228144372]}}